x1,x2,y
-0.6269024037790201,-0.13204558747767478,-1.0
0.6338621548537521,-0.3351919181455021,1.0
1.5441656709510743,-0.29462223822325695,1.0
-0.3640877282566697,1.2325844890343043,-1.0
1.374939538420548,0.4801791092305656,-1.0
0.6996744365312512,0.14939222976618333,-1.0
0.15023443258221897,0.6742985142128008,1.0
-0.2332884078006567,0.8233915243449929,-1.0
-0.753663418284575,0.8207475469640356,-1.0
1.550243767289908,0.21983509520720657,1.0
0.9062398679554113,0.5501464333123732,-1.0
2.1672811676394423,0.7074879652434489,1.0
0.2036873308867015,0.9944402006132825,-1.0
0.3977534333428791,1.0095047922479419,-1.0
-0.9923578859474564,0.4266099939416994,-1.0
-0.6443456209336229,0.45195404476483825,-1.0
0.007896221043199671,0.19753995242826572,1.0
-0.5973825813538322,0.8173417310441,-1.0
-1.0494836136608494,0.26573674271409725,-1.0
1.3205304103541646,-0.2450064283715792,1.0
1.6120197407751438,0.07296518471913141,1.0
1.7084966657780762,0.30237040375543595,1.0
0.5260153627358662,0.9159346656529473,-1.0
1.1730206561868257,-0.0008894075116194777,1.0
0.8694996699648992,-0.05777432758906398,1.0
0.8707675215386974,0.45893580691179053,-1.0
-0.8744522351651629,0.8258370620713222,-1.0
0.26118276538545854,0.6578745603677585,-1.0
0.7693694041368038,0.5917171732637884,-1.0
0.6342389823244539,0.40188082642650647,-1.0
0.913083838038726,-0.46892572643995273,1.0
0.7132445067302698,-0.04346629907462629,1.0
-0.9613124914029385,0.06599930860174519,-1.0
0.5317717164291458,0.6062875691517116,-1.0
0.0627101325281415,-0.24106065143152366,1.0
0.5933212969156894,0.5583858875874307,-1.0
-0.0027677891492869228,0.6545775533420413,-1.0
0.7054153191501541,-0.6519433130703653,1.0
-0.2321396191062432,0.27072910428878794,1.0
-0.638430663680215,1.094153657961282,-1.0
0.5765324694433707,-0.35693760800798874,1.0
-0.24847713358003096,0.5605599689828706,-1.0
0.43845222333969247,0.7976595098009833,-1.0
1.9779449695732727,0.029811556827054907,1.0
2.102657688273514,-0.013011383651890022,1.0
1.5761446189248338,-0.5334769178981409,1.0
0.253487556999755,1.4744643629707541,-1.0
1.376169597825442,-0.1938895589572649,1.0
0.8938045835655795,-0.2683836320915809,1.0
0.8875511315935846,-0.3695115934305586,1.0
0.8279206108493589,-0.8619372850729929,1.0
1.6045228272188774,-0.1490725395070083,1.0
-0.19092830805047864,0.15482571407050266,1.0
0.20367372068509534,1.041663339905278,-1.0
-0.8422764725146361,0.8730583892842814,-1.0
0.45688645914024206,0.042263575786864405,1.0
-0.0707487912945616,1.5204343828731115,-1.0
0.19536689534397828,0.6828322170220996,-1.0
1.0109736730953611,-0.7738289877718332,1.0
1.7220758056286922,-0.02823545546760184,1.0
-0.7206281075719219,0.33355935017326277,-1.0
1.5011183858239692,0.02502310992562999,1.0
0.72770741351533,-0.5234740400328338,1.0
0.7133054870223188,-0.7271968689871054,1.0
2.00883536241643,-0.3319032111168019,1.0
-0.07348331652622139,0.47563324757818537,1.0
1.0979059751414728,-0.13530615858834533,1.0
-1.092391291786533,-0.17117766828708472,-1.0
1.2311830534357335,0.3649735718890048,-1.0
0.04252446490099321,1.0679974892021122,-1.0
0.06260117617445682,-0.29027163987590343,1.0
1.4706422920085396,-0.43412635425523854,1.0
-1.1905860092169596,0.3747408931333228,-1.0
0.10216591918073908,0.9516596908209887,-1.0
0.563931385791484,-0.057522725040735925,1.0
1.1534083041179386,-0.3488395210220534,1.0
-0.20387710643585766,0.3980516942008271,1.0
-0.13475404576315111,0.2894194636217453,1.0
1.7239352294931745,-0.2381151242564387,1.0
0.8818326026883507,0.3299812180872812,-1.0
-0.8961809367354554,0.038228635182137816,-1.0
0.3611896803293889,-0.7949662798101786,1.0
1.001202360938985,0.8081239493798436,-1.0
1.0199347540705754,0.42337729197274065,-1.0
0.48878738635290164,1.0775822956519847,-1.0
-0.21399105124993506,0.9249359194406895,-1.0
0.05708374099046232,-0.1312996167840232,1.0
0.9940712772919118,0.6048328741539617,-1.0
-0.008682206425917202,0.6173383475963787,-1.0
1.3430096987712816,-0.1750722022169356,1.0
-0.1547335471770217,1.180826538732111,-1.0
0.9022521551923923,-0.20139309523916293,1.0
2.31149776736737,0.4728710537398848,1.0
0.2114408653559373,0.35614071872135217,1.0
-0.10684751153481853,0.14782757427672277,1.0
1.2256495932744873,-0.5081204370115449,1.0
1.2838379562196967,-0.4882818461582552,1.0
1.2287509641956902,-0.7847376541688744,1.0
-0.02757257814941396,0.38894970827386877,1.0
-0.818682301532364,0.9189612212204922,-1.0
0.5694247713445997,0.6862472591488693,-1.0
-0.08778539692921727,0.7484704879549195,-1.0
1.7303416156103686,0.5592709300070278,1.0
0.494402090855438,0.6924499468115662,-1.0
0.650123619881591,-0.7302802480857149,1.0
1.0764244597622645,-0.6099034626334123,1.0
2.2638030130594737,0.5238746685185228,1.0
0.9765140832608142,-0.12710325177545906,-1.0
-0.044035550291667114,1.474254812457934,-1.0
-0.10489548245935904,0.7828342966371591,-1.0
0.9161493101445219,0.426296712558984,-1.0
0.8111782092983951,-0.5209811958483108,1.0
-1.1135351633197699,0.06456525264451075,-1.0
0.5249231227876725,1.0282038326931358,-1.0
-0.41580465080219176,0.5272183254920151,-1.0
-0.27147412566862916,0.8372296786966601,-1.0
-0.8177052941899412,1.1969383844763315,-1.0
0.08932677872233469,0.034254470313911656,1.0
0.9207034332845699,-0.3770362976974771,1.0
-0.8356161863832803,1.0101368223095504,-1.0
2.288260260206801,0.1380118483826805,1.0
1.9441985144934848,0.25025553646108983,1.0
0.16429292878643037,-0.31187051472310423,1.0
-0.17073493484248142,0.17968333825106728,1.0
0.4912055630990549,-0.20229112470777416,1.0
0.06715925901642628,0.7652808314731656,-1.0
1.4722730929150547,-0.1659968890919609,1.0
0.5256662354803403,1.017123754094384,-1.0
-0.34538282334005166,1.4016166196614215,-1.0
0.7382730724826674,0.19926392376413857,-1.0
-0.611026829447356,0.4848915983566458,-1.0
0.6800018421193124,-0.181767529032334,1.0
0.22660989553314492,0.0661117918565938,1.0
-0.17199893821464268,0.6919130521874184,1.0
0.4844109908327904,0.7132563850500935,-1.0
-0.9139787221919005,-0.16623736305437364,-1.0
-0.4467005729415555,1.044658191686065,-1.0
0.953011960547552,0.24305142845554234,-1.0
1.1550970280681678,0.3755733431033692,-1.0
0.7517517734315048,1.289312100488387,-1.0
2.0760147163910965,0.19494786923236498,1.0
0.07913958214553289,-0.17749310770378185,1.0
1.5658824163073,-0.4802020186573014,1.0
1.247565585173248,-0.5659358770864218,1.0
1.8298862596686234,0.8667924138818333,1.0
-0.6247568663899763,0.5562093208500585,-1.0
1.3747313745086385,-0.3300031861811161,1.0
-1.2137077124438183,-0.2090157107594326,-1.0
-0.2683478742629353,0.5097947243551679,-1.0
0.13693527693659177,-0.19289965869609757,1.0
-0.7158903485986744,0.5734051215857817,-1.0
0.21480987689768044,-0.4727802513997461,1.0
2.248412175373986,0.433841235476542,1.0
0.7704057495495311,-0.15180980944562347,1.0
0.9528354982574192,0.32489375125277536,-1.0
0.657774069134001,0.9087536435174917,-1.0
2.2183812422341487,0.616450991996585,1.0
0.5611664768546234,0.9514764365828032,-1.0
0.7850674998778431,-0.16638590137003423,1.0
1.8650202159885976,-0.25305751843518837,1.0
2.13006384585522,0.3889649534909632,1.0
1.7963693567638754,-0.1523325600218107,1.0
0.1737133482131885,0.018229509562880414,-1.0
-0.04215843270400757,0.3781932712842658,1.0
1.0971241443221103,-0.017255868448709882,-1.0
-0.9315453888786001,0.1424776487557189,-1.0
1.4156143094297764,-0.6766005789456617,1.0
-1.004531601813866,0.7055451491880818,-1.0
0.7481876110665062,0.3426538859553822,-1.0
0.2199577070464559,0.8479005475336826,-1.0
1.77544439638979,0.060491028527137516,1.0
0.9469393857730696,0.4125021742459912,-1.0
1.7569345160526117,-0.6456265967301187,1.0
-0.5570592278332818,0.8996116345484068,-1.0
1.0078392273280734,-0.7996207947108792,1.0
0.07818053280138626,0.9983110577158156,1.0
-0.2478043484074582,0.9428830923331623,-1.0
-0.8994812684097646,0.6553230046456631,-1.0
-0.5369589965300291,0.928239380165405,-1.0
-0.0009381916441254107,-0.13199651090559023,1.0
2.1811435702344464,-0.3236927208232492,1.0
0.18301389987930672,0.8935166484133967,-1.0
0.17928561276478913,0.18242437482526946,1.0
0.21827164356927473,0.8587461986373507,-1.0
-0.3440552905287484,0.7595417725313771,-1.0
-0.053849736146532934,1.0659635552014086,-1.0
-0.6222188037493745,0.36159510125795535,-1.0
0.8159884570705331,-0.1276206121014653,-1.0
0.06804159757322391,-0.05378934664958739,1.0
1.8151874429267223,-0.36220960415008047,1.0
2.265348911404874,-0.4600414288542824,1.0
1.059252019980449,-0.6457227996750373,1.0
0.6223968409476934,-0.40911342258297323,1.0
-0.01503995244518657,0.8441909607694311,-1.0
1.0387713103663474,-0.290954990432747,1.0
1.7538440049298472,0.4187691345219055,1.0
1.4580086183137986,-0.27159304434069353,1.0
1.3345970575888044,0.6397624189160331,-1.0
-1.045844247763493,0.18263649864890225,-1.0
1.8334992766919112,0.13506200372260185,1.0
0.5097717241698666,0.9952004653952341,-1.0
0.2109399320931078,0.5683488313639453,1.0
0.6637771434339738,-0.42908347577909456,1.0
0.6548630874264791,0.8119212869609391,-1.0
0.08698387974409796,0.4500531906679367,1.0
-0.22113489574894526,1.1446507929103873,-1.0
-1.2659570985834505,0.21484224735025373,-1.0
-0.74697027379683,0.3560099724115659,-1.0
-0.8918069598396051,0.28100574380555327,-1.0
0.18850969833152953,0.007765777805834317,1.0
-0.7867003673239192,1.1044953156182336,-1.0
1.8309822435158174,-0.4148127890015273,1.0
-0.42949721602088686,0.26861452171025757,-1.0
0.5276641545478773,0.3195543088597729,-1.0
-1.2526245445277149,0.4373068210177599,-1.0
0.23179794620794458,0.420833657560608,1.0
-0.6491378466485891,0.23777704451041315,-1.0
0.2542953493383036,1.0500344550032485,-1.0
0.9061704031064163,-0.2830899529507884,1.0
-1.0613628671544544,0.6480784628474385,-1.0
-0.22181466393467797,1.0268941823724875,-1.0
-0.33369623938965487,0.737269920403031,-1.0
1.9033920695573783,0.17614235708123344,1.0
-1.350151008981193,0.02492710166814617,-1.0
-0.6951396880004674,0.1562076824668579,-1.0
1.4052654663129593,-0.3960536373925499,1.0
0.7702836717524856,0.3005929354838245,-1.0
-0.7026457579535714,0.856618512219513,-1.0
0.7369031436201285,0.422479040036155,-1.0
0.6041702151489198,0.9817942245462976,-1.0
2.4201284055358614,0.3334592613205892,1.0
1.7942354194129488,0.36492324081596605,1.0
1.9899972354381252,0.386894366169569,1.0
-1.066513204731016,0.20625160282455035,-1.0
-0.7263045024754586,0.7482182905876518,-1.0
1.3496195668098072,-0.6173576743957976,1.0
0.6638689064391332,0.059564866652281,1.0
1.2904504178479956,-0.1851122944662848,-1.0
1.3363115014957938,0.3028811639497928,-1.0
1.4810911024625086,0.6055925229608512,1.0
-0.7238453890668064,0.6618981340277469,-1.0
0.5685543750902177,0.8041108766762326,-1.0
0.7365262680993343,-0.6295606647100748,1.0
0.867280092604808,-0.4620824096703883,1.0
-0.2431483968699384,1.0100935934163997,-1.0
-0.3620555186978182,0.5770295429837019,1.0
1.9036119062214192,-0.13730715592084147,1.0
1.1280193013952449,-0.16279145926632158,-1.0
1.5658329450085633,-0.20557708822224013,1.0
0.6521793604531023,0.9099506444729931,-1.0
0.6676964793130441,-0.1684420337619856,1.0
-0.27293994280488065,0.2421148369900716,1.0
1.8755528752203314,0.6746846282160324,1.0
1.4429068445378046,-0.6113061363154457,1.0
-0.2831453344882471,0.5784983889970541,-1.0
2.175988755083404,0.23318022353298942,1.0
-1.1469364076285202,-0.04481650026700962,-1.0
0.09046564502354851,0.7238383758566674,-1.0
-0.6177873722969052,0.8507939264998615,-1.0
1.4951241605526726,-0.17898032075081519,1.0
0.3463395099145541,1.1453854057511506,-1.0
0.8343115388570923,0.11749195473874274,-1.0
2.003946663406083,-0.2068638270721998,1.0
-0.2601734364372256,0.5467901080559202,1.0
-0.9041810359770039,0.7777230354315084,-1.0
-0.40854681087279393,0.9467123193774267,-1.0
1.0781730559072173,0.18960596908689414,-1.0
-1.141238964441712,0.6452342946912675,-1.0
2.0917861625603997,0.1620580713249001,1.0
0.9972890763502573,-0.3444205683131316,1.0
1.95329992913874,-0.4822937019998229,1.0
0.4347380523019896,-0.05322890204492614,1.0
1.225952652915579,0.4570504778476012,-1.0
-0.13344413585083215,0.989714387875317,-1.0
-1.2841223779498587,0.15858999982617725,-1.0
0.34263955409277863,0.6337211851598019,-1.0
-0.1922984283338865,1.040217796773576,-1.0
1.6150407918122436,-0.3028571526531207,1.0
-0.5798892478756824,0.26770700587895696,-1.0
1.0204443820632725,-0.2818829793791264,1.0
0.5853250555947511,-0.5031156733145244,1.0
-0.9299545218044786,0.6582693351117447,-1.0
-0.5870804450834546,0.36453965741264815,-1.0
1.0697808030158806,-0.30444970720688563,1.0
-0.8577807024062812,0.34857736880988677,-1.0
0.4165002773737456,0.6425445466977702,-1.0
0.3949519794592592,-0.042860771770242334,1.0
0.10598885421355718,0.8498408171827923,-1.0
0.6307380674346321,-0.15567546065105992,1.0
1.4076614109297312,0.2820478263739499,1.0
0.6600941636413228,0.6465243336565318,-1.0
1.192617053985452,0.35153187467674485,-1.0
-0.29981505225330773,0.7120809135678443,-1.0
0.7461232669442063,-0.9438622389382505,1.0
-0.147080464888992,0.16700036095005016,1.0
0.3732528470135464,0.2694622201133843,1.0
2.303696386788167,-0.23675025046138365,1.0
0.23906699615357394,1.1835296912290034,-1.0
-0.12936600369453546,0.5787151415862878,1.0
0.09458808473818298,-0.39680394987159473,1.0
-0.7139237405839627,0.2821557091815695,-1.0
-0.06420111088258995,1.0986849764832596,-1.0
1.8632928295995448,-0.01707657275456556,1.0
-0.22707688290840833,1.359535949169101,-1.0
2.0354620358867637,-0.19714057034504046,1.0
0.1581835599951721,-0.16532248748835413,1.0
0.3336622529608455,0.272714460058782,1.0
1.860158058040502,0.670752193138445,1.0
0.481380155131859,1.2091197043398763,-1.0
1.5815924439894136,0.20650901977045077,1.0
1.8958926571830048,0.03916681364072547,1.0
1.0941806122053608,-0.5253208373121202,1.0
0.41199424726686945,-0.17089406824892042,1.0
0.5026489984478607,0.6408486778409528,-1.0
2.511907525800644,0.38046169794874324,1.0
1.7383633381012724,-0.35690247869013864,1.0
1.7261403366391066,-0.014240751268288328,1.0
0.1264001474334414,0.07227169976122061,1.0
1.7735397986593664,0.3556737103818304,1.0
0.05264865075938305,0.12121079231388424,1.0
0.45061612094306014,0.8156511978532908,-1.0
0.5170396951496732,0.01772611136982935,-1.0
-0.7554497006852237,1.0485263756668681,-1.0
-0.6971149023840748,0.6391044706728483,-1.0
1.8672595118808388,-0.28427489319022237,1.0
0.935837531165101,-0.4926300445281256,1.0
1.2833847966762966,-0.6602794371247911,1.0
0.17517339083040231,-0.5152215897147674,1.0
0.7060771945119175,-0.46369629456155576,1.0
2.216826078030753,-0.07839555989253608,1.0
-0.21469328626024411,0.16250831446648978,1.0
-0.638238660090493,1.0441916503011717,-1.0
0.5856408251071079,-0.4202532039704736,1.0
2.0233178835841263,0.5488292563368837,1.0
0.4492773261962293,0.8793855370777539,-1.0
0.36511174297564,-0.44220565690975044,1.0
1.0386476371996243,0.5122115816580871,-1.0
0.3433871489526697,0.9184827074831261,-1.0
-1.0009221307356004,0.3365364646566313,-1.0
1.1821779696301828,0.4078682998912374,-1.0
1.453471717908558,-0.4057744245813888,1.0
1.763481483458055,-0.29871479249041333,1.0
1.9573522851457548,0.5843695059959217,1.0
-0.5515019055942878,0.6682205644278834,-1.0
1.0507498668550541,0.4788746250993079,-1.0
1.4686084483252477,-0.711790751795381,1.0
1.6709612992831395,0.08453318651823409,1.0
0.23531557932259806,0.855077928559594,-1.0
1.1789207109105155,0.4518419743305334,-1.0
2.1827312009619075,0.017282746094532342,1.0
0.5901117621384513,-0.5871055768477484,1.0
0.7559248839098913,0.722065010881375,-1.0
0.8923910518138273,0.6930904891509252,-1.0
0.058350142024615206,0.9169920597618164,-1.0
2.231119604039887,0.18769269951254505,1.0
-0.22796374376473572,1.0223914210717568,-1.0
-0.8398180328341992,0.5563740152344192,-1.0
1.9639841679871757,0.5591956685788605,1.0
0.5321800265279485,1.0487068016361083,-1.0
0.26740197787278164,0.9603570062870938,-1.0
1.5821430708425166,-0.37741992555325043,1.0
1.4563749069255572,-0.3784327617046399,1.0
1.054948452461164,-0.11887398857282527,1.0
0.8133243781968003,0.3866930813988714,-1.0
1.4820053380644092,-0.3076555980902872,1.0
-0.029782541194314727,0.6096447065615725,1.0
1.7722710564039552,-0.5251389111806201,1.0
0.322349129357408,1.1132709029089853,-1.0
0.13542648375314686,1.1105380499430746,-1.0
1.9234264578818052,-0.31044138355156464,1.0
-1.037323175097981,-0.1287458500114208,-1.0
0.7099492777252704,0.7571848282459137,-1.0
0.39107189811063614,0.6021467549956977,-1.0
0.36006855340855515,1.1630343860552148,-1.0
1.9082676486964467,0.5704569594710628,1.0
0.8550441883368005,0.6019390256764583,-1.0
0.7637194467384696,0.5305521576153325,-1.0
0.031061996207120614,-0.14733609657969637,1.0
0.2058143013071789,0.23129360137228044,1.0
-0.07016111699075905,0.692169925292375,1.0
0.9674607137923477,-0.7702398865200839,1.0
0.9925873988199321,0.6793035685605189,-1.0
1.3916791868574734,-0.7269790203183759,1.0
0.29222409597310917,-0.006127580191572224,1.0
-0.7152928056912482,0.33223854932895397,-1.0
0.3669542807539314,0.6307318758538834,-1.0
0.10145036929244386,0.42222718648879554,1.0
0.6908632645619218,-0.4566206669793865,1.0
0.9655401226108945,0.05801172303883584,-1.0
1.6667482754973488,0.3516345308108455,1.0
1.5783208645795843,-0.22693208118915376,1.0
-0.07360427637025636,0.8157458713592523,-1.0
1.5341671513844082,-0.20890801472385234,1.0
0.0917357374864445,0.9345378924830057,-1.0
-0.14709182803483312,-0.08083434736235519,1.0
2.0623214534558616,0.5256473844836165,1.0
-0.07522015692114473,1.1516145971594869,-1.0
1.153365614910057,-0.47528631633173907,1.0
-0.4651172442032022,1.1942628678087406,-1.0
0.42342537093574706,-0.15329674026386308,1.0
-0.32012677842507886,0.8211721775880283,-1.0
0.32561727019812664,0.8181534206823289,1.0
2.433004170731164,-0.11916792698504819,1.0
2.0354115645562776,-0.018306388354302428,1.0
-0.7266179875522124,0.3743254349239291,-1.0
1.2342310270460353,-0.2593922480092869,-1.0
-0.696089215465949,0.5615062091295696,-1.0
0.1795375515477582,-0.6304134722732802,1.0
0.21104563180699076,-0.2971877858472928,1.0
0.20567722240169198,0.9840746638095289,-1.0
-0.6935929755791447,0.06714860681311155,-1.0
0.13823625533608253,-0.29381804300215597,1.0
-0.9293718040458216,0.38042515390276377,-1.0
-0.7898210652660718,1.0184321897621829,-1.0
-0.1468679255531091,0.778219992706459,-1.0
1.9131118458574068,-0.19625761571293038,1.0
0.9509212346032124,-0.33362600695938166,-1.0
1.4997807730324133,-0.33481648256058855,1.0
1.0212993075070484,0.317805967206174,-1.0
0.47857658117774154,1.1053083577538636,-1.0
0.6694152214695271,0.46826704853501927,-1.0
0.05624156188035236,-0.3852369118170146,1.0
-0.12304743266293153,1.0636554426420808,-1.0
2.009090501267555,0.5479681836410418,1.0
1.0056970642128649,0.40737176713298445,-1.0
0.009353886029096023,0.1773712933100758,1.0
-0.8677374228176609,0.8185534626402372,-1.0
-0.6782071902208319,0.7407384238907192,-1.0
0.9169106564222576,-0.7518437840802974,1.0
-0.6192315520359009,0.4197059821527571,-1.0
0.48411358813331007,0.3483253736278855,-1.0
-0.2854040613926706,1.0790058576843187,-1.0
1.5247909167072127,0.1829699988796609,-1.0
0.013760047480226065,0.9938750984252204,-1.0
0.618233969857053,-0.5985505529253335,1.0
1.9951548960417993,0.14528049836707205,1.0
-0.35892191413148977,0.8674744602644916,-1.0
0.16634689624333285,0.2324407150969708,1.0
-0.09952562763141595,0.568506275738893,1.0
-0.0050382737450937465,1.1962038754250082,-1.0
0.20755704502262223,0.6460820327256221,-1.0
1.822510279170055,0.07207541143025278,1.0
-1.1372624393271658,0.43544352197307157,-1.0
0.3070833652712168,0.4339668161312691,1.0
-0.05872602152942491,0.12380050954924081,1.0
0.035947566445606746,0.23404589796933642,1.0
1.1456551009764595,-0.1527500677799501,-1.0
0.8648937485946989,-0.6107409462460902,1.0
-0.2867400606288332,0.5177088795438727,-1.0
1.1086373159268175,-0.6893463728625173,1.0
0.08404159081732383,0.2996212145313707,1.0
2.182771300925654,0.018346211972413227,1.0
0.3073073307171573,-0.009253615355210743,1.0
0.5957234540928367,0.8766110011352355,-1.0
0.24788202298302858,0.11866564903456805,1.0
0.6642552140734794,-0.2580971821507254,1.0
-0.8759430827717027,0.9530073295178461,-1.0
0.809746393370299,0.8445842233498148,-1.0
-0.7601837740028736,0.32431624238869927,-1.0
0.4848642138685423,0.2091463511450267,-1.0
-0.6382311367147393,1.1124218701617214,-1.0
0.726483617410152,-0.6021193905692872,1.0
0.572399373143728,0.6392129955114938,-1.0
0.8820355834359421,-0.7797647037932894,1.0
-0.1686260640310098,1.3851859789063017,-1.0
-0.7547617437233548,0.5598972291772518,-1.0
1.7472946612252231,-0.3237608568951136,1.0
1.8127477328684347,0.021987051122458967,1.0
-1.1812225565671486,0.42588572624134924,-1.0
0.8431760018629267,0.02557315913386382,1.0
-1.2089304131938539,0.4882397778986538,-1.0
-0.5598915524775263,0.6544545017953689,-1.0
1.3944575356145483,-0.5490016357185465,1.0
1.986521227151459,0.25774969617159244,1.0
0.6659226606157805,0.4004010935783121,-1.0
0.8076640394104657,-0.27160007918275164,1.0
1.8723751484462812,0.7289506742423164,1.0
0.7055879168080135,-0.31659444426218875,1.0
-0.43848968546305556,0.595678292377344,-1.0
-0.6156713829071832,0.18223552484404354,-1.0
0.08157270811439632,0.7756146322029892,-1.0
0.8487317108257902,0.6685745822287672,-1.0
0.9287497223136043,0.5354817200562039,-1.0
-1.0909742222147263,0.12465262752792088,-1.0
-0.13198856996844027,0.9882018917525541,-1.0
0.9626065816080697,-0.2515013324635844,-1.0
-0.27881732382417823,1.0683048198697476,-1.0
-1.0029122530989119,0.40405277359298586,-1.0
1.2044189442164757,0.15105517620352688,-1.0
1.2062809013346671,-0.7034877150631595,1.0
1.207878200661484,-0.6936920716200464,1.0
0.1321581200499636,-0.3885316889908875,1.0
2.0217231393658412,-0.4244454931290016,1.0
-0.11522517068652935,0.927536740626916,-1.0
-0.35870754262335025,0.9013072640096558,-1.0
-0.1608697922506931,-0.1654936069070435,1.0
-0.7475476927623907,0.5279207762618436,-1.0
1.205890280282306,0.2471989292118762,-1.0
0.6872753819040185,0.9226276028627486,-1.0
-1.133112853104562,0.47810270756290985,-1.0
1.7059102382949245,-0.3004294991702002,1.0
1.203182246687387,0.3825041312646534,1.0
1.9023925457223707,-0.38299457206468634,1.0
1.3744250363726984,-0.0609556355931859,1.0
0.9054403986595122,0.2647188904019292,-1.0
-1.3158850012830974,0.6172367292336484,-1.0
0.6758596998602935,-0.0744451640401948,1.0
0.9766654239148083,-0.7476445833339194,1.0
0.3204394704705277,-0.17073372160236916,1.0
0.07629333228755324,0.8083126373291474,-1.0
-0.8102180429491558,0.8233351030838596,-1.0
1.685711767075631,-0.6223448149175055,1.0
1.1223601366704792,-0.2193069032365272,1.0
0.49109370483442755,0.06296899598725154,1.0
0.5170785349397674,0.7747582892519751,-1.0
2.042835482976205,0.1222377589993597,1.0
-0.10057299843234208,1.2574817529268185,-1.0
2.212800475928967,0.18760152726036283,1.0
-1.5339257841379004,0.42185830943664576,-1.0
2.1335673450836077,0.1878806319174358,1.0
1.3190620707915168,-0.11538053019458819,1.0
0.24555418656820344,0.7112581338927657,-1.0
0.7004255757042106,0.007791352315577926,1.0
2.1159550565027527,0.11155465218208382,1.0
1.6114218765665977,-0.05511429795838779,1.0
0.5985212293734127,-0.49922155088674836,1.0
-1.026146288134159,0.2785455714515712,-1.0
1.7208101198251025,-0.2327997444047052,1.0
-1.152652575935739,0.13573488040439627,-1.0
0.692471138221502,1.002673779836947,-1.0
-0.24673168564241332,0.2067052977882215,1.0
-0.849770614154606,1.2137977226226497,-1.0
0.988111735820913,0.7094666228509314,-1.0
1.9614773230089841,0.8580179486158208,1.0
0.4222640246911156,1.2807935795868628,-1.0
1.8489409913582449,0.5575078305953707,1.0
1.4398992824601167,0.048950070396650114,-1.0
-0.8689749716879558,-0.048716569263627996,-1.0
-0.8572793088248264,0.7368669213768604,-1.0
-1.1767179390786244,0.37076389834747964,-1.0
0.7913624305543491,-0.02603467015869699,-1.0
0.4805379378347132,0.8710924070093375,-1.0
0.4660907076955021,0.2467344633984231,1.0
0.5728254148305936,0.5081606191529748,-1.0
0.9249586376397654,0.9643129237813793,-1.0
-0.9267597284011317,0.052247240642457046,-1.0
0.9638007744382109,-0.4972182491910683,1.0
-0.6101567732133018,0.5644047142265334,1.0
1.2412828584898667,-0.06159929525864111,-1.0
1.2164796492470549,-0.3989787417578718,1.0
0.5361145150725062,0.9458217238455096,-1.0
0.2691982788781945,-0.29094311628929764,1.0
-1.224875021464485,0.3455998416692172,-1.0
0.7979114628666917,-0.8846547499425539,1.0
0.11138597423736105,0.6810115379035849,-1.0
0.45435754184655913,0.43117501695677984,-1.0
0.6349912466890848,-0.7047698621710292,1.0
0.8647966422768345,-0.5320533489482099,1.0
1.9236457031184526,-0.05013165467025382,1.0
-0.8286990363558956,0.6454665986275689,-1.0
-0.030324211836269196,0.15372817349622392,1.0
1.293890947446836,-0.2573060916290981,1.0
0.3161007213979214,-0.32313349658557255,1.0
0.7079448644008823,0.14787204798850367,-1.0
1.0667846547190174,-0.5481446417887654,1.0
2.343474215971128,-0.06752854578068047,1.0
0.3510486538966307,-0.6681709686530919,1.0
0.01965303735137558,-0.5438298340431107,1.0
-1.0732366005500593,-0.02932683227937899,-1.0
1.1194967612798092,-0.246645186131344,1.0
0.3467953935275123,0.8170464083738626,-1.0
1.3742312836646409,-0.23742677355886965,1.0
2.0680780114115103,0.4877835672622799,1.0
1.1821347516591223,0.45070056516832996,-1.0
0.7158126512293668,0.35364102114913876,-1.0
0.8980834127391554,-0.4827925001297957,1.0
1.7845410191227866,-0.050047812947295864,1.0
0.706046179083774,0.7862494199267505,-1.0
-0.7152516585021664,0.7592110741202798,-1.0
-0.5109255000084355,0.8157315546741066,-1.0
0.7328300632971622,0.5613101715318594,-1.0
-0.388155304897288,0.26614190468882604,1.0
1.0523147658684937,-0.6774941625209305,1.0
0.1466654387714112,-0.1060397342196508,1.0
-1.3315175989283972,0.4631752938795407,-1.0
1.0299227953771573,0.4290617881474484,-1.0
-0.4994743724864592,0.3500159624436504,-1.0
0.8855156099357004,0.709276190890576,-1.0
-1.0554146770447845,0.5140820960948748,-1.0
0.9954741932129402,-0.21418130289156578,1.0
1.7358847782683084,-0.6247357025216704,1.0
0.9964241947070496,0.9237740364650221,-1.0
0.7822387049339705,-0.02357973801199703,-1.0
0.20460544166852018,0.45621017439708456,1.0
0.6598558001329334,0.11636145350858551,1.0
0.22227127299744853,0.11032211542941744,1.0
1.748598565232398,-0.6539771069736315,1.0
-0.579147707838408,0.9739579220428586,-1.0
-0.17291061815201444,1.2095127002665604,-1.0
2.0338957549854797,0.05255758241272379,1.0
2.119058254709978,-0.33829458237354504,1.0
0.31279443785259936,0.9424174786178389,-1.0
0.9786574769082487,0.2438577036665675,-1.0
2.139741864396254,0.15777056268501857,1.0
2.198558588815814,-0.11300401931804341,1.0
-0.5784771387308456,1.032243390391978,-1.0
-0.2634548471273637,0.9985793669310663,-1.0
-0.06751484821156567,0.7297133692324927,-1.0
0.274430955291276,0.057301948685563875,1.0
0.585991590191506,0.8687504963648269,-1.0
1.238481699934272,-0.613710939327903,1.0
2.16192578283577,0.23572062727869855,1.0
-0.5268286703572311,0.3215944261837218,1.0
-1.0140698168124602,0.1791299428908928,-1.0
1.6223433805981267,-0.25602061757518124,1.0
0.6527012438850046,0.8518000672662458,-1.0
-0.14692746691381875,-0.12103821641700584,1.0
0.6130065127866989,-0.08457632274975307,1.0
0.8369640161214899,0.13541160137553446,-1.0
0.26963640118540777,0.23608697908787502,1.0
0.3882073724139302,0.01835433402571926,1.0
1.1219122336742542,-1.024892863904638,1.0
-0.7363478402025361,-0.21513471734259887,-1.0
1.0744168743146756,-0.2911390837900584,1.0
1.1214463164899668,-0.3177239883718632,1.0
1.3197092483978272,0.846096040118722,-1.0
-1.1629901315147555,-0.1669442331866986,-1.0
1.162633472744689,0.1345271254068318,-1.0
1.4126164421159477,0.14176580972346986,1.0
-0.47623861520526933,0.7507537629083183,-1.0
2.5464993389359076,0.7356796098970428,1.0
-0.3873735269270253,1.2833501209100588,-1.0
-0.6214945033093204,1.201658631124269,-1.0
-0.7259074482758557,0.3953438332280938,-1.0
0.9530667200020615,0.23570892339600846,-1.0
1.3763427383933267,-0.3114120171908658,1.0
-0.05336986458383752,-0.0869682045011245,1.0
1.7497954831417715,0.048682997317101226,1.0
2.0311844381939372,-0.16006507048664617,1.0
-0.5841572864788941,0.7488832302125583,-1.0
0.12860006683807185,1.139777335973208,-1.0
0.4703908138114804,1.218236275904447,-1.0
0.04700486038648033,0.8000854490680396,-1.0
-0.4129061778300194,-0.04301168985145504,1.0
0.9493251771032745,-0.4772029523146178,1.0
1.6447132264545783,-0.01124627482337126,1.0
0.6997099459068286,-0.10315471119456726,1.0
0.145867172770845,1.4334797811295172,-1.0
-0.042877952445372736,0.9678153230272525,-1.0
1.1253928755340616,-0.36592206838340813,1.0
-0.5934658558450732,1.0796129577382068,-1.0
-0.15986746099668286,0.01562695460085066,1.0
-1.0111875963430663,0.1825385947148352,-1.0
1.1176934258641216,-0.35861831977790165,1.0
1.1562294481188606,0.1817503798834108,-1.0
-0.92805657340458,0.25368933897864454,-1.0
-0.1669336403003265,0.819050849263396,-1.0
0.04996266821196954,-0.020113122909192857,1.0
-0.39925947774193093,1.421762631676079,-1.0
2.0274329686423522,0.7044588265162014,1.0
-0.06780845851650652,-0.45757525550672334,1.0
-0.8076352790934135,0.8601355929249245,-1.0
1.3665591635240109,-0.39733672121592833,1.0
1.5716440147588506,-0.5438614704709775,1.0
-1.1579377442390877,0.4258853839655671,-1.0
0.18050899997401815,0.768813348328921,-1.0
-0.9698311858210762,0.18879591145213212,-1.0
1.1837049328590834,0.4530667707215724,-1.0
-0.07453687529855611,0.6928809094914063,1.0
-0.1519587933125692,1.1407391855850184,-1.0
-0.12975645997151106,0.42846392426727353,1.0
-0.8350669637018249,0.6161054747910426,-1.0
-0.9250459506851842,0.7855971302748561,-1.0
-0.17332157661315947,0.4691273750037959,1.0
0.4189078107666882,0.36162213601876103,1.0
1.7465540311889671,0.4499256571739354,1.0
1.6768102525906534,0.02163883400030256,1.0
2.0145597243114883,0.2313825637775257,1.0
-0.0723472431289856,1.4477644398617875,-1.0
1.0162631172360137,0.8001569062731657,-1.0
0.6105073879778329,0.7738295898546512,-1.0
0.6677758772429411,0.08612432064178457,-1.0
1.6567240569168273,-0.2851327345864096,1.0
-0.06311187834859108,0.7937588125468564,-1.0
-0.32834092002176585,1.263127527980883,-1.0
-0.31932500621596993,-0.34637044878315004,1.0
-1.2592988342141433,0.3618123841306841,-1.0
-0.08893592224420299,0.8796372728082069,-1.0
-0.7804565952156728,0.6276395547973068,-1.0
1.520290401652029,0.5725322738637433,1.0
1.3043759688842531,-0.5835974313175741,1.0
2.0170412856609263,0.43678600002481416,1.0
-1.12307439726745,0.40640688081927717,-1.0
2.356474340094281,0.08447146593938797,1.0
1.3379961143336276,-0.6327904957878489,1.0
0.8180052178158284,0.5403330958604591,-1.0
-0.08514058346427082,1.397182729728593,-1.0
1.5319915249083789,-0.010136338831338493,1.0
0.1823957988664302,1.1646931968502003,-1.0
0.7561723927263085,-0.5436508848609789,1.0
-0.2822660673020234,1.274053619452442,-1.0
1.9771130280258182,0.4010926894653008,1.0
-1.004053195595854,0.125591175476638,-1.0
0.40172569636656974,-0.4288155189188039,1.0
1.4482673117203289,-0.5634666143233412,1.0
-0.624773022836635,0.23715916247176017,-1.0
1.3283023409836443,-0.49379806408935656,1.0
1.2605378879827747,0.4614405243863273,-1.0
0.1432770720707702,0.5829307136404724,-1.0
0.8644484809551196,0.5153649905453025,-1.0
-0.11681862893595145,0.7310494257562763,-1.0
1.4562367574193231,-0.891617615470915,1.0
1.9117447477540808,0.29828846720529933,1.0
1.7276474263197028,-0.5282917262314951,1.0
-0.5252508306799557,0.7816327939279663,-1.0
2.194976547006115,0.49487813772470957,1.0
0.7342780450162235,0.6582551201475262,-1.0
-1.0317533607411937,0.7206125340388645,-1.0
1.717278644924888,-0.35262429935897177,1.0
0.9068925793578387,0.23442074027075163,-1.0
-0.6918484117665339,0.39289098859998695,-1.0
0.30301360223400126,0.6914749318500599,-1.0
0.3859269278103892,-0.012539598445228922,1.0
0.8227198887842861,-0.6039866757153055,1.0
0.9205914528018576,0.024314617594273058,-1.0
0.9788371462998453,-0.910575485689737,1.0
-1.0169032707329495,0.5896376169503788,-1.0
-0.9999300603301919,0.6509864470344635,-1.0
-0.3363318052240566,1.2575480187096526,-1.0
-0.5270553648896592,0.8865210410782973,-1.0
0.6445389471600034,-0.7881491044052956,1.0
0.01707450774673278,0.4764422803154668,1.0
0.9111708477267568,0.8618893632370968,-1.0
-0.9211865953400806,1.1891954163305374,-1.0
1.339697049488639,-0.10874186985839569,1.0
1.2057286510670955,-0.1747594960209939,1.0
-0.6264368327889103,0.2836962391792551,-1.0
-0.6026210757132892,0.7378881006472924,-1.0
-0.5990856054310196,0.5024975103842533,-1.0
1.4898012859585839,-0.371840460761667,1.0
1.1481900377152114,0.720258171026401,-1.0
1.4108405871281173,-0.35953653974698635,1.0
1.6488929249965198,-0.24247506887947542,1.0
0.4770491107215651,0.3986031408690421,-1.0
0.5410867299399206,-0.3704849579384264,1.0
0.4552146575749393,1.046861676111722,-1.0
1.779385763638377,-0.12484025467868332,1.0
2.0653503614590676,-0.12458195110303508,1.0
0.7307340821672135,0.3749434853711704,-1.0
-0.3697503465816922,0.8027013018933764,-1.0
0.5915353204823688,1.013626984919583,-1.0
1.116880766514297,-0.5174208813471791,1.0
1.7990430673307942,-0.42237992905612076,1.0
0.02175599216294608,0.5178054121697094,1.0
-0.6814779285697832,0.13590171943060517,-1.0
-0.3390776763559074,0.985687015982441,-1.0
0.8086151350754617,-0.6248368907591034,1.0
0.4388331473245778,0.9510194470625196,-1.0
-0.02866615420450594,0.21526156097338128,1.0
-0.737620263506325,0.5559471524685853,-1.0
-0.6590278599047206,0.30210646810095765,-1.0
0.46100226807140576,1.0349430291453865,-1.0
0.2721403453845974,0.5405518238957047,-1.0
1.3912092270750502,-0.4301483906158956,1.0
0.12359677115793971,-0.1332241009970186,1.0
2.279079787090934,-0.5925428159968442,1.0
2.0115121264537743,0.1863374678842899,1.0
-0.7512423140827051,-0.2279406472146937,-1.0
1.8761529432306259,0.10029942981668162,1.0
-0.8971063425753659,-0.03965745634196502,-1.0
1.9034885662533063,-0.3091801972047059,1.0
0.9142476780645201,0.48654850779398595,-1.0
0.9848681129562844,0.6637391656954482,-1.0
1.603340715475063,0.27515434603056765,1.0
1.9345408350068638,-0.5756456837322582,1.0
-0.9048619691190904,-0.1473759722388273,-1.0
1.600208996539588,-0.023189712807857366,1.0
0.459566276105423,-0.09058263078324824,-1.0
-1.110670160290836,0.796533648876997,-1.0
0.9055532071599135,-0.08330814061532395,-1.0
0.06308201160535026,-0.4494999364368496,1.0
-0.584733601337502,0.771399737451224,-1.0
0.9308130719927205,-0.5171351007839698,1.0
0.36009302041255087,0.7264721661722479,-1.0
0.19079072694734156,1.5868168641900071,-1.0
0.8167320390409604,0.9635657684577015,-1.0
1.7962609502062605,-0.16181341902464635,1.0
0.3312069251588561,0.6239844191837915,-1.0
-0.03107018046385697,0.1897462321431554,1.0
0.9235553009040203,-0.10865861597882709,-1.0
0.23209471560485195,-0.6132974909389716,1.0
0.3375979322764293,-0.2708642255173537,1.0
-0.006274195216160627,1.0955489290380158,-1.0
-0.0894348537485712,0.4358083047828524,1.0
-0.5037564147250522,-0.03736315131955653,-1.0
-0.49864491796918625,0.07518278664112527,-1.0
0.01833149736511741,-0.36903133306598507,1.0
0.9902894505964249,-0.25626096985546604,-1.0
-0.37643275228110534,1.056412490750535,-1.0
1.1204535784828251,-0.17735426845409713,1.0
1.2731191499769612,-0.1887036925860452,1.0
0.41236954021693695,-0.6271657840244632,1.0
-0.6357733567732329,0.7374693004153143,-1.0
0.17283990054651582,1.1560747440484695,-1.0
1.8730139835491688,-0.41251547173294023,1.0
0.082389602773772,0.6201839945184534,-1.0
0.33562281865620386,-0.18425052927068664,1.0
0.919800737249719,0.6990087620570756,-1.0
0.5743306436875626,0.10479675818821213,-1.0
0.24461607839141702,0.22847856555584745,1.0
1.7531953295064908,-0.1378113081687521,1.0
1.3505642828546196,0.18405512364773047,-1.0
0.6648544386977305,0.9032520365124915,-1.0
0.5819198916986359,0.058028683054059324,-1.0
1.3431443517251715,-0.27803099669831394,1.0
-1.0402949866934441,0.12949360976305221,-1.0
2.086851337719581,0.15725347392959405,1.0
0.5147053917040556,-0.749195246244074,1.0
-0.12113119555135082,0.9341268685140924,-1.0
-0.46830199182182675,0.889553044298903,-1.0
0.6688872658580225,-0.764974928281712,1.0
0.43938359727356646,1.03050114757321,-1.0
1.6092074792858386,-0.42424731668909027,1.0
1.6453908643593629,0.26801814125706913,1.0
-0.862685908835705,0.6462586502817043,-1.0
0.20267582460147626,0.8222072163710348,1.0
0.6755700024035384,-0.44162296812697543,1.0
0.28042515303934196,0.4055009775541898,-1.0
-0.33563535688090185,0.19068873880556586,1.0
1.5111842314261696,-0.3721768640862205,1.0
0.4430782305107661,0.504414667931839,-1.0
0.3886511338042035,-0.11126024825488298,1.0
0.4609742739226325,-0.05424002360740321,1.0
1.6742155445886628,0.37125367246548097,1.0
1.0636834470338692,-0.05781900751585356,1.0
-0.24430089328338025,1.3610094816982894,-1.0
-0.34688595365904745,1.249369529280629,-1.0
1.6198053656677565,-0.598000103340704,1.0
1.7368532729410175,-0.3835040294869113,1.0
-0.21971676834125609,1.116371785737976,-1.0
0.6115681633477711,0.3372905842213103,-1.0
1.1386316428288294,-0.3376906592972751,1.0
0.19601151401739253,-0.636702536394568,1.0
-0.05390919723234372,-0.2865802092085795,1.0
-0.8757687961563738,0.23858207858517522,-1.0
0.9216236626835939,0.7074704116783391,-1.0
0.9485553686714525,0.22107506589365672,-1.0
0.5758039898640541,1.165331943513236,-1.0
1.708809369844257,-0.0321324274708531,1.0
-0.948228765924404,0.9831046797032976,-1.0
1.5154403687211333,-0.6453256904752716,1.0
-0.5226720402167502,0.302811126721778,-1.0
1.16688304705216,0.034292576281898524,1.0
-0.8188320729386891,0.1003037196200211,-1.0
0.19734708476459062,0.33943142407091553,1.0
-0.1889681596437635,1.5767728505779903,-1.0
-0.6232765953153079,0.35293582544275415,-1.0
-0.1593877978695702,-0.6646304169018568,1.0
0.5646216609964687,0.25607050824456157,1.0
1.1718295319939633,0.637967966746742,-1.0
0.7304055630919943,-0.14136949899551077,-1.0
1.8862316637596406,0.540912861892068,1.0
-1.0446060252765872,-0.24784890381784966,-1.0
-0.6967112169913302,0.7200062955095112,-1.0
0.02671557031667046,-0.2050773232004788,1.0
-0.5956172123627705,1.1427561017291499,-1.0
0.5868422662979875,0.04206320699006927,-1.0
0.04039726701627644,1.0518880201575005,-1.0
1.7336135245899358,-0.3575267216778437,1.0
0.14710870180215246,-0.20946739225403324,1.0
-1.1598331321974704,-0.025908636711156632,-1.0
0.7207402000889327,0.20666841993706592,1.0
-0.6275264474154781,0.9747298502142908,-1.0
-0.11711480018875225,-0.42261153542214525,1.0
0.2956334391147078,-0.6877939458857503,1.0
1.4174176979186595,0.057998350778612706,1.0
0.9254945635514593,-0.9771683605806428,1.0
-0.9962644154478646,0.04991389151599004,-1.0
-0.4206730193145872,1.087447309944859,-1.0
-0.6612071439461487,0.17681026753410595,-1.0
1.1899329089846464,-0.555522055898914,1.0
0.13742062415328365,-0.013978869297684049,1.0
0.5545161713787627,0.9871918175746813,-1.0
1.7477993428759675,0.8955903987667895,1.0
1.2415014356839114,-0.23120346648405274,1.0
-0.1420281231345517,1.139758268423213,-1.0
0.1734902305239428,1.1391134254494306,-1.0
0.9530251685293405,0.42084149220869715,-1.0
-0.14738385722424788,0.600874683891033,1.0
0.1512364355737207,-0.2959581505727228,1.0
1.0643050535917715,1.0816931218504426,-1.0
0.4133775621392616,1.0351033256023907,-1.0
0.7053142908277555,0.14087121424745216,-1.0
0.02913816712806868,0.7346135965137308,1.0
-0.23868753579306282,0.5605642866299341,-1.0
0.38597677373777145,-0.10523801712071916,1.0
1.4563534437655843,-0.3085340423170333,1.0
1.7226683158582903,0.4492483379644353,1.0
0.2075495576534943,0.10237903436791018,1.0
0.8928421157983506,-0.8246081951446904,1.0
-0.3627074966214604,0.7797766448754826,-1.0
1.2536617359860458,0.025675521399986134,1.0
2.089240123781347,0.27695311165696773,1.0
0.20163110861880942,0.64645326351892,-1.0
0.18279572672359154,0.10533500989725723,1.0
0.039476813642685654,1.1438049763676414,-1.0
1.166626636505163,-0.5162719803511541,1.0
1.72327137888032,-0.7854262984419915,1.0
0.12702789944506382,0.10028293977499697,1.0
0.6582308729927254,0.923478220449439,-1.0
1.5882436162733142,-0.31607549886696495,1.0
0.41253109741568045,1.1371056142445743,-1.0
1.568625402936387,-0.17951999595904494,1.0
-0.3482340873734641,1.2552206503425227,-1.0
-0.727320342953741,0.6954252252271862,-1.0
-0.7828969235989427,-0.3121283922374667,-1.0
-0.30621122003355883,1.1688665309261876,-1.0
0.7374609532265204,0.5024520142310966,-1.0
1.0885212308836503,-0.5399456579682227,1.0
1.4790394739103307,-0.3416622584554243,1.0
0.6192033289278571,0.7078452534399318,-1.0
-0.9129335243778467,0.28812152979664174,-1.0
1.9504456718332293,0.24952103657830582,1.0
1.2509575951990441,-0.5676819660945338,1.0
1.8598183204302956,-0.2213358107655491,1.0
-0.4880681846357702,1.0143547099976742,-1.0
1.0462051263874177,-0.8113276178554972,1.0
-0.5151830369759955,0.9185908368728727,-1.0
1.3827950282809267,-0.12500530175207053,1.0
1.0590834458381648,0.276686436323312,-1.0
1.9327385576898846,-0.031391246155440325,1.0
0.3772417382900763,0.8543636543781288,-1.0
1.035536075316397,-0.37147149083219977,1.0
0.99926123664244,1.0080515838738922,-1.0
0.3459518310350808,0.8085286351304024,-1.0
0.43265310353164893,0.2740628606615668,-1.0
-0.8595824247181046,0.5579626900589558,-1.0
-0.9075824475608372,0.42905804282301796,-1.0
0.9404549119862069,-0.04527127910414932,-1.0
0.02352850585824816,0.08052411501085452,1.0
0.08318208723765003,0.8579244253289897,-1.0
-0.8878579273905467,-0.1943781745702799,-1.0
0.23801711031974335,0.8877636129235164,-1.0
1.1170264100979046,-0.29896998778154793,1.0
0.5613771046370869,1.0007298448222275,-1.0
0.887251459759709,-0.5020299399011989,1.0
2.1973314837282754,0.18776744406448462,1.0
0.4287890745995506,1.095978360925478,-1.0
1.0067628340426629,-0.12085599680754096,-1.0
1.2958232436206556,-0.06095644077600912,1.0
-0.7634867044345447,0.6680590577406689,-1.0
0.6158918314408255,0.734001539365836,-1.0
0.826108494881699,0.5830958433998686,-1.0
0.5635731597101215,-0.6913979472584724,1.0
-0.822356214092547,0.8748488340680558,-1.0
-0.6462980662165166,0.3497895466670065,-1.0
0.11045202421044385,0.8787520950751596,1.0
-0.8028039621399162,0.09954231551203069,-1.0
0.4240600048708544,0.6297435672536367,-1.0
-0.3083078962163354,-0.04151336397362393,1.0
1.0714254040900502,-0.24000969816789025,1.0
-0.02773461540234408,-0.09388570297703874,1.0
0.675587013153314,0.6339549533078328,-1.0
0.9248666758780769,0.14455138686700808,-1.0
0.09910503500993353,0.03361606504672826,1.0
1.1725857389824035,0.4784772119962815,-1.0
-1.2305501136695256,0.41900514331458194,-1.0
-0.7522655690753299,0.15185438421003683,-1.0
1.7409149680686418,-0.3597301902457181,1.0
-0.9049626440101367,0.6695864679016506,-1.0
-0.2680037531758221,1.1198045600071187,-1.0
1.8203635806711376,-0.32772276632971786,1.0
2.1224299851785666,0.5465636309259494,1.0
0.8400887360927805,-0.2032717959289559,1.0
0.2007586949148013,-0.029337428250897357,1.0
0.9731232708236783,-0.5321020097869278,1.0
0.6514061201917699,0.7140482091618828,-1.0
-0.6893595253541067,0.9302817355222908,-1.0
0.43063988567693373,-0.21379187596897792,1.0
1.6958403852458535,-0.035395137406876734,1.0
0.24063029917697226,-0.2669514018122851,1.0
-0.008505448951048808,0.8528032557900509,-1.0
0.5877706364270536,0.1279012490941389,1.0
0.36602391996125216,-0.5709974787591328,1.0
-0.3880362854478522,0.7507955682308612,-1.0
1.0396037382795709,-0.28551755957257385,1.0
1.8448254231576764,0.5572346143208473,1.0
1.4811977103804763,-0.41686940683348334,1.0
2.0854109082779884,-0.11257634345854847,1.0
0.17240316253462112,0.6794101771766441,-1.0
-0.06644062295226404,0.488079616982806,1.0
1.9034754678620818,-0.11022584108867853,1.0
2.059197527373199,0.37576767401872163,1.0
2.1137819762397907,-0.010937190522592705,1.0
0.9446769431586599,-0.11246933898525503,-1.0
1.5184364221371252,-0.7178576787801917,1.0
0.45872065610929535,0.7638857742129245,-1.0
2.4508133177907636,0.4349353847623181,1.0
1.8640564267165556,-0.5739593323254987,1.0
-0.34256584619556774,0.5825156894986305,-1.0
1.4309123331692595,-0.8614245892667609,1.0
-1.072062086302539,-0.35430014227608736,-1.0
0.10466192068454641,-0.5947369532683406,1.0
0.5187565407852421,0.9580980258964027,-1.0
-0.9338062308322218,0.6060279302332655,-1.0
1.1340884618507843,-0.3592990851558837,1.0
0.961154648579292,0.7663155535935969,-1.0
0.6406929455658955,1.207780696880324,-1.0
0.6027584041938002,-0.2774053750335188,1.0
1.1510430589189693,0.6133492367270016,-1.0
2.0185195248515266,-0.008875550023434486,1.0
0.7986322233678596,-0.5263715614032446,1.0
0.9599265793529099,-0.2968746005650037,1.0
1.8162759358656635,0.23892944680736472,1.0
0.6338579319717489,0.4025796891272925,1.0
-0.7609351409605942,0.46166908535143486,-1.0
0.6484562916033831,0.35088036736694206,-1.0
-0.7649112354494564,0.10728741588273258,-1.0
0.1379844468961864,0.25463769351354537,1.0
1.4614007289465791,-0.33810583928110716,1.0
1.8798503970704408,0.10239766011709625,1.0
-0.24714277965616205,1.1446620395266025,-1.0
0.26057579706216344,-0.23337218392128387,1.0
0.47541791108204773,-0.3156508512591436,1.0
0.5584369440778442,-0.36755663941218597,1.0
0.33242461397344225,1.2488306464050418,-1.0
1.2067698654292065,-0.16646124942620377,-1.0
0.42978469725530616,0.358868401199793,-1.0
-0.4867531842172661,0.4814277171879606,1.0
-0.9056859160298154,0.7943344141913008,-1.0
0.5855799062467657,0.002512430725116449,1.0
0.11445712239793483,0.27799124932504954,1.0
0.7830536954969282,0.5033457582091134,-1.0
0.8467585271224553,0.2777016971632349,-1.0
0.756746139367362,-0.49297226372000413,1.0
0.4968309264291534,-0.10721701425695584,1.0
1.7602192767072506,-0.4015602561997652,1.0
1.527839572332091,-0.5479409677934327,1.0
1.5172286654845784,-0.8798544932094228,1.0
1.8818304473424785,-0.14605443633214618,1.0
1.1705375901297477,-0.0657743722141334,1.0
0.008396967092109714,0.22540089809255925,1.0
0.10110308775076625,0.6230811587542886,-1.0
1.3964174104981224,-0.3217797483905652,1.0
0.35059379121838474,-0.016188685078001225,1.0
1.3246202078930722,-0.4782757241445048,1.0
0.4511430678828058,0.32438373769367446,1.0
-1.1858516823933851,0.3906157302877471,-1.0
-0.17869858228643118,1.2411498471265707,-1.0
0.004495125014721935,1.029275922238856,-1.0
0.7579573214168843,-0.06881155209217843,-1.0
0.5168987458435135,0.8775432129834113,-1.0
-0.7471691764114756,0.6996456984385833,-1.0
-0.4600749782510038,0.7283879660639536,-1.0
1.8956879399960807,0.4038168478824781,1.0
-0.2040170186054846,0.2766877700570871,1.0
0.10082671888541438,-0.0021028848184819066,1.0
-1.1105650633178892,0.4927178734291321,-1.0
0.5696170449219125,-0.336687394655858,1.0
-1.3283853626802211,0.02767736723463765,-1.0
1.0284656629279787,0.46223496364403527,-1.0
-0.5562256498269355,0.7414246485024634,-1.0
0.7662402172064154,-0.5880243137400528,1.0
1.0987627199257375,0.008096221271707671,-1.0
1.6751703694865565,0.13310713338379115,1.0
1.7862118277365548,-0.6563905142366108,1.0
-0.4376369268772904,1.0558471405579202,-1.0
0.42580039610922926,0.7180831147917013,-1.0
0.32652200419468175,1.2207712844531013,-1.0
1.1007320399309486,0.21213428424190034,-1.0
0.38453067934287466,0.24719298360206912,-1.0
1.1721428286646893,0.8348961019600956,-1.0
0.7644139213275345,-0.3634340347524652,1.0
1.587195002607225,-0.35597719315933285,1.0
0.4116547156387042,0.7525296903716141,-1.0
-1.1364333177507568,0.4060151893625483,-1.0
0.3319456212663455,-0.2094438445548473,1.0
-1.2311355450001322,0.2931469913408447,-1.0
-1.2677707837640952,0.09711286115576628,-1.0
2.256032753263111,0.6798146343326603,1.0
1.343041653943037,-0.16977704786584438,1.0
0.6332035227832633,-0.32872190874864204,1.0
0.889579228219413,0.9390977420034226,-1.0
1.8393637263794262,0.4817715003913844,1.0
2.0912351610196125,0.4799771655004238,1.0
0.1854834698638228,-0.0896711801236294,1.0
1.8088675445693587,-0.5533339726401627,1.0
-0.8834885112766468,0.7337520576863905,-1.0
1.1854416892098762,-0.6217733622180719,1.0
0.010490639566852714,0.28303718594626015,1.0
0.11988520844608624,1.2041039830790872,-1.0
-0.3944777549984427,0.8840246317039681,-1.0
1.5628465856706228,-0.4607259521168997,1.0
0.37346271350537397,-0.10912691914658001,1.0
1.3766518777052736,0.32361505423933207,1.0
0.018921998139578428,0.7632047019149084,-1.0
0.33818230929374216,-0.061549800546804034,1.0
-0.06724708462642248,-0.35930020583545597,1.0
-1.114939958088751,1.0684093191058803,-1.0
1.314874204372476,0.5592284968069313,-1.0
-1.342779558342723,-0.021252655156852956,-1.0
0.4680592962386918,-0.4211642284233287,1.0
-0.14839042668269029,-0.23869761456572175,1.0
0.8569390121768286,-0.46044408013150906,1.0
1.2447017895170123,-0.1978723652605297,1.0
0.652415743021896,-0.44692403493023297,1.0
0.5366676684971714,-0.3203770725147238,1.0
-0.6117642890559245,-0.07079484229585548,-1.0
-0.242093919345641,1.0349762276652938,-1.0
0.057058980720026464,1.0259876880596444,-1.0
-0.14502080370523018,0.7991069636065289,-1.0
-0.12371513442434504,-0.08276620690255337,1.0
-0.19902038407022266,0.3125012696282722,1.0
1.835451672731265,-0.29798358000103076,1.0
0.77383364072136,0.6540447007784157,-1.0
0.5533972460133965,-0.5614235128583476,1.0
0.028239562487160697,0.6626886717130036,-1.0
0.5407349148916181,0.226114503218805,-1.0
1.1737039052373215,-0.2948410638607194,1.0
0.8045313229105345,0.3972297772811712,-1.0
-0.19193830321240013,0.4214156550518179,1.0
-0.20831728556944662,0.6772586927886151,-1.0
0.8521503625584436,0.46553688148004,-1.0
2.3464776126674,0.30649242757730155,1.0
0.6418318616762435,0.5512679003660239,-1.0
0.86695706216915,0.5724836553063002,-1.0
0.6549241301706097,0.6964106676190001,-1.0
2.3515809575421573,0.1606286921569579,1.0
0.8993901037550418,-0.35046328315000336,1.0
0.686316729183866,0.4017355894087252,-1.0
-0.5683348023492212,0.09085431897137397,-1.0
0.5355845219610031,-0.4700321936927781,1.0
-0.794842466665853,-0.2278589442116335,-1.0
1.9571242082714921,-0.39601852342356153,1.0
0.05804852723175635,0.7544997674972156,-1.0
-0.9858254022765022,0.6382338750976186,-1.0
0.25302390895170174,0.22811388656270104,-1.0
0.31777280947701303,0.22631284263737328,1.0
1.2947041725528796,-0.7786211784980412,1.0
-0.6016563094647642,1.1099280335369963,-1.0
1.4102614923628998,0.1262769500389601,1.0
1.9911514197102673,-0.7139977449733084,1.0
-0.3836158887974913,-0.20720174029601696,1.0
-0.1633559167216544,0.5375080147069691,-1.0
0.09139598608141064,-0.4008471767979733,1.0
0.40993563907545805,-0.3334579472526603,1.0
0.13116313468191218,-0.038106879136494354,1.0
0.7369741851853651,0.09964031928601849,-1.0
0.033500903838963515,1.0966077147644868,-1.0
0.7955978563485755,-0.11780333364182266,1.0
0.9065332236100323,-0.5474685772303135,1.0
-1.028672316690684,0.956072725932835,-1.0
0.5675483258493317,0.9256764604802776,-1.0
0.9374375188157108,0.6714955551583119,-1.0
0.40097818527618173,0.7017019912463134,1.0
1.6079847060068078,-0.13546752336320061,1.0
1.2876260496239271,0.08527890959873836,-1.0
0.642196695667528,0.7417379646150609,-1.0
0.546616820328048,-0.36897640936319676,1.0
0.5860053108606692,0.5133242312737151,-1.0
-0.013776841656224559,0.797728944362557,-1.0
-0.4226986706931356,0.9252748278343395,-1.0
0.41779784363580585,1.1299202093803782,-1.0
-0.05362479078919512,0.7761979998689283,-1.0
0.3505861329275415,0.965397412248915,-1.0
2.0356902766691265,0.3065709986937894,1.0
2.3495928017221877,-0.09227241205292791,1.0
0.8575822281660374,0.4646005309942498,-1.0
0.04129797047992392,0.8781836555463187,-1.0
0.7698868649728128,-0.540134161403786,1.0
1.1803706472523345,-0.360084306885345,1.0
1.8638016159496786,0.12083178767892912,1.0
-0.6733401054280944,1.0192333770226871,-1.0
0.5918365412610038,-0.37054789294721646,1.0
0.8019067409279462,0.5689081758061175,-1.0
0.6961146896719506,-0.32273471691344296,1.0
0.4430545279720766,0.5074501721218722,-1.0
0.24603759434011685,0.7622851929949158,-1.0
0.9715346757101153,0.5400062686239924,-1.0
1.6032094560413146,-0.6493524368780584,1.0
1.4611558320966358,-0.27209730755704375,1.0
0.3729892921149557,-0.1859153831343654,1.0
0.05381957763097789,-0.3020840743043716,1.0
-1.094683735908,0.8926388628030911,-1.0
0.15582753833466817,0.18090612207615747,1.0
0.08350720156237043,-0.40648441892570375,1.0
1.4386862089121573,-0.6643774533697847,1.0
1.381268565530986,0.05073369911867831,1.0
0.9905732387263878,0.1209420834020532,-1.0
-0.8176361670688156,0.22499013785660177,-1.0
-0.3707128803609871,0.005814564138171219,1.0
1.703861793485827,0.3054289347246011,1.0
0.5535787070936234,0.7193106288906737,-1.0
1.3804980042306383,0.11339160298056572,1.0
1.4625882709143645,0.30825071350967015,-1.0
0.8558553910408951,-0.640156144794206,1.0
-0.5542204585925397,0.41807969570779935,-1.0
-1.1884561606702275,0.6189941076392251,-1.0
0.3825468716763611,1.0177446873619247,-1.0
0.8196227843917945,0.5596953623716483,-1.0
1.8305504963194246,-0.23957825227459897,1.0
-0.17305632855471118,0.44719066252946293,1.0
0.8355556765466682,0.2845026059540232,-1.0
0.204206328612013,0.2033725441080646,1.0
0.28588884386728963,0.03785967449661101,1.0
-0.7942941178665017,0.7769734215116305,-1.0
-0.7756444588268716,0.6599521581177779,-1.0
1.0927239528391468,0.4267720399154609,-1.0
-1.1965581546205075,0.49398344371825975,-1.0
-1.0832463328016046,0.08933886559141055,-1.0
1.3768473446473615,-0.34559877179646825,1.0
0.8379474868400677,0.5022759854177723,-1.0
1.920203704512142,0.47282001503482785,1.0
1.5291543927257678,0.4863191693364328,1.0
-0.7543210021053385,0.040276517972550996,-1.0
-0.21375260981229707,0.242608994691967,1.0
-1.0352257871995905,-0.0011348910770398457,-1.0
1.4256386247184463,-0.21007853409717656,1.0
-0.48490695377645604,1.012780174782405,-1.0
0.10916016562265225,-0.5947546454425233,1.0
-0.4671451247443217,1.2106125689846299,-1.0
-0.1814524166107739,-0.05524712648159019,1.0
1.230691447737226,-0.46123897515646595,1.0
1.6847871375254249,-0.5634578765324878,1.0
0.3662565891620484,-0.07875897362364898,1.0
-0.5803645239453267,0.3223633663265118,1.0
0.44988663886930413,-0.052311819185898834,1.0
0.7572347020792948,0.9547263616035664,-1.0
1.1370374851422391,0.5965943951297082,-1.0
1.8466104319262755,-0.4145234626347034,1.0
0.7439498591305787,0.7764612744003274,-1.0
1.979632368030404,-0.3153917384132694,1.0
1.6421572591452342,0.18861015912323376,1.0
-0.6706086084315217,0.5997575568749287,-1.0
0.11072720268607376,-0.055872966395318316,1.0
0.15259509012327127,0.712029433924902,-1.0
0.8405917800305975,-0.8444921956325409,1.0
1.3451430621146656,0.4637219684351227,-1.0
-0.960014205040812,0.2258703898080729,-1.0
-0.709979006157389,0.1908137458741471,-1.0
0.40180505352700424,-0.33812030418881395,1.0
-0.5839497985433029,0.27687029532835883,-1.0
-0.5735254410183961,0.6973176260000419,-1.0
0.8818490789886927,0.35354963995200583,-1.0
1.5186158255967361,-0.20908789347363257,1.0
0.808622788819781,0.15938719811191795,-1.0
-0.24478059298425175,0.42740619602675034,1.0
1.9712085826094428,-0.04549074408621408,1.0
0.47080755595346396,-0.1089180189995621,1.0
0.5134578993519537,0.44801869266322,-1.0
0.9556076493069199,0.2536699888172817,-1.0
-1.0284604886297866,-0.3117048392821895,-1.0
0.7536992214301583,-0.4741974765649152,1.0
1.7913206606979295,-0.6805082973726359,1.0
0.48874131362013684,0.36225523239039836,-1.0
0.8936161572356753,-0.43200012440898117,1.0
1.5689294835321432,0.00697874597538628,1.0
-0.7856356009533895,0.5264562228553085,-1.0
0.42919858443476094,0.3627442096398952,-1.0
0.6112664152924012,0.21105739773374094,-1.0
1.1771022415698844,0.6685965916473736,-1.0
0.6871608363656787,0.01546436582209565,1.0
0.7109793858977238,0.8963412365285668,-1.0
-0.9277420912012491,0.3261915902214868,-1.0
-0.2656688837667415,-0.07205566617178788,1.0
1.1645759804973679,0.08744168129405827,-1.0
-1.1250797818975395,-0.1774017225156615,-1.0
0.4030279286151791,0.7037451546859912,-1.0
1.5206497236623755,0.7390604503660575,1.0
1.1528897571920116,-0.08470983902085866,1.0
1.9676503505005642,0.29180418444580425,1.0
-0.07555727041548087,1.0034280659694002,-1.0
-0.28637532389044407,0.6938516793376002,-1.0
1.289493993660193,-0.5585637542935039,1.0
-0.030752434557857977,-0.323117478465999,1.0
0.4271452759343178,1.052246159702006,-1.0
1.8466937327971031,-0.13332015416876214,1.0
-0.23441023054726584,1.0429980210498184,-1.0
-1.02449991614347,0.39986281754199504,-1.0
0.08109973183734363,0.17787361033472976,1.0
1.963830486789889,-0.29363097049811615,1.0
-0.6410312446139741,0.9136055970746881,-1.0
-0.5841547535915824,0.9147698028858124,-1.0
0.13330844654163831,-0.24750189737907993,1.0
0.7461136095564533,0.5843843050459124,-1.0
0.018306876532604016,0.16379466362973044,1.0
0.12702085477728964,-0.28007637731478485,-1.0
1.6766287993018336,-0.5729640517300127,1.0
1.9687993475558234,0.33174781273706205,1.0
-0.23071319154839942,0.8107051386009795,-1.0
1.8724020671919555,0.2444916483188946,1.0
1.1968680259721436,0.4621494043775187,-1.0
0.690593799132217,0.5149133828006738,-1.0
1.1255166846792375,-0.15301658125607553,1.0
-0.8041630394631546,-0.06967629694804342,-1.0
0.28555912298881336,-0.17369081173356216,1.0
1.4817611726962463,-0.7619493343655765,1.0
1.7335792487398067,0.18417432032094783,1.0
1.8480305758047055,-0.6582193633446164,1.0
0.6495521647892402,0.5089905212972614,-1.0
0.3756200628875989,1.1161508854395292,-1.0
2.1614731684011845,0.30312608937502666,1.0
1.9072595042871674,-0.23949934627320096,1.0
0.6855568356611368,-0.36096754886351057,1.0
2.426476579381148,0.2888249685536953,1.0
0.23190584630314673,0.15600289350968566,1.0
-0.12714522454930977,0.9195564083818673,-1.0
0.8959822272627072,0.6131380231629602,-1.0
0.048072996581810364,0.452104669782445,1.0
-1.043493687142358,0.5635894394253971,-1.0
0.6805103022909514,0.8866293191834149,-1.0
0.18936631122937092,0.27237369414800117,1.0
-0.13856130952850665,0.171149561693077,1.0
-0.07717474398922916,-0.2674925678109223,1.0
-0.20954682051612455,1.336704847304632,-1.0
1.0649739541930503,0.3200185484545109,-1.0
-0.27906893218548423,-0.008815865006220211,1.0
0.3180095769779481,0.11574925383814808,1.0
1.175669537765398,-0.6284611261377415,1.0
0.031697107286714515,0.2768360189630745,1.0
-0.1271062984218189,0.9384585775081997,-1.0
0.6263249331996015,0.9039155175460587,-1.0
1.8785782812061735,-0.437527007073297,1.0
0.9208401204223023,-0.2672172177397327,1.0
-0.389949218589035,0.35448997254365033,-1.0
0.4511358406283887,-0.6918479495025811,1.0
-0.9193909539261262,0.7406665626218152,-1.0
0.20722014502286346,0.8050186342202561,-1.0
1.4008430857674232,-0.48429308948241395,1.0
1.7237289038258936,0.08129845980417483,1.0
0.6596951482909271,-0.1240938579447187,1.0
1.184700991191416,-1.0023333730077884,1.0
0.6495984724827931,0.6113426997167208,-1.0
1.2580356467636054,0.05491207978509072,1.0
0.7246487308275023,-0.34040511300586235,1.0
1.5547357410150895,-0.1930852154795087,1.0
-0.8030468931439217,0.7046182112019568,-1.0
-0.6021519679753473,0.532060471001848,1.0
1.115281439184948,0.13685870591611382,1.0
1.3840796726753288,-0.36744353315693445,1.0
-0.8056696673304663,0.5320652899834635,-1.0
0.24923546306675398,-0.19223882901095282,1.0
1.507116011561374,-0.07481514394961197,1.0
1.5165597319696205,-0.237626261238546,1.0
-1.1174290733811523,-0.04339143667001927,-1.0
-0.019296274600612662,0.5390477815731165,1.0
0.5542436872982921,1.0344629985023586,-1.0
0.22558880467947334,-0.16009595655772574,1.0
0.7013911775899404,0.861329941145906,-1.0
1.0864930491628955,-0.6740510220180043,1.0
0.1322760142009759,1.083136424229672,-1.0
0.014788067133089777,-0.11672602798181153,1.0
1.1145347665975789,-0.7015064560732294,1.0
0.20983507164481432,0.771115329824312,-1.0
1.631288778849146,0.3992056252319326,1.0
1.229329113729222,-0.1933033803909412,1.0
2.1135668356885073,0.264236571185939,1.0
-0.8307358401815488,0.7178875397888517,-1.0
0.14070814887857758,0.5551618212563539,-1.0
-0.29780770682343116,0.8936789430846542,-1.0
1.13914639983183,-0.6907244203041459,1.0
0.5471228444237596,-0.300462827309417,1.0
0.4400526626703439,-0.4751683816181102,1.0
-0.9572355649629849,0.5416304096690155,-1.0
-0.047557868762137245,1.215125049085262,-1.0
1.3077801499591746,-0.7540933080925926,1.0
0.9755897060105353,-0.43505398292079944,1.0
0.780646351223794,0.3231467942241283,-1.0
0.55939127876369,-0.5347337966293938,1.0
-0.36220560533163626,1.272162079487827,-1.0
1.6558142223005723,0.05328962090152109,1.0
0.875337503642986,-0.4316975362479354,1.0
1.8037896360059396,-0.23085976577930134,1.0
-0.13508430222213608,-0.41944856694934496,1.0
2.06877827668629,0.17098545725120437,1.0
0.5040097372466849,1.041482856166429,-1.0
1.1483175743271448,0.15571078795465415,1.0
-0.022204191389365996,0.08175212120643768,1.0
-0.2561913064896985,0.9105858543863365,-1.0
1.5845949209191441,-0.6934036631944913,1.0
1.1227921784446946,0.7189411302197686,-1.0
-0.03031338536779188,0.015274520989296242,1.0
2.296792888478806,0.5187371689420064,1.0
1.017187035465188,0.3529370325776272,-1.0
1.7132087414504436,-0.4703123681912346,1.0
-0.9377934103191162,0.4254856602196809,-1.0
1.8747317698578372,-0.2196294366597516,1.0
0.4734320256379361,-0.4001561825914992,1.0
1.9937812586539805,0.32708986985865096,1.0
-0.35017799130766825,0.648572557172516,-1.0
0.12876979484081058,-0.4671930720400438,1.0
0.4761775080911871,1.1004452802528661,-1.0
0.3326238028853261,-0.11302044628038246,1.0
0.8085337948771016,0.5349282457023347,-1.0
-0.3606539504511934,0.48267825403716047,1.0
2.0067463324790085,0.11171395613114496,1.0
1.0448787936107404,-0.6931856571067816,1.0
0.7478245208245057,0.17345765443859257,-1.0
-0.05614684509452664,0.19270169455870229,1.0
1.1255228307688274,-0.6673147316371887,1.0
-0.826486601607827,0.3756096590044971,-1.0
1.225688070786735,-0.543750382669479,1.0
1.4825247547980434,-0.44957886991919893,1.0
1.2642424830221222,-0.6840293621506814,1.0
0.683982729041175,0.1557872261973795,-1.0
0.8445942281359287,0.6611362789360672,-1.0
-1.015441711493813,0.3007738543002793,-1.0
1.8392864735639978,-0.4044233903795966,1.0
0.8590363254012239,-0.4162683819942842,1.0
1.6097925456695528,-0.4558219893285794,1.0
1.0721915903209243,0.2514206953751624,-1.0
0.5761877317115907,0.8920127017049592,-1.0
-0.7289714027587912,0.646351458566295,-1.0
0.3249084166431949,0.5906758728428735,-1.0
1.4466275522121586,-0.6370689850705659,1.0
0.48641535733070973,0.6687356246120555,-1.0
0.43783063228575214,0.6055117970792512,-1.0
1.3345259401589975,-0.5920411977919449,1.0
1.8294927442383642,0.5109825171394929,1.0
-0.5490334363430956,0.6555871637989583,-1.0
-0.5365818269859574,0.6684231429307902,-1.0
1.213626480688065,-0.600340401743958,1.0
0.7504072588860653,-0.35999269979920256,1.0
-0.2556999190646106,1.1104992844447519,-1.0
-0.5778269324858674,0.47905272139505906,-1.0
-0.7623816251244794,0.4558651083022051,-1.0
-0.07600541476668762,1.4897486227369154,-1.0
0.7749942446903444,0.4956452090587904,-1.0
-0.6935422026850011,0.5293946798368188,-1.0
-0.02480182901861569,0.29731772586932204,1.0
-1.1460685538647624,0.21353497565455817,-1.0
0.5967133649170338,0.6387301911463624,-1.0
1.685252782931359,-0.4104762515201591,1.0
0.5250963203966819,0.503042644465333,-1.0
-1.0242002308686995,-0.11694497461393827,-1.0
-0.078497127031419,1.06606104823997,-1.0
0.5594749066914387,-0.6221255776606284,1.0
-0.12752954552553147,-0.18328027942902986,1.0
-0.04664090141571567,0.591176634964038,1.0
-1.115316233806358,0.4426028651251357,-1.0
0.05705449518627091,0.2715461113131489,1.0
-1.3688067407248545,0.5838847313309157,-1.0
-0.8058740520387273,-0.04061029251517405,-1.0
0.5579399300366985,-0.4137460233804755,1.0
0.5794106782746149,0.6396132596926899,-1.0
-0.4887782768647026,0.7542865271147625,-1.0
0.13040296435200843,0.05508729175588153,1.0
-0.4331410362381183,-0.3156497618800119,-1.0
-1.1454408456482137,0.07857126550746099,-1.0
-0.8732034078000126,0.23332016211423812,-1.0
-0.7956453508893977,1.0439469995924984,-1.0
1.6516089991665033,-0.03990705320123167,1.0
-0.13104153908890892,-0.13375370857751523,1.0
-0.9965754200881528,0.6030663151134585,-1.0
2.2248203268568534,0.2244092876400791,1.0
-0.19085060804431975,0.048017516391032564,1.0
0.28711518288064236,1.1627306476830825,-1.0
0.8770753037369691,-0.2675962817248149,1.0
-0.6396454959716781,1.3122050220320913,-1.0
-0.6934166472439497,0.4528588442328195,-1.0
-0.0469897341175633,1.0327307015775116,-1.0
0.4250099158612102,1.2508223052115923,-1.0
1.4142582405263213,-0.24890769464881918,1.0
0.5991475569770388,-0.49457211467187673,1.0
0.2272530037097111,0.44604717879430134,1.0
2.145859460505317,0.48562176860183914,1.0
-0.6977506941941698,1.145664302659456,-1.0
-1.2596537891509951,-0.14818988431775432,-1.0
-1.1181760804034255,-0.1947622015091191,-1.0
1.1238205310319855,0.8738007754504461,-1.0
-0.04202598400384855,0.7417954567507253,-1.0
0.7315736334421319,0.43799335095589276,-1.0
0.6928971257576889,-0.0971584339658462,-1.0
1.8713477486220642,-0.26239588224454846,1.0
-0.9066664470597047,0.2680353222332771,-1.0
0.7290550452548304,-0.24592517930105937,1.0
0.4121510270388602,0.060213209949540825,1.0
0.8180405615983657,0.929930451266791,-1.0
0.8926491409647609,0.08605264779726113,-1.0
0.2552751970848841,1.03836193369587,-1.0
0.4249879537784449,-0.1998081803885328,1.0
1.5347285596931641,-0.6251892761773439,1.0
0.10657493730680623,1.2803452062030614,-1.0
0.20917634251643505,0.04412580976696963,1.0
1.7406716656896981,-0.14174709341742775,1.0
-0.9768558688267603,0.7808348181980952,-1.0
0.570093514325191,0.30448102603047084,-1.0
2.162604585690544,0.2684657931217744,1.0
0.965128472163129,-0.7900375203836156,1.0
0.8345705989071208,0.7683515704882236,-1.0
1.0696872696076005,-0.4426613089581238,1.0
-0.7615859834034867,0.492629293067574,-1.0
0.057536576906928566,1.172698105687553,-1.0
2.102753058630368,-0.1524700791096267,1.0
0.5947904116627041,1.4637451980098695,-1.0
-0.0721264174451792,0.3834645590874808,1.0
1.2884506098150716,-0.5255313038609714,1.0
1.939574539952921,0.5667709376658959,1.0
0.3629929786348459,-0.156696881429287,1.0
0.5482469695674743,0.5901594223824129,-1.0
1.1626966727762926,-0.5555642609717729,1.0
1.035076874363486,-0.556101610590237,1.0
0.5295896469424478,0.3538818405765555,1.0
0.7534183384586584,0.2490032104105533,-1.0
1.7026007073769218,0.05613358342837105,1.0
1.1058307989157135,0.21434920262113136,-1.0
-0.6030136217341038,0.2509122210968425,-1.0
-0.44977286291044616,0.8158906299006417,-1.0
-1.035257250434404,-0.19565632526735605,-1.0
0.5160337724901785,0.9663849946213124,-1.0
0.9980889734167873,0.12093014322270566,-1.0
0.9474535069069171,-0.9400058713704913,1.0
0.9453397016968262,0.5081217557164386,-1.0
1.1304176001485688,-0.4819166012370311,1.0
-1.1252908935097932,0.31915579639776015,-1.0
1.1075995872813318,0.7144613156003771,-1.0
0.4489825093612083,1.1984434323831115,-1.0
0.7006650470505407,-0.5836992567038296,1.0
0.006931493890187268,0.7826890767566375,-1.0
1.8361899276385383,0.024203400663086738,1.0
-1.1797256948030017,0.06536266895484139,-1.0
0.43509176688427287,0.7311778240561038,-1.0
1.0117234955523373,0.5777237737625827,-1.0
0.19797142167361592,0.4274545070149388,1.0
-0.5840422187986636,0.2751548336814496,-1.0
2.1730308858494762,0.22386757912247118,1.0
-0.8757343166784947,0.7209314717930304,-1.0
1.238496516118835,-0.4563178512385222,1.0
1.3109229069337778,-0.7039849271205636,1.0
-0.13625911709895283,0.9764812226343271,-1.0
1.3957661618615795,-1.0572041028131403,1.0
0.14468819620034698,0.7623581931754103,-1.0
-0.001206514085062546,0.8286770297111614,-1.0
0.17937926397410608,-0.5106308202868375,1.0
-0.15710611072542754,0.24351764061461267,1.0
0.8602943342075459,-0.38567411279929004,1.0
0.9521385985113174,0.5544976268745926,-1.0
-0.45970883501842336,1.0926235922213658,-1.0
0.6213885859934406,-0.46276348094173747,1.0
1.9494978544644224,-0.32943660911349415,1.0
-0.2836081101999742,0.6106913142311533,-1.0
-1.2040020805289273,0.1404083018446815,-1.0
-0.4619086411541972,0.733649489745864,-1.0
1.4808918770870814,-0.6758194570549076,1.0
0.45291501865266587,0.9895881915175737,-1.0
-1.0269944275431686,0.5650162546972405,-1.0
-0.5432890689226106,0.7496252528700569,-1.0
0.3906565854787224,0.22159729062461764,1.0
-0.5554484711971772,1.2167170247549124,-1.0
-0.0108907357303005,0.07481597751618962,1.0
0.3470262744732868,-6.004492203258438e-05,1.0
-0.14181635909281742,0.9169523244363789,-1.0
1.1060215484213731,-0.6094870924828355,1.0
-0.16398632561510262,1.171511924796714,-1.0
-0.3689504215093345,0.6783462422786296,-1.0
-1.2022409756372217,0.3753781376496895,-1.0
0.14279194423961172,0.10813036359586159,1.0
0.9591598695144901,-0.3415373065865396,1.0
-1.0080075766774317,0.4512755671584988,-1.0
0.79709950612417,0.7866976251903798,-1.0
0.25213068210688366,-0.16104737032621166,1.0
-0.9733836641374142,-0.03841059375671648,-1.0
0.29565973430607523,0.8141776253624369,-1.0
1.9102546947233543,0.08200832756759496,1.0
-0.4999658217869101,0.8780872635266168,-1.0
-0.3455319676515043,0.45868968448292013,1.0
2.2865341972205524,0.3191827548672931,1.0
1.6676624970252734,-0.8179335774344433,1.0
0.7353658256306086,0.7319520940106392,-1.0
1.0536181906665316,-0.30186256362450553,1.0
2.2073772918836494,0.1456021985013234,1.0
1.7097761059695105,-0.17988790213669983,1.0
0.9123330874195413,0.307480650851783,-1.0
-0.6187351650614432,0.0354552802749724,-1.0
-0.30236875342419056,0.6471524986422699,-1.0
0.6682805890708924,-0.23593452096148512,1.0
0.8112832065224104,-0.518992087742232,1.0
0.8499364400356607,0.4910603470408469,-1.0
-0.6700563873819745,0.621317286207651,-1.0
0.24698151747047545,1.002382532292712,-1.0
0.4153655190545596,-0.526141083946043,1.0
0.419335343602274,0.817906247199814,-1.0
-0.4187039479649913,0.4714348042814117,-1.0
-0.13594279553031124,0.7613549983158611,-1.0
0.14768517994347857,1.1350651749764729,-1.0
1.732192315846462,-0.5565717751868278,1.0
-0.38989893095770417,1.0062572762448156,-1.0
1.7293381862943629,0.1485222742411138,1.0
-0.9067483861580267,0.6742460561929688,-1.0
-1.0147243374521422,0.6235961398452778,-1.0
1.2649200019129747,-0.19073963667067317,1.0
0.49096392954877627,0.47773470663031686,1.0
-0.8239634378655769,0.03145345584377071,-1.0
-0.23592077003313772,0.08176751677379962,1.0
-0.30629101050327506,0.7158824189827706,-1.0
-0.8369705620095413,1.1551788321263732,-1.0
1.2663748522513723,-0.3689951401037356,-1.0
0.883993315750245,0.5892686627788597,-1.0
0.49986417299812924,0.16416678331847973,-1.0
1.2223413425781033,0.3313482990168416,-1.0
-0.0865790345413203,0.821195563754944,-1.0
0.6169112374298704,0.41730610513124916,-1.0
2.1880253778034158,0.7841112266249431,1.0
-1.127956631635363,0.18823857222015908,-1.0
0.9656898996187073,-0.24902982713824778,1.0
0.9979818151062128,0.7416840646310863,-1.0
1.9289804693237604,-0.7876220617410923,1.0
1.4557378653249642,-0.17246680078691806,1.0
0.6854455857203682,0.3181966919408294,-1.0
0.4782744747679818,0.6752060658935515,-1.0
0.5318429588703163,0.8761575447067356,-1.0
0.37872414553554584,0.6763091914411545,-1.0
2.2872341073220133,0.5713400738980674,1.0
0.42994979569163533,-1.121941807165168,1.0
-0.10232958136555315,1.3669366375892493,-1.0
-0.669434479751504,0.3868823330670007,-1.0
-0.2597625388974413,0.5051516537777653,1.0
2.1689565953051235,-0.08975301698166477,1.0
-0.42905647460596097,0.7586021725679659,-1.0
-0.7108422053259041,-0.0774319846584367,-1.0
0.8457519527317686,0.5738043014901797,-1.0
0.554877939630179,0.14864972497058,1.0
0.7964857416836035,0.5491685341728416,-1.0
0.864811982212083,0.49014842607895204,-1.0
-0.5445738188636258,0.8300691846981261,-1.0
-0.47610126242187734,0.412166702053843,-1.0
-1.095133583363448,0.46299358036031224,-1.0
0.5813007392725775,1.3176223187761957,-1.0
0.3845649615839898,-0.7329422620829235,1.0
-0.6641558548501432,0.36782775994658307,-1.0
-0.8376132647173867,0.24429808990843271,-1.0
-0.008236061077320764,0.29013204887938515,1.0
-0.39177787231870326,0.28829577991844074,1.0
0.734125050367366,0.8029171531875829,-1.0
0.0006633083237562176,-0.14534410177594909,1.0
-0.26027851720844136,0.7244891777084058,-1.0
-0.9297299672059255,0.8425005453562593,-1.0
-1.2022984651864168,0.6330737166171108,-1.0
0.32754534267546165,0.02214817737275493,1.0
0.7504212681718295,0.7612014899226682,-1.0
0.8473627174836089,0.5182950958747037,-1.0
2.0030835673959366,0.19488244577489822,1.0
1.548831753315204,-0.607865295816929,1.0
0.8321205676843783,-0.4678850905908895,1.0
1.985570626855579,-0.33389151993282207,1.0
1.0055701813265272,-0.8731710410368367,1.0
1.2087511785030611,-0.10766595027651271,-1.0
0.767184663690333,1.1950011894912311,-1.0
1.208980230382263,-0.538661040002347,1.0
1.0120559813919827,-0.5136642684252989,1.0
1.2174500702943833,0.09111181594888364,-1.0
1.8871382191852164,0.47342124399586893,1.0
0.45123964630190144,-0.3669815664935811,1.0
-0.4476775421438425,1.230267557868693,-1.0
1.0608016944003003,0.041055063966184906,-1.0
1.3705310173560215,0.1899328028298426,1.0
1.5102694395758887,0.004841846685075937,1.0
-1.188380928247557,-0.15662257406926433,-1.0
1.2565496442876887,-0.4742850665395962,1.0
1.3497193696880692,0.04700664292196638,1.0
-0.17161987315563287,0.6935618250384445,-1.0
-0.09792447721837033,0.21678481363823643,1.0
1.5339300118453125,0.1258929980081116,1.0
0.9262002278265432,0.13564770206608323,-1.0
2.298038253055431,0.17291850828549593,1.0
-0.32898881978920014,1.173733186799219,-1.0
1.3420875135532713,1.0648444312628564,-1.0
0.6343584368745712,-0.028292259912157336,-1.0
-0.9727277167408894,0.9109239211608247,-1.0
1.4383097886631377,-0.18663944801890447,1.0
0.17245934225917567,-0.009885013394663161,1.0
0.11238228399640485,1.023137562557038,-1.0
0.8892478035452243,-0.15943422929316486,1.0
0.2959455031831692,0.7627154062166441,-1.0
1.0408098538189974,1.122284866157641,-1.0
0.3086627370670437,0.6563996528903712,-1.0
-0.8285242373903746,0.4524297463191867,-1.0
-0.5899940124348935,0.10855066314447248,-1.0
1.2014981031848908,0.26316771401140715,-1.0
1.3327551134510174,-0.36112602710986075,-1.0
-0.4714977665546699,1.4114508109334765,-1.0
1.5500380568799919,-0.469279240281773,1.0
1.6147135403745578,-0.2210496506151836,1.0
0.8445593794371618,-0.33964177972704646,1.0
1.0335954746427323,-0.9780973084752023,1.0
-0.06094388563769529,-0.268674117808075,1.0
1.8070480859259497,-0.19583897361849162,1.0
1.2831171504918673,-0.5131248848240947,1.0
2.2618629806040023,0.1489613520675735,1.0
0.10306978905674474,0.047994301383926824,1.0
0.32636879308615757,0.43973883786928,1.0
-1.1071016670628637,0.17936752769114137,-1.0
0.11708443708267724,1.2369089895486522,-1.0
0.20041128389729373,0.379259075795748,1.0
1.6998505026553616,-0.2668789360232389,1.0
1.9889372428968213,0.17274938343226184,1.0
-0.1693798206370547,0.09810346491507434,1.0
-0.5007391991244066,0.6418363142029965,-1.0
0.4018660408665943,0.08664415351642119,1.0
1.7938826326271886,0.3442324829991731,1.0
1.9925226934842306,-0.06398506394364169,1.0
1.0303165241898358,-0.9358392986630266,1.0
-0.2755076505404759,-0.14303406723773876,1.0
0.5919349385871732,-0.5442453411485324,1.0
-0.2208025613312239,1.056365580809899,-1.0
-0.04392614922370369,0.761099982274956,-1.0
-0.8400776746831945,0.3681058565189518,-1.0
0.313642450265066,-0.20133905439226707,1.0
1.27015738143538,-0.3150764856318602,1.0
-0.7030545042333572,0.5969086856575601,-1.0
1.5659552309335374,-0.19580096004684952,1.0
0.0675811831319248,0.3218800494691991,1.0
0.7680674536196773,-0.5720140598172564,1.0
-0.0529206050443225,0.1145629309630194,1.0
1.165273027277668,0.9547639042398554,-1.0
-0.6659988177227139,0.02013773816135539,-1.0
1.5302997878354512,-0.04403936796683905,1.0
-1.34805258301865,0.24479896838204854,-1.0
1.4517202352569814,-0.4731608137026537,1.0
0.8988723875455649,-0.6270960209006704,1.0
0.9107113811127752,0.16236009501248916,-1.0
0.8905070579075818,0.6928510304162745,-1.0
-1.0770028811633439,-0.22605262493770384,-1.0
0.863619132457945,0.09818241033055915,-1.0
0.679974903114481,-0.49104607697731395,1.0
0.8797256350585626,0.8482870003980199,-1.0
1.0084057269739735,-0.47083641059080933,1.0
-0.1081993788896062,0.8802701514134448,-1.0
-0.786973257211485,0.21080429193275707,-1.0
1.0964267710559954,0.44469993805078367,-1.0
-0.25575522072973944,0.08286083098777594,1.0
1.2299131845518756,-0.4522678599961156,1.0
-0.31018437581793573,-0.20710054298916564,1.0
-0.2942375730371833,0.7699251230363708,-1.0
-0.21435099622146464,0.5231775830400014,1.0
-0.8334858998165656,-0.023558540989107837,-1.0
1.7079994374052834,-0.059353634680703274,1.0
1.167905064117969,-0.6770463186436289,1.0
-1.288049306284639,0.6153878410582767,-1.0
0.814189693935141,-0.03614249891802729,1.0
-0.7036799951316942,0.7025922461106759,-1.0
0.1969241256289283,1.1008594643564502,-1.0
0.616903256359704,-0.3064032084675104,1.0
0.6067205776397577,0.7736929960724862,-1.0
-0.7225838412510595,0.8166812594534685,-1.0
0.6072767235856145,0.6099345823190907,-1.0
-0.24828945563521307,1.467939472620032,-1.0
-0.9449405960596893,0.12864672108174013,-1.0
2.0771688225791256,-0.5540880992257182,1.0
1.7368226158976903,-0.6249174008410185,1.0
0.4954325057487952,1.2791315895292965,-1.0
0.8050503053405785,-0.8537678572526636,1.0
1.2728577784557122,-0.15647183600995532,1.0
-0.573891209029948,0.558668922635107,-1.0
0.4948339270402896,0.6188979385245281,-1.0
-0.20537415660895958,-0.6008406578865219,1.0
0.294847111163419,0.12303759521930455,1.0
0.7246318171638386,-0.07721559996934635,-1.0
0.6576091680372297,-0.30622320846022844,1.0
-0.5199722913434891,0.44196236285198975,1.0
0.004294836633261221,0.18019176979055157,1.0
1.7431521992989114,-0.14233248810947652,1.0
2.775667853432322,-0.12667944934082026,1.0
1.1057667688469024,0.4277436367874842,-1.0
1.5522606851853744,0.23439099866418506,1.0
0.8607606949423964,0.20193087663253523,-1.0
0.1532858934838841,0.7350298759938949,-1.0
0.8457024744934885,-0.18160749891382072,1.0
1.9610145242267056,0.6185459085312037,1.0
1.7760755106282526,-0.15937604052238186,1.0
0.6617738721112717,0.9238336325084036,-1.0
0.12337944235916348,-0.09995661753983537,1.0
0.15398859842898657,0.8831473655356428,-1.0
0.5469408336884974,1.033399341647603,-1.0
1.3301757682686575,0.10462403981363444,1.0
1.637414508816109,-0.5826507641131742,1.0
-0.4396987987321761,0.6627420546176016,-1.0
0.8512209101394216,0.5002485032145647,-1.0
-0.4276766470480008,-0.42100196903643294,1.0
0.7224357180247094,0.13949930766166113,-1.0
0.39084724263300485,-0.07278888754622731,1.0
-1.062822364305933,0.4676025003688143,-1.0
0.37840964671152116,0.9129971012622933,-1.0
0.3188769875240847,0.8007866794317544,-1.0
0.05155411363484204,0.16689997847622234,1.0
-0.05947299791032018,1.0041796904395603,-1.0
0.18263172718998935,-0.126144295728072,1.0
-0.17582215641753082,0.31824839395021876,1.0
0.21176614658520032,0.2560303686126951,1.0
1.7708566885387207,0.405435283015371,1.0
0.5103059780515851,-0.5822719597406825,1.0
0.09176730066407401,0.8532499923956395,-1.0
0.7789160878739398,0.2868952790297483,-1.0
-1.1391985656546313,-0.3405946698696328,-1.0
0.010004442307011766,1.0902410165452077,-1.0
0.8257667223047565,0.7711793384415243,-1.0
2.074782417944764,-0.021907274474078642,1.0
1.5274971623632263,-0.7502671761394982,1.0
-1.0944574319739608,-0.011739108555691324,-1.0
0.08134447753015113,1.610715045693759,-1.0
1.1293973583773307,0.7401172240214853,-1.0
2.1861850062611428,0.2801221110773954,1.0
1.8437971346072473,0.18331613297181923,1.0
1.9646865636886202,-0.0024729300772045604,1.0
1.2830606207573418,0.48761453855400194,-1.0
-1.3136994035594973,0.24365063668580328,-1.0
-0.7127500438055753,0.5873307603603445,-1.0
0.7362691855590844,0.44961573980954384,-1.0
-1.1166138449428273,0.251332637316823,-1.0
-0.4968885288916872,0.8426116883087513,-1.0
1.1586296623707912,-0.6258290832905695,1.0
-0.49659967402824434,1.1590060527844277,-1.0
-0.6860629467249192,0.6238062464064553,-1.0
0.9416614436877269,-0.5365241394149621,1.0
2.242288313930208,-0.3000688895140251,1.0
-0.9982422022772967,0.5241992069598291,-1.0
0.5737144274671515,0.10972939976716845,-1.0
0.3546966910732517,1.3056324015981158,-1.0
0.20495697324683626,1.1720003310115032,-1.0
-0.40959809696380756,1.0693983744258242,-1.0
-0.8235881794687359,0.6269935026505115,-1.0
0.6265838019455435,0.8964378609261415,-1.0
-0.27564510503764594,-0.1539171324507699,1.0
0.3669152884149291,-0.7669893887476321,1.0
0.8437707383408601,-0.27349955841163875,1.0
1.4765362523527954,-0.46760453057203166,1.0
0.4716468245609255,0.4811821165939559,1.0
1.2244713311153352,-0.3565063293755701,1.0
0.9517246266258051,-0.37095565208321457,1.0
1.8007083764361054,-0.13035413464153045,1.0
2.2112170759593326,0.14737773459019549,1.0
1.1346684869172288,0.07524516827833183,-1.0
1.6179992521729858,-0.3241851727570436,1.0
-1.2360085779477998,0.33266573540221,-1.0
-0.4430151366688282,0.7377560922493651,-1.0
-0.2857173428094458,0.03742124260386184,1.0
1.6503749543180994,-0.4746499591487302,1.0
-1.3352439334080235,-0.5091573197837164,-1.0
-0.07216549540689683,1.2338035605943494,-1.0
0.34939061591679554,0.8373897611681562,-1.0
0.586545843526241,-1.0490425674870523,1.0
-0.7935894792104705,0.7729740376609759,-1.0
0.7862407820690173,-0.23613156976178373,1.0
0.7848208874183916,0.5611958838600104,-1.0
-0.011395900792844249,-0.7435068420864733,1.0
1.9856499311394773,-0.2898698074128112,1.0
-0.2966904786931149,0.20815646785987396,1.0
0.6929023470871479,-0.8496267856641897,1.0
-0.5446974510914918,0.43733825724053593,-1.0
0.1036180789209385,-0.45897636815408993,1.0
2.4930512597610637,0.24778341807769722,1.0
-0.1603278293683673,0.6090020574927377,1.0
1.079424511232885,-0.6085488174056033,1.0
-0.08863177919350776,0.33240136572019374,1.0
1.3126647198709838,-0.10896825651379949,1.0
0.2890460811766004,0.2658094338633752,1.0
-0.7464683291675107,0.3518308714408128,-1.0
1.2446522044735442,-0.003469328469712041,1.0
1.4457229731674663,-0.10611236836008725,1.0
1.3325613949125128,-0.7802407056543981,1.0
0.026134958589467017,-0.10494125198427054,1.0
-0.04943921903826079,0.04710256980496509,1.0
1.0728002149184173,-0.9237996498871275,1.0
0.29321187823294315,-0.07313109262269872,1.0
-0.48385880633776807,0.617737769517882,-1.0
2.143523106567815,-0.0235029992017802,1.0
0.08700805717018092,0.6795181786898691,1.0
0.6196241547478092,-0.41112746201368355,1.0
0.09473553880385999,0.5365421293510388,1.0
1.2155214436190616,0.2627794350110093,-1.0
0.0004982582791599466,0.7522585589776858,-1.0
0.5549713061723591,-0.37541474044176637,1.0
1.2865765187203642,-0.2838529252332897,1.0
1.2685540499208936,-0.2930343631417087,1.0
0.33155455225217384,1.2392320718603018,-1.0
1.2639433463610419,-0.11942372102528315,1.0
0.9619533106810015,0.6616261623356777,-1.0
-0.027536298233794654,0.4875616383113704,1.0
1.70323240154542,-0.333022309404454,1.0
2.026394586340405,0.056482307547288585,1.0
1.287373208509329,-0.10471971197983079,-1.0
0.4860726420975583,-0.34735916983258674,1.0
1.727265518939832,-0.09964210047531724,1.0
-1.0615782543005445,0.2585064698911427,-1.0
0.4421346936014125,0.7333661787085534,-1.0
1.1073185658307843,0.21675838809142073,-1.0
0.19780450824675994,0.3410124458336856,-1.0
0.36442742094898045,0.3545110148247217,1.0
0.322324032016784,-0.9521153480627709,1.0
1.2772379845369262,-0.16765393066360118,1.0
0.5724408469347524,0.6582107466934516,-1.0
-0.5242911205785488,0.3886311831239417,-1.0
1.0446318648622153,-0.4216821627707375,1.0
0.898510153331964,0.02948906065918655,-1.0
0.33531177490163994,0.0892031719127388,1.0
1.2042845620050866,0.04830836557182491,-1.0
-0.7796811727940522,0.9433093939987339,-1.0
-1.161166392395447,-0.010546416976075945,-1.0
0.22532687153227138,-0.1827763858947059,1.0
1.045401504474781,0.4620783395146985,-1.0
1.5016180506257775,-0.842883774624271,1.0
-0.13270616478396474,0.7177491036275551,-1.0
0.9161965779830299,-0.06667668910523507,-1.0
2.15639377132829,-0.11870418192797416,1.0
0.9554464194295583,-0.14021571141523853,-1.0
1.9588883469960416,-0.6836101821236846,1.0
0.0631446779987721,1.1291982867293218,-1.0
0.4528171735738219,0.747143364043164,-1.0
0.5794275042217129,0.6089901259837818,-1.0
-0.38357060092852235,0.01150577349339605,1.0
1.6441952031508318,-0.14176958874077672,1.0
-0.941185648634869,0.522477596763063,-1.0
0.4999258110309162,-0.6591147929372962,1.0
2.0146722196742983,0.029348110323424964,1.0
-0.12340074990454311,0.5282423073218369,1.0
-1.2267612579724423,0.2831132267757729,-1.0
0.5589037284090976,1.1426654950360273,-1.0
1.8304472363886901,-0.24168606846833274,1.0
-0.6601475658063801,0.39312520987759725,-1.0
-0.7072808071937211,0.8734822514881125,-1.0
0.8797030474999199,0.45649179235474924,-1.0
0.4450375687861621,0.5665120960925051,-1.0
0.6737722610283088,0.3204391838498397,-1.0
0.1590491226519995,0.7850661174147974,-1.0
-0.5157073475322037,0.8544177073338272,-1.0
0.536284083885891,0.9560967369687884,-1.0
-0.33111666339359913,1.5303847783124471,-1.0
1.5953565609182696,-0.315038986653296,1.0
1.2308100976769605,-0.5068849490212654,1.0
-0.8642812472817379,0.7775198165966725,-1.0
-0.35625594140854605,0.9101340079365876,-1.0
0.8486263173949904,-0.1400122858035848,1.0
1.1937640504345444,-0.3637259191424313,1.0
-0.36182323694679125,1.0291308424857797,-1.0
1.134314403928157,-0.3414068892142374,1.0
-0.05769181133689544,0.6615074385046276,-1.0
0.5937614568578038,0.6862518456333144,-1.0
-0.13297341315930897,1.0776088798531704,-1.0
-0.01701492152070968,0.5939670627563953,1.0
0.4509188838414106,1.1431183591670775,-1.0
0.26816252700224313,-0.2056775642419523,1.0
-0.22450087374132477,1.0275130777263515,-1.0
-0.8647088809836433,1.0181567171365613,-1.0
-0.2093451408952468,1.1268087994109406,-1.0
-0.2240739321601591,1.1796007010803156,-1.0
-0.104921283586869,0.5855681398763054,-1.0
0.773636436620846,-0.4292694582239668,1.0
0.52699178445311,0.6328284876019712,-1.0
-0.7398872707975414,-0.04577138791248958,-1.0
0.8428757225252396,0.7460734246938947,-1.0
0.9466002528975019,0.08103150770876613,-1.0
0.7287728157462454,-0.3873503818896002,1.0
0.017869530701562095,0.466070956499101,1.0
2.5143485933337697,0.3880275036690739,1.0
0.7576042567092746,1.058065555287802,-1.0
-0.7727039318576726,0.47004078245055647,-1.0
2.093890837480903,0.22209451798744168,1.0
0.5351390828735534,-0.015711427075916162,1.0
1.077687384397771,-0.7679214192988333,1.0
0.292503353878544,-0.10141677734517823,1.0
-0.3884245577433728,1.193448765040036,-1.0
1.7207717753301583,-0.24682024822725201,1.0
0.9037194396219814,-0.7057377990843673,1.0
-0.7619604858394248,0.783626162882691,-1.0
0.34575051629703435,-0.24298866070182953,1.0
1.287386796399012,-0.6721662769073296,1.0
-0.09072628279579023,0.22736959061600864,1.0
0.6822799944165044,-0.5687777577655013,1.0
0.6991488808902264,-0.6467936053605157,1.0
-1.2221467870442397,0.8544373662881664,-1.0
1.007965461637101,0.45409422215987183,-1.0
1.9666432016315474,-0.38429241379990997,1.0
0.318761358962276,0.7655665714654083,-1.0
0.4312308728749734,0.14031240302270068,1.0
0.7848223645670416,0.37988075838969315,-1.0
-0.8986030322965691,0.1243930588688264,-1.0
0.9925439376899661,0.7793674096614067,-1.0
2.1099307783833057,-0.6074977759673722,1.0
1.904442433243852,0.1270001119498535,1.0
1.403918447982326,-0.4087870786258171,1.0
1.051956656869549,0.07312430675542758,1.0
1.97950019770508,0.13562910985511686,1.0
-0.7471751367819437,0.05262950641228484,-1.0
-0.2371905690870797,1.2231966361029873,-1.0
-0.8900228874947722,0.9312159334772467,-1.0
2.2411906006791407,-0.4802654900483897,1.0
1.0765072024331965,-0.2291402554733854,1.0
-1.1527770363362626,0.7916990040306875,-1.0
1.0610341051785137,0.4292311210908592,-1.0
0.8359648686970952,-0.1887789989100978,1.0
1.39750595382053,0.0711093480767814,1.0
1.5884662814646482,-0.055285139620673884,1.0
0.6348996676141561,0.8587999842615337,-1.0
1.020573155961338,-0.5125522651811691,1.0
1.7089755136733638,0.6598139530544695,1.0
0.1070921961444867,0.07192238707754106,1.0
-1.4210038805454035,-0.06607416640214575,-1.0
-0.4489512955940866,0.2549976814966449,-1.0
1.9473083222517495,-0.05683323707013785,1.0
0.6668834662538858,0.16449376877897984,-1.0
1.3308280794383396,0.2138025750701758,-1.0
1.7549039470384153,0.20801371545978095,1.0
0.904076199188262,-0.08645218579514946,-1.0
0.8853823447676334,0.21754022195796857,-1.0
1.2219673663379775,-1.0676512110426017,1.0
-0.7088258343735326,0.19163850767458962,-1.0
-0.37716596459557156,1.0939116435744232,-1.0
-0.44299908404972205,1.3223273242517595,-1.0
-1.0205184126460798,0.4008569796344088,-1.0
0.802839844230889,0.4602881212102832,-1.0
-0.20687765129745178,0.7906517112165561,1.0
-0.11466740823392005,1.0709396863700076,-1.0
0.4146643198358755,0.5712629583534303,-1.0
0.13753190657815673,1.5376792738846004,-1.0
2.1526348304218947,-0.04131555629380673,1.0
0.10549934697975102,-0.2966147272540111,1.0
1.2532434134437895,-0.03446559563115515,1.0
0.4568981373439873,0.19819299128560391,1.0
2.0465519916746415,0.19964372232210886,1.0
0.08974955861512342,1.1166119029068442,-1.0
0.5306581899575934,0.3812225617587873,-1.0
0.2859124188151465,0.6826018646681082,-1.0
1.6913585798250483,-0.18664834478602219,1.0
0.7616698817560135,0.44075046784593425,-1.0
1.8852341527939718,-0.25097170721522855,1.0
0.1524713634408627,-0.10048809455891702,1.0
0.19955590557903705,1.0274146202410022,-1.0
0.10045629328312296,0.48288602450608487,1.0
-0.8729713567253051,0.30032881854249754,-1.0
-0.06990369167584998,0.24232413120588997,1.0
1.7027638202921787,0.8040552264436162,1.0
1.065841454003833,-0.03186009482378466,1.0
1.1823370846451935,-0.6097471163254323,1.0
-0.19697863460907167,1.3079927941065541,-1.0
0.48451672191263045,0.08565648814134444,1.0
1.8118073178503062,-0.00045372551017372476,1.0
-0.05582481883102,0.9920124665717465,-1.0
0.6631729812648948,0.7186876650048104,-1.0
0.30622436333657344,0.8964270464627411,-1.0
-0.3890291864744744,0.018529182632346042,1.0
0.5561869363280614,-0.6828214115972877,1.0
1.6980271165134782,0.6538122115596456,1.0
0.9071640833232875,1.2760431001032817,-1.0
2.146694910214046,0.7690040615530307,1.0
-0.9680890932033482,0.34218165036073706,-1.0
-0.9765172062200813,0.5595119224787058,-1.0
-0.8056703318392048,0.7374158782740097,-1.0
-0.7813083842886903,0.22849409433730855,-1.0
0.24420835939100774,-0.05305576237548587,1.0
0.9460595480391998,-0.4737265877807049,1.0
2.061536043186221,0.934446872364256,1.0
0.5593223289570481,1.111445748481648,-1.0
1.0328130507126356,-0.09233472487312758,-1.0
-0.9050327893828739,0.8036632896494806,-1.0
0.32991225127710516,-0.23998753253059552,1.0
0.32299274332331235,1.2586056879066527,-1.0
-1.1223262486865822,0.0963551890327062,-1.0
1.7134275120788522,0.3840174917224991,1.0
0.6600931909482828,0.7663512686802839,-1.0
-0.7853733353433602,0.3228939078648537,-1.0
1.78041404526667,0.640366419832945,1.0
1.938117358801453,0.3541395364818024,1.0
1.727804626563248,0.14116229401451394,1.0
-0.06685021098949154,0.7348538295303644,1.0
0.27591720846577555,0.6306291044104316,1.0
0.951613227765186,0.012308318384533612,1.0
1.1437776702276787,-0.8557484802499056,1.0
1.2684099485539246,0.46832945166137596,-1.0
2.2845963094884953,0.23051231349130596,1.0
-1.0077309393152152,0.3290683714035899,-1.0
0.8091623652552367,-0.5051240381401148,1.0
-1.602657856798268,-0.03094963922682592,-1.0
0.49216201844351604,0.2111301278833601,-1.0
0.6816877889986614,-0.025336887535240937,1.0
2.2352433937171687,-0.03343230358535071,1.0
1.6452196116750777,-0.2567000899587646,1.0
1.105510545483859,-0.3952580212860978,1.0
-0.16146162378131645,0.16956142659388665,1.0
0.47116949630785687,0.27996740553426924,1.0
0.1783296596377822,0.8861713208511526,-1.0
1.5145840363341552,-0.4231591663568036,1.0
1.1734867368797515,0.41608685420011193,-1.0
0.537915549513154,0.45664962045509144,1.0
0.26352960799669933,-0.30846693735303155,1.0
1.2004709826500086,-0.49359770027507094,1.0
0.47697075842477066,-0.11040002396834689,1.0
-0.34133080163100193,0.18851348111994054,-1.0
0.7289952268316462,-0.5913024055828606,1.0
1.3188455843456142,-0.4069635888081913,1.0
-0.6908481499806306,1.0926584714571348,-1.0
1.1908926129934743,-1.0529018626877313,1.0
0.46924253567885765,1.6218484384013327,-1.0
1.6399848869798739,-0.45818617016359675,1.0
0.3966476154068872,-0.464707664817726,1.0
0.11858470282423086,0.24534538046609805,1.0
1.9667105813654184,0.09832289837942032,1.0
1.2264431771597668,-0.5432473237377762,1.0
-0.62352623024026,0.42502612719902866,-1.0
0.7967577479591091,0.4227932889203711,-1.0
-0.9126523560867739,0.6335599804381187,-1.0
-1.0244236981513404,-0.2615846943572328,-1.0
-0.9598586308786705,-0.05805239188565263,-1.0
0.7043798322963265,0.38576941120049824,-1.0
0.20249066358170356,0.6768936550253452,-1.0
0.358158843764515,-0.2399120113124923,1.0
1.5572481908976739,-0.585229690597761,1.0
-0.9273075376391346,0.7327906930080105,-1.0
1.7057661534698134,-0.028548865768868142,1.0
0.4352917318282301,-0.6495817653294208,1.0
0.039550066282696646,0.2541804456168294,1.0
1.14336034306266,0.31967580909231424,-1.0
-0.4191906884525916,0.7666634228324386,-1.0
-0.4666933687649712,0.8822658559251104,-1.0
1.4958661012454302,-0.6502340609869082,1.0
-1.0057573683843866,-0.24659163815172647,-1.0
2.0770229306686057,0.12794183065436948,1.0
0.6937975616331509,0.4246881699306002,-1.0
-0.17171449627569418,0.09124454111992597,1.0
-0.03021080499955439,-0.13227607739338795,1.0
2.0705483080600535,0.4750512680909944,1.0
1.0056886582883708,0.37287265903127265,-1.0
0.8559352260600968,0.7009452973041511,-1.0
0.07214732324050535,-0.0381284155261305,1.0
0.6226513453213631,0.41986229100537337,-1.0
0.2162978977132679,-0.08006619107146043,1.0
0.2996723781900302,0.9429497495090091,1.0
0.35237114196821784,0.9296324351124651,-1.0
-0.7218629477617713,0.9863154057280608,-1.0
0.5442625098023012,-0.5585514856310309,1.0
0.47387280731623566,1.0106039496512151,-1.0
-0.4502646472402459,0.7879193050682995,-1.0
-0.35128849976239895,0.8793922695619028,-1.0
0.9435941865622097,-0.2686639310969119,1.0
-0.3679011327632532,1.0334516754692333,-1.0
0.6725149111007416,-0.6892089429721951,1.0
-1.0320755675682882,0.829300307802332,-1.0
1.632606985598728,-0.05703098418974828,1.0
1.6487936835485124,-0.9048486010347759,1.0
0.9396675556075579,0.33203320313611295,-1.0
-0.10210502146955702,0.429099707159675,-1.0
1.9452683991996433,-0.5060264474307644,1.0
0.4581351840130969,-0.3329097447872905,1.0
2.0652943263203722,-0.06795863721457407,1.0
-0.7097014053744612,0.7913616587245711,-1.0
1.1897044521587536,-0.6041062313888433,1.0
-0.3618228249406961,0.6777713949247001,-1.0
-0.3408087656187301,0.7858629079060364,-1.0
0.29570031700363775,0.8895322496717021,-1.0
0.4373513157714872,-0.4178135301960308,1.0
0.17511529493845196,0.37898528151221045,1.0
-0.17005814930918275,0.9332733005236723,-1.0
1.8338516792863409,-0.41338849927597876,1.0
-1.1156853960630777,0.36481350542594554,-1.0
1.8071371294701222,0.2515603021892061,1.0
0.14925257782252171,-0.24412442623750932,1.0
0.21930496892009124,-0.08122818143143126,1.0
0.5047230056928885,-0.215233364158334,1.0
-1.0575678979594412,0.6481146673715721,-1.0
2.1642750029682913,0.03323586783967294,1.0
0.7054982625153281,0.1881537833617748,-1.0
0.5939168701415006,-0.38059474140480226,1.0
0.281198345655776,-0.4110440252589102,1.0
1.7862556858426237,0.2274130718879923,1.0
2.122624227063132,0.4252492137535185,1.0
1.3109620538209101,-0.21160552589478737,1.0
-1.1015979582038187,0.16522269832341843,-1.0
1.052436129002051,0.07781096411119776,-1.0
1.9062524564479946,-0.6650872777746839,1.0
1.9739528617017887,0.6147081514651871,1.0
1.0709054033180936,0.3627027001915147,-1.0
-0.6085202638355915,0.5823276350948359,-1.0
-0.07731860253930056,-0.19311511525515582,1.0
0.3453714644805185,-0.5721704929916678,1.0
0.22323909167854616,1.01443239087371,-1.0
0.5114636456477012,0.9079577626380895,-1.0
-0.3797733922324985,0.8655661661207548,-1.0
1.4468735052983939,-0.04321003720647451,1.0
1.4141806345113905,-0.34286030435374837,1.0
0.11486100142602614,0.4153990027932134,1.0
-0.2050259225273091,0.9229415938675294,-1.0
-0.5711616443118844,0.8645802102996984,-1.0
1.747061211428421,-0.22297946656501558,1.0
1.0723885141917273,-0.7900772735008641,1.0
1.2812746676990097,-0.05014859255345265,-1.0
0.629411095018661,0.545934286175111,-1.0
-0.893221989203886,0.8476266268577147,-1.0
1.8798008149661949,-0.008744626207580639,1.0
0.2979206577955325,-0.5571878621676809,1.0
-0.9671833870464673,0.012135439668536196,-1.0
1.5606156281627837,-0.06392948562153725,1.0
1.675027206569711,0.5326675173934654,1.0
-0.5108362868992216,0.5850823651819843,-1.0
1.0190263219217879,-0.6198138925705268,1.0
0.43122435414706906,-0.166480019301117,1.0
-0.8130469533998994,0.2050123323992566,-1.0
0.22921708742301972,1.04701978209214,-1.0
1.0161352052486472,-0.180449850779492,1.0
1.589176036885733,-0.10792782996020948,1.0
0.2892528338218029,-0.23255625424025927,1.0
1.7707383245855524,-0.5868642271147531,1.0
0.16480069673744516,0.621862713571725,1.0
-0.023541297067766864,0.7700809493220813,-1.0
2.0171124814005696,0.21368737922999828,1.0
0.5929147181451824,-0.4968666308087439,1.0
0.6702419763122258,0.7278596247787543,-1.0
0.04695343646721648,0.5698275421263026,1.0
1.3908095983153805,-0.4337746018292959,1.0
0.8965794074587595,0.35425802892874736,-1.0
0.7370417589286151,1.0059516523679988,-1.0
0.9052085376733291,0.41212743707320193,-1.0
0.8309114644165083,-0.08574337839249185,1.0
1.041208786119233,0.3128971521599635,-1.0
0.37814142700709563,0.5609271859605562,-1.0
-1.3874046315316497,0.4310429169339771,-1.0
1.8861175399008798,-0.33995230717462355,1.0
0.835504844059005,0.5115317722892209,-1.0
-0.6254664465442824,0.8877382978671693,-1.0
-0.15829064368521514,0.9645071793549084,-1.0
2.3106917016553905,0.5596676177123672,1.0
0.32485892304000064,1.0632645351276366,-1.0
0.08492056914790058,0.7566616500945293,-1.0
2.0791647689392314,0.45620384018824345,1.0
1.1177301923887364,0.0659599604752664,-1.0
1.3939355307791963,-0.604006709578293,1.0
1.0615739184445625,-0.00035875488908437836,-1.0
-0.11859945897776253,0.34320417356793054,1.0
-1.1026541113928605,0.09332810803500968,-1.0
1.1475175017917583,-0.6545280651649178,1.0
1.6117100881877502,-0.051422162469433874,1.0
0.2234810515591209,0.23462926869369122,1.0
1.5766991088736715,-0.14543039618743464,1.0
0.597804133041049,-0.40552078941085257,1.0
-0.012285560702366888,0.36462973074578575,1.0
1.6384950574836465,0.13075193849324096,1.0
0.9986864919387993,0.37807786714721775,-1.0
-1.3359162731998016,-0.08630832616907907,-1.0
-0.40316077246396764,0.8893645640066511,-1.0
0.45980375177828103,0.13962782979907495,1.0
-0.3161434433853233,0.866963472067987,-1.0
0.6810495273618863,-0.2624960648695715,1.0
0.3457501786993502,1.0376100268935096,-1.0
0.7231564049104664,-0.14926971373616782,1.0
1.3507932041236765,-0.0645302692596017,1.0
-1.162505373919191,0.1520581659614706,-1.0
0.31629265914648974,0.9950642376346929,-1.0
0.7666149100425124,0.30039385543650826,-1.0
0.3668482588151348,-0.48130113537565655,1.0
-1.0182598909470544,0.0709816692233931,-1.0
0.10875684253315719,-0.0824637370444381,1.0
-0.20164320141608794,1.1224583819546912,-1.0
-0.9485028449871118,-0.06568960738685535,-1.0
0.314724432249885,-0.42080954377854896,1.0
0.9156205945161932,-0.09075801196392858,-1.0
0.6596494415533257,0.7345106561956727,-1.0
0.5290199814655078,0.5595271423554463,-1.0
2.3456113910983865,-0.07645672398413678,1.0
-0.8802138114734047,-0.1963187654842521,-1.0
1.1311743962169327,0.7779774246373893,-1.0
0.012115651827325394,0.9517853980497055,-1.0
0.5395672066649752,0.44461562288322337,-1.0
2.1922445967050757,0.21491677278226318,1.0
-0.04243460750578673,0.6591237135184675,-1.0
-0.2700779833121997,0.9825459094336734,-1.0
0.4599786794104209,-0.5608450041761722,1.0
-0.05778778904121458,0.7021849387531127,-1.0
-0.9983517145022104,-0.06886340035591074,-1.0
1.9801561449031735,-0.21168156085076223,1.0
-0.6045732458697584,0.23333466602347808,-1.0
2.0972844247725297,0.5615848899759641,1.0
1.029395585214525,0.1343066880056583,-1.0
-0.017650753430090996,0.30748705653410974,1.0
1.215928279319106,0.07870705564797087,1.0
1.8896401334143682,-0.34087335791550355,1.0
0.17752259179166055,-0.016584525511410264,1.0
-0.18941266493672135,0.8718985086204286,-1.0
2.5085486716234757,0.7981260862219023,1.0
0.8395279056642065,-0.17965557493426534,1.0
-0.7433432422045052,0.915497718917034,-1.0
1.1205366223593898,0.8622196867148011,-1.0
0.7706578445243601,-0.7759263767142239,1.0
1.7370187472062208,-0.5943975283240674,1.0
-0.09230262944754239,1.3548203124330502,-1.0
0.08681920481205335,0.6962112111414658,1.0
1.6729781677336264,-0.6762822021803108,1.0
-0.22320664033414753,0.5247488140913572,1.0
-0.32913595089047887,1.3264239128210122,-1.0
1.9054260755875294,-0.20953095718893677,1.0
-0.5183838303560026,1.1084854534551731,-1.0
0.10573413747689164,0.9248428304602241,-1.0
-0.5681699655277648,1.008132425288625,-1.0
0.34905167964474665,0.08403250409459867,1.0
2.189260836126016,0.04267846895435712,1.0
0.16174147157958502,0.3810526610839943,1.0
0.22789118540926212,0.8506250184270205,-1.0
0.32903239344348123,0.4247958985843321,-1.0
-0.7425532651498087,1.210779081191448,-1.0
1.0809623668197599,0.8691709205958142,-1.0
-0.3203122812615636,1.17651742194198,-1.0
0.5901284521351376,0.39715785491845046,-1.0
1.1912080394280113,-0.6678477026556093,1.0
0.47629228007729074,-0.2761139814602911,1.0
-0.11385073318913082,0.21491660532136828,1.0
-0.054773762315758145,-0.3986474020735302,1.0
1.889979182959376,0.36829778962266907,1.0
0.18834763117948677,0.8871654682130914,1.0
-1.060231051517738,0.33554729734900884,-1.0
-0.19682683819332908,1.249180385255999,-1.0
0.17243480668998373,-0.5356072523627335,1.0
0.5811005056913092,-1.0439937262507537,1.0
-0.08246992808711189,0.7343163706577157,-1.0
1.9467629174077605,-0.565649492992644,1.0
1.2205069523299656,-0.5360961857100128,1.0
-0.1330978116494707,1.2495463065982133,-1.0
-0.6736918904245545,0.9572422980364783,-1.0
0.12194610922131091,0.22088603346775393,1.0
1.6761925032719287,-0.03481344652069168,1.0
1.3528275523964797,-0.1933060123062218,1.0
1.035319160731159,-0.2803564067562435,-1.0
2.0033728135536952,0.11848941013709302,1.0
0.0804125550793593,0.12544504773321347,-1.0
0.35590801900117885,1.338870701641864,-1.0
0.7739963960553253,-0.27638508864872,1.0
-0.967401411083343,0.1120048469344926,-1.0
0.9156108448500583,0.32812136811612075,-1.0
0.19943086325398285,-0.041096041333086,1.0
-0.6819312457028394,-0.13714995360948146,-1.0
0.23844824925667946,0.9285178671566564,-1.0
0.738812950533515,-0.6256311193960562,1.0
0.1307464201431795,0.16924327884878032,1.0
-1.0103474429742874,0.606280919333002,-1.0
1.2130573211285507,-0.7575391469888604,1.0
1.2321630773165133,-0.18769501906176783,1.0
-1.4379115021971014,-0.12989530426855012,-1.0
0.4237589907477448,0.12241194751978238,1.0
0.5622416580161047,-0.04595957143177039,1.0
-0.06352522656297563,0.4779270761895838,1.0
0.637987929415762,0.4707500247020465,-1.0
0.3094066070927981,0.10754402361985871,1.0
1.0046850045905595,-0.41377937135398085,1.0
1.9120454833274052,-0.09453622526841954,1.0
-0.4058178178408537,0.5482883764507561,-1.0
-0.004321817622946672,-0.34382551904002046,1.0
2.1277331834472264,0.21854285924452674,1.0
2.3825195274703175,0.20423400053919613,1.0
1.5810862487652662,-0.6107319003019591,1.0
0.6611964455101146,0.47379557657258065,-1.0
2.4371913452003495,0.26039684413604525,1.0
-0.8665831995605621,0.8205444784046932,-1.0
0.03850164290891475,0.9775263647796648,-1.0
-0.33228982489106007,0.788956503308298,-1.0
1.5202137476571753,-0.1690785549220818,1.0
1.2128634380393517,-0.2594430060108876,1.0
2.1232772989756423,0.4043557425874218,1.0
0.8780830688365795,-0.6711962017247215,1.0
1.4848028408355283,0.10988849721520755,1.0
0.6199547335824164,-0.5773906735501557,1.0
-0.8013591310383701,0.5089219150262649,-1.0
0.958031200456918,-0.6040721427942796,1.0
-0.8000473651425114,0.41930421305349685,-1.0
1.1445320799248333,0.9628346711685153,-1.0
-0.5847976381881781,0.8555505964256884,-1.0
0.34479516060338167,0.04950276865196124,1.0
0.5875130294322941,0.0247641017416545,1.0
-1.0807072724212166,0.21029342029429776,-1.0
2.0381604603042938,0.48278247667362295,1.0
0.2658871605550154,0.4842520383158099,-1.0
0.87530979060083,0.5450750445988676,-1.0
1.9036409948379756,0.4173706114172123,1.0
2.1080496143226775,0.7877732454194374,1.0
0.6708523323657523,-0.2990512023587288,1.0
-0.5531300857485306,0.7183225345612457,-1.0
1.9342359310189698,0.2035278686620248,1.0
-0.792976298749828,0.9885051005432794,-1.0
-0.6334496318382956,0.1952867970655416,-1.0
1.413889028348209,-0.4868663343015949,1.0
1.279381436777995,-0.9051835433674422,1.0
0.5272619235463071,0.8626922679424492,-1.0
0.32570093547338286,-0.6215140892087033,1.0
-0.013459816313824445,0.828423738303597,-1.0
0.9270548219287624,0.940320833218346,-1.0
0.06989100096207673,0.7507119935138105,-1.0
0.6557036734617743,0.3413611685899168,-1.0
1.9220627477652696,0.16318998885808247,1.0
-0.6795414028802768,0.11200475738212255,-1.0
-0.6199598474638361,0.7913316511952836,-1.0
1.3842810274482409,0.14766118104662712,1.0
0.05166604640421457,-0.561641777664316,1.0
-0.8161315474675734,0.21495871974340408,-1.0
0.2700177785481446,-0.7100352411270165,1.0
0.6425454983052821,-0.192512712121926,1.0
-0.201793957372363,0.10311836624012052,1.0
0.6786742455425837,0.9817185272434946,-1.0
-0.07141422363261118,-0.3646131400810707,1.0
2.4367820284710433,0.43068284358844583,1.0
1.5977494866466824,-0.29619668822541523,1.0
0.32890104555063393,-0.1652140858770459,1.0
1.653459047893466,-0.34463358165621816,1.0
0.30352471733604713,-0.12503487980292935,1.0
-1.092894211902464,0.8731899291073588,-1.0
-0.15239912986642062,-0.148454046101131,1.0
1.074349196713789,0.030941698978783808,-1.0
0.2565701998690188,0.1499937044280999,1.0
0.6455777913558098,-0.3956145100931061,1.0
0.14185867831973561,0.8218936138764596,-1.0
1.9000793630054809,0.06040225829987729,1.0
1.8716298212972624,-0.44322100278753496,1.0
0.5729137724223713,-0.6325306928986316,1.0
-0.06377228320323633,0.9232987890570113,-1.0
0.593719845020266,-0.4357345447883241,1.0
-0.13450524231435917,0.9267911384278039,-1.0
0.6940025148354673,-0.02515264113090493,-1.0
2.248082346467508,0.09026969363662252,1.0
-0.14847866312625357,0.43105150182899254,1.0
-0.3334046899457714,0.8078563271232855,-1.0
1.924424521673578,0.41255314421069555,1.0
0.9636734006703142,-0.40409171314434206,1.0
-0.8363253125087311,0.6955107187500502,-1.0
-0.06772094706396156,1.0750941030005963,-1.0
-0.19283462390990988,0.9868144797671877,-1.0
0.7900255570407186,-0.6151176610273779,1.0
1.1840660995699328,-0.6366056159421511,1.0
1.003885744424601,-0.44135852867832104,1.0
0.7357583275867432,0.8258584464554194,-1.0
0.6759039653721968,-0.38795786967379464,1.0
0.5639941527717585,0.9006976840880393,-1.0
0.3434698453521896,0.9511559796764284,-1.0
1.2593399510995313,-0.4584334270249967,1.0
-0.5678399646602565,1.21127791441183,-1.0
0.6089613262188271,0.7928039388495616,-1.0
-0.7346343872073773,0.25826042375676495,-1.0
0.8214544549873897,1.1222534400749908,-1.0
1.0079416236886332,0.1545398161156235,-1.0
2.066765848554252,0.25893303173160465,1.0
-0.9621327168372639,0.6313694278538367,-1.0
2.1987296505650233,0.5926910225369277,1.0
1.765285480028167,0.29171913297479846,1.0
-0.36583045248581697,-0.1124816484025204,1.0
-0.819391112459561,1.0146901501109025,-1.0
1.4742906499223334,-0.8561892450565256,1.0
1.4582820488608417,0.8029381016806948,-1.0
0.6034167071945893,-0.5171236636176422,1.0
0.4263163728943983,0.23431939444556005,1.0
0.6749672461443563,-0.32067066499228125,1.0
0.048144210669861576,0.09317259341648984,1.0
2.011661257314588,0.30310674356082745,1.0
-1.2599882134255223,0.16125892675891992,-1.0
1.4779076197704413,-0.5298981271248653,1.0
1.6677117086079103,0.14499607923788252,1.0
1.7247369212601473,0.10423903782467608,1.0
1.9523185286942648,0.1797812046119964,1.0
-0.24170055518917966,0.8097028238698326,-1.0
-0.1540971997710206,0.5635751507869812,1.0
-1.2550280566101402,0.906137670006185,-1.0
2.065603813278154,0.17533094683833983,1.0
0.9190052196551695,-0.05718944276419147,1.0
1.1926970983713856,-0.5142492911838132,1.0
0.26978289634414887,1.207443158201853,-1.0
-0.6928217359330588,0.9213851941243548,-1.0
1.260520437536543,-0.4833192851268228,1.0
-0.6310261563687087,0.8326764509515111,-1.0
1.370802150507622,-0.43584279252605385,1.0
0.7633248285139131,0.5937591678724796,-1.0
2.608496160470206,0.1277865894527754,1.0
-0.42757467083140743,-0.3213823917644757,1.0
1.4044379131556646,-0.444648598506865,1.0
0.826808149717951,-0.5068869663918754,1.0
0.23169139122264498,-0.1048208069252869,1.0
1.793794184525044,-0.11337137406077943,1.0
2.140246196979892,0.007630175687393437,1.0
0.39491128866362957,0.28343141710697073,1.0
-0.5399166647705849,-0.1507134933598286,-1.0
-0.020669156085878757,0.1331045964060689,1.0
1.7069429543155628,-0.3694081408965547,1.0
1.0347845398471391,0.5319409443601788,-1.0
2.0640083753409812,0.39758268531833635,1.0
-0.40214553886021687,0.91007149119142,-1.0
-0.022975254698434006,1.193041020493255,-1.0
0.5689184939757439,0.44785211696681265,-1.0
0.7632297588767858,-0.6631754980664786,1.0
1.0174973836264625,-1.0622411163104648,1.0
-0.3974194424368651,0.7360848090482618,-1.0
-0.7973881448735536,0.869851325756245,-1.0
1.7659994908945418,0.0804842438374435,1.0
-0.13895062708900446,0.9558296289530358,-1.0
1.400017209381589,0.7748322243270473,-1.0
-1.0765990629785254,0.8114902293884327,-1.0
-0.2024108112590225,0.9574293938441122,-1.0
-0.09916742538153278,0.3300331002689127,1.0
1.3879701005893907,-0.008845217623069834,1.0
1.9249756585296134,0.2587432638362386,1.0
0.6954324055323424,-0.047582627415406864,1.0
1.8231461467247763,-0.46617835258478274,1.0
0.46880175549049996,-0.6085766709879787,1.0
-0.9133668579651674,0.5882893038203014,-1.0
2.039985340846153,0.5700369368460985,1.0
1.523984741710417,0.03525421968602763,1.0
-0.20194548985592065,0.15097280218020295,1.0
0.6792648503523084,0.6552178014713872,-1.0
2.3758248339073424,0.09213789327024755,1.0
-0.7249713477948891,1.008168024716303,-1.0
0.45583666434726977,0.6864776658182602,1.0
0.8796325941041693,0.17234212943730431,-1.0
1.475901765923177,-0.22011397701238222,1.0
-0.214265629110838,0.633717195297367,-1.0
-0.04365847262537645,0.1353104498535929,1.0
-0.33884015045166127,0.33333993792457084,1.0
0.6952014470651229,1.0404548898415746,-1.0
1.7914821607181564,0.3910916946585676,1.0
0.9169463826512425,-0.32342198306579756,1.0
2.0153025330348986,0.13666970566511724,1.0
1.2116488255501716,-0.18160444617035615,1.0
0.9459280174131589,0.7715550952385386,-1.0
-0.819535314488785,0.4680480310800802,-1.0
1.783217713773095,-0.26865941374701224,1.0
0.23535608229479688,-0.30665020449135927,1.0
-0.5337818520386483,0.9026570990310212,-1.0
-0.45326969620249313,0.7987209296036839,-1.0
-0.7846019644196174,1.1390362237101608,-1.0
0.719168242185749,0.7344618168920333,-1.0
1.523787230067108,-0.7194590716372338,1.0
0.4825157167935897,-0.2881050294218058,1.0
1.4768049963464018,-0.5237422507764972,1.0
0.09042920926386608,1.2827667847829591,-1.0
0.94310077184556,0.28948826289252316,-1.0
0.347364329655687,0.6059635478647492,-1.0
1.0162730982415946,-0.3401744534654101,1.0
0.7568717441573216,-0.5310013941532803,1.0
1.1597975686875714,-0.5904827861134032,1.0
0.18281072326042191,-0.12307720401617038,1.0
0.7180892969975238,0.5845273936600524,-1.0
0.8322463251402651,0.012163067474802723,-1.0
1.0434614425028277,0.3459455197590159,-1.0
-0.043702880832113156,-0.7364706247129569,1.0
-0.1453962967158669,1.1587299972845426,-1.0
1.7812398946314867,-0.15679087050010224,1.0
-0.7115800552880398,0.17272543971148913,-1.0
0.09778902174454365,-0.04243116028849622,1.0
0.9135731077323757,0.7628074247104926,-1.0
1.7825462984147147,0.06215333024962838,1.0
1.6566954982917672,-0.3090749943534966,1.0
0.8595610948104058,0.8073527924449784,-1.0
0.5084930732458981,0.10925489970459712,1.0
-0.584953120742737,0.2599135264661458,-1.0
1.9047674760955986,0.25101485387084527,1.0
0.7873328367759098,-0.4120204817721863,-1.0
0.06609819013861479,0.6325006023205372,-1.0
0.5608296327320248,1.112704442446962,-1.0
0.5944333875373873,1.09210894620732,-1.0
-0.9313119240756226,0.3543186709086233,-1.0
-0.3741318038048937,-0.17206532291397236,1.0
1.8457084088580933,0.40179230148293926,1.0
-0.42948640462974413,0.27054397959248,1.0
-0.3355597355982538,1.244757721912144,-1.0
0.8334319061679762,0.8501763312596834,-1.0
0.35705866614954385,-0.4649215923678951,1.0
-0.572091378665927,0.8017094573047807,-1.0
-0.29115958981375206,0.9736197709927727,-1.0
0.4737975250987343,0.8072364559452437,-1.0
0.4687011313572129,-0.4442096807755308,1.0
-0.4562827271783142,0.8025067615330497,-1.0
0.8193158723704419,-0.7898511523525275,1.0
1.525666730720097,-0.05245787444272837,1.0
1.133624193465516,0.35472435997265134,-1.0
-0.5096868811888481,1.0270577255738678,-1.0
0.6039028687955961,-0.25388021339739314,1.0
1.6423005561606903,0.050891567982499414,1.0
1.2923405394509304,0.37505274016812007,1.0
0.457660539086548,0.21036405298392097,1.0
-0.2591564293027187,1.2902922762151823,-1.0
-0.10535367980224497,0.8106429780965261,-1.0
1.7627912310677183,-0.15570613715457957,1.0
0.4284813699573896,-0.7142791017094847,1.0
1.1548567468750575,0.27155988684722887,-1.0
1.64811733971975,0.38640425911500714,1.0
0.7014718642157077,-0.5742981830066202,1.0
0.9567621388096801,-0.06951058431110752,1.0
1.4418144212822317,-0.6931962431202232,1.0
0.7503570426152343,0.21946340801721248,-1.0
0.6342350908970537,0.7620275566633131,-1.0
-0.11352501086914538,0.9415295173356084,-1.0
1.3925246353008398,-0.09327300466678207,1.0
1.454656414782677,-0.13836934351886465,-1.0
1.8955173080815138,0.36278477693993033,1.0
0.3050443505190137,0.6820056209576085,-1.0
0.664792560474884,-0.46238680390805825,1.0
-1.1302981167619572,0.44149905632257713,-1.0
2.1962336427147133,0.24595728206196898,1.0
-0.25877666040610126,-0.14841884567100674,1.0
1.4459607902164642,0.12171807606107497,-1.0
1.85022499078605,0.08981044817958929,1.0
0.19516397771091593,-0.11448312976496945,1.0
2.3350012537434686,0.3659169166681391,1.0
1.473413161317231,-0.01875415061284691,1.0
0.4679492501094845,0.66571213207279,-1.0
1.8803155246076442,-0.19383029543643077,1.0
0.2746747735539058,0.23909078762435054,1.0
0.9453041464197279,-0.030182650796965,-1.0
0.3925633169705892,-0.6927229057109605,1.0
0.7872337743098528,1.0767470713757943,-1.0
-0.07752232771472257,0.26131380886297095,1.0
0.0696516508278972,0.46249287075123824,1.0
1.0593789876990618,0.5502672969455575,-1.0
0.6149706931764212,0.3867379321835543,1.0
-0.7378805314760865,0.5349176975659079,-1.0
0.04027080993502852,1.2385395847468255,-1.0
1.4168921064932138,0.07837208671859493,1.0
0.05328350476713407,-0.23827370860209396,1.0
-0.9376554049356918,-0.027768906391778918,-1.0
0.5626454798081382,-0.6758795415675698,1.0
-0.04821019125687126,-0.2837800582178582,1.0
0.2838052078806801,-0.031394171458858276,1.0
2.1744211615410194,-0.07611142681135492,1.0
-0.944581333560343,0.3936866309211726,-1.0
1.3124792118214876,-0.1476543773366053,1.0
-0.007886353869164366,0.2992677890412747,1.0
-0.7234388913028341,0.8089555422119086,-1.0
0.26030284656734426,0.9084541484968698,-1.0
1.6710365169645407,0.07132627627858001,1.0
-0.6923642780487743,0.6249589640081507,-1.0
0.29328751557983057,0.46076177102908994,1.0
0.2256618156518157,1.1360883069564454,-1.0
0.23078633150315384,1.0190018294182726,-1.0
1.5512766533672058,-0.30723439047861445,1.0
0.07895547811377893,-0.24039535599245232,1.0
1.318675807975864,-0.8370142363613473,1.0
1.0410626773630705,-0.1985684323899109,1.0
0.6364395737413882,1.0253978542291466,-1.0
2.0556972512185445,0.08720279133144591,1.0
-0.1571940115177474,0.5672197413368226,1.0
0.25580632032980355,0.14944874370589284,1.0
-0.035074568894201186,1.1018581725322005,-1.0
0.5212442023087933,0.03842137911095911,-1.0
-0.21751352363337423,0.8201754829538617,-1.0
0.24738635161598158,0.21903869333270104,1.0
0.44445785577293606,1.096424361044694,-1.0
0.2044462275469794,-0.17626899675916907,1.0
1.0015875779120282,-0.02404353962190592,1.0
-0.16326503018552457,0.9429545193613991,-1.0
1.2546033009195876,-0.41145728113384555,1.0
0.588337152011696,1.1625710233264355,-1.0
-0.5873761286063294,0.9539250677903353,-1.0
1.80023218381974,-0.1338222998565763,1.0
0.17441474405016433,0.8069594942618094,-1.0
1.666311395843429,0.47722103253288883,1.0
1.4924599184204679,-0.02289591368401736,1.0
-0.046195057844743426,0.8731587670044345,-1.0
1.2811501739110662,-0.4620034736308359,1.0
0.02488641006873571,-0.5937149853742414,1.0
-0.7886795493720961,0.7967744512248063,-1.0
0.4903421767467751,0.6695440006429726,-1.0
1.584216227081208,-0.20177082633736806,1.0
-0.8232078536699424,0.5312156199889414,-1.0
-0.35345386065545875,1.424328048970016,-1.0
1.7032100786839548,0.37800983829434304,1.0
1.9174203108382777,0.36344861730960737,1.0
-0.043394656960969946,-0.40599828639889585,1.0
0.2800346800039085,0.6869705668076835,-1.0
-0.9529982463136184,0.6837074413247287,-1.0
0.8788941335927632,-0.6556428001846042,1.0
-0.4685130093229619,0.16362917953522169,-1.0
0.8943807455644218,-0.29789343890280257,1.0
1.5926165351515384,-0.19483058401725353,1.0
0.19667429190561586,0.9400269340181733,-1.0
0.21808432149571289,0.5482738138570785,1.0
0.6580744150004748,-0.22404038546932323,1.0
0.008340186184455478,1.0941999669689138,-1.0
0.5629306378899458,0.7340506136248008,-1.0
0.37287992959668315,0.2904652484040844,1.0
0.16513617038700856,0.9758057780217897,-1.0
0.13291542171745985,-0.05715544971083752,1.0
-1.315908466858401,-0.6187214575961951,-1.0
-0.15559441478941805,1.2560243861042886,-1.0
0.921048405059248,0.3238733016233065,-1.0
1.267010997793296,-0.6465860795755725,1.0
0.3456430580678006,-0.18983503942946667,1.0
1.4006055234347856,0.30399772233673183,1.0
-0.10235871546318633,0.9287340588131795,-1.0
1.6374832472044365,0.06548950318824968,1.0
-0.6360680226844081,0.11717348124250915,-1.0
1.96461074770659,-0.20128316383878198,1.0
-0.7759476812116983,0.47769805322661285,-1.0
0.6201836946059656,-0.20937513098935606,1.0
1.7300835298802697,0.2118336862489529,1.0
2.0791084968738605,0.3947040896849687,1.0
1.1522415218161934,-0.41178982947268994,1.0
1.2502147413793425,0.9983975753159402,-1.0
0.5576880739731092,0.5094373351788644,-1.0
0.229084171948099,1.041041894983072,-1.0
-0.18330971685072306,0.9440083595025002,-1.0
2.053003613770666,0.24175082284488292,1.0
1.1612690918843924,0.02360411099662363,1.0
0.5095091035247015,0.3760430072419,-1.0
-0.16723608088849035,0.8180641766952298,-1.0
0.43149367748200934,-0.011965295853747088,1.0
0.28317984026697374,0.1971383598184376,1.0
-0.4305533133037093,0.05382015521168029,1.0
1.240546151087481,-0.33436354427034737,1.0
0.19604385259099993,1.029843891477255,-1.0
0.6249123231677611,-0.5892565180958833,1.0
0.2526024043872368,-0.08477852978447711,1.0
1.1171527163180852,-0.3421554870404605,-1.0
0.6909293588402701,0.9221030314946241,-1.0
1.1331050639652904,0.25445134299402444,-1.0
-0.03590116334325752,0.43022454324491705,1.0
0.03270415856046892,0.7660869189351514,-1.0
1.4997618176521879,0.036917314090925635,1.0
0.9507255404654913,-0.6912049068509505,1.0
-0.9057489644935571,0.36705097610020065,-1.0
0.8691695965719064,-0.2351235524202726,1.0
-0.48891697940412404,-0.2777460072179777,-1.0
1.4038941904688738,-0.48383928822278566,1.0
-0.9050654785975518,0.34804785035890395,-1.0
-0.13126846021392774,0.41006891733473977,-1.0
0.29415783066334567,-0.22035832359061874,1.0
-0.6154399590185334,0.9964664692612931,-1.0
0.7781582597227228,0.2138929341897562,-1.0
0.9785626028676161,0.11670793050400925,-1.0
0.2363988027685191,-0.22057174474606847,1.0
1.9476067396437455,0.2284226177265222,1.0
-0.1195624279140492,0.44035339372072213,1.0
0.6572042134711622,0.09349245824853085,-1.0
0.6775324466609703,0.46327272952282744,-1.0
0.4865349582896266,1.0744518905409366,-1.0
1.1484128837474281,0.2529899744745305,-1.0
1.7804955098790758,-0.2232671922187377,1.0
0.6580957217875716,0.2667994023849812,-1.0
1.2544060217329396,-0.4308470081525604,1.0
-0.6867855212670566,0.022820421154797266,-1.0
1.332062999442857,-0.5478114046633181,1.0
0.4502772282464275,1.1911455243808113,-1.0
1.7183866087610162,0.13906541791686233,1.0
0.14717880840317893,0.2566800809502886,1.0
0.6916261392652572,0.8303533008765888,-1.0
0.004267129676960732,1.035166154361287,-1.0
1.065496170272072,0.2482860574702737,-1.0
0.6855172220365523,-0.1553170851982522,1.0
-0.13441357663625614,0.012632089741036606,1.0
-1.3506267752609797,0.8714625235990796,-1.0
-1.0934757268434177,0.7678750451419989,-1.0
1.5995769228266583,0.015965533050765146,1.0
0.8897568941990885,0.05872229104521054,1.0
0.9338106338962389,-0.3506722493328562,1.0
-0.8356772513922359,0.5774351706208061,-1.0
0.6194339901378023,1.0156376912928502,-1.0
-0.012048611805269227,-0.163698418289957,1.0
0.09288006879179347,1.0202736059750461,-1.0
-0.12044087422201505,1.0388997638550592,-1.0
-0.3671434814977938,0.9250365440475979,-1.0
-1.2285554045377878,0.5919666906589295,-1.0
2.2020186577219416,0.14879723340908918,1.0
0.12265362690368486,0.8073521365982909,-1.0
0.8796396367280956,-0.5653344452889364,1.0
1.5675613529117802,-0.3630856381306872,1.0
-1.2286250890096637,0.7697901867254711,-1.0
1.7707455966736072,0.5196447137416219,1.0
0.9414060893639141,-0.4841685979162628,1.0
0.4074466848379773,-0.1667640695025529,1.0
0.5459005884966546,-0.44537892215044744,1.0
2.1027533572035346,-0.29471191851093814,1.0
-0.27533382764116826,1.1436427637733955,-1.0
1.6195219448354674,-0.3630970114930968,1.0
2.170687928294116,-0.3115327098104667,1.0
1.416447499684477,0.0031226258463407097,1.0
0.4179563354485546,-0.08883968163772246,1.0
0.16380617933995612,0.7963419965051073,-1.0
0.43570918102433254,0.4447175343081773,1.0
0.9400294166850631,1.006381370702625,-1.0
0.6501380559202958,-0.10749782397743429,1.0
0.21507451015565854,0.9944332519626073,-1.0
0.618155012779546,0.8796432198761563,-1.0
-0.16980067335907711,1.2184306770217324,-1.0
-0.8362985840550864,0.17946408009326575,-1.0
0.6741826457421968,0.06894861330818884,-1.0
1.0757416867191743,-0.4609195080587751,1.0
1.8266749167896468,0.05434211252852489,1.0
0.1016987075895478,-0.3082695147542127,1.0
0.07844081267552185,0.5260368716228168,1.0
-0.022251523216424013,0.91815097532126,-1.0
0.8040895304440939,0.42673609165960613,-1.0
0.9797890423676696,-0.7107124871041713,1.0
0.9703772679100441,0.8575663633182184,-1.0
-0.874394133053295,0.45119487415968074,-1.0
0.41187549067142243,-0.6797958379068698,1.0
0.04796349487085085,-0.06460664313533052,1.0
-0.8012237764352934,0.17973075227544122,-1.0
0.14293712025985156,0.07149310132871674,1.0
0.6587556241145195,1.0323141493410566,-1.0
1.0221161216936197,-0.2696097727836657,1.0
2.123174448289081,-0.05449815805957149,1.0
1.6725162357083976,0.09579250023760899,1.0
1.023209581945229,-0.7038349318583885,1.0
-0.33025687588361846,0.630937715098173,-1.0
-0.4875599444256882,0.15952423476955704,1.0
1.5857284122982918,-0.5211882145898687,1.0
0.48905484468910804,0.5126496292441749,-1.0
0.4965103580465669,0.41056958487780826,-1.0
-0.4776990115622656,0.636797225541556,-1.0
0.2841391275592097,0.5231980810000935,1.0
0.265354110794309,1.0070371704494558,-1.0
1.544809811491991,-0.7789389664199726,1.0
0.2706360780132555,0.1603932130461214,1.0
1.258366092107861,0.11574243825746022,-1.0
2.419976173499582,0.4583351428606307,1.0
0.2942248608479893,1.135867960144741,-1.0
0.10087870727963033,0.6524304852810854,-1.0
0.8459491793503722,0.9357304938364717,-1.0
-0.948877203587525,0.12888356782016885,-1.0
0.36131660162715395,0.9202289948151843,-1.0
0.8463111739055338,-0.7607609300728215,1.0
-0.6707454838996567,0.7982889277745394,-1.0
0.9196453225961869,-0.39240309136958373,1.0
1.5786140076631126,-0.17832295064705783,1.0
1.0131047386822254,0.26951343671075434,-1.0
0.020815515962896644,0.20504645837515376,1.0
0.6773733108631317,0.6515312965907096,-1.0
0.9900147773013726,0.791900582111828,-1.0
1.9732408770656518,-0.3187068164272023,1.0
0.38104138538878907,-0.1017255927542266,1.0
0.33892327996440536,-0.24170840485143652,1.0
-0.6854005933623164,0.5362495538307684,-1.0
-0.5746079478767833,0.3081282582295336,-1.0
1.0837438837941133,-0.4724155569477982,1.0
1.8486560068985427,-0.05573479974756035,1.0
-0.42182217942895284,0.822458360092519,-1.0
-0.26534577393901365,1.034516812977991,-1.0
-0.8574203502896677,0.30821858201463903,-1.0
-0.8793907893025834,0.12190037771173581,-1.0
1.8265355263472611,0.40034614641199656,1.0
1.470080138106678,0.6435651275859673,-1.0
-0.9367079723195089,0.6653859706932785,-1.0
-0.5032726225944031,1.0088410167483777,-1.0
-0.44859958767753405,1.0222904402441102,-1.0
1.9546981941460944,-0.8224265402729594,1.0
0.5840878663696835,-0.21737112939595327,1.0
1.8559138399844894,0.1498268474899651,1.0
-0.33920076654911135,1.346536605207917,-1.0
1.2344052380143955,-0.42376220335466297,1.0
-0.5651053610967014,0.25745716891351633,-1.0
1.014082025626964,0.43788301080138303,-1.0
1.0538310857072832,-0.372958739582931,1.0
0.05749494665592281,0.9438710494633028,-1.0
1.8031889503700653,0.33795640647363184,1.0
0.6029363142216742,-0.11145696683530526,1.0
1.7929535317538905,-0.40159490647131224,1.0
0.041244709208809474,-0.34235842239424785,1.0
0.6719925164851073,-0.11564287676791413,1.0
0.29336869993605463,-0.3339930988630834,1.0
0.11451209713904381,-0.07664324474312337,1.0
1.1923269500687894,-0.3865863066798708,1.0
-0.35979420125644745,1.102136649045277,-1.0
0.6471716046099746,0.7317553409802973,-1.0
0.8597470163011713,0.5810312739946021,-1.0
-0.0657267210404071,0.42354778189402353,-1.0
0.09036394761826716,-0.4509708022794318,1.0
1.2900871228219695,-0.4063376716396361,1.0
0.4984574341571063,0.7238101136743813,-1.0
0.7923823387811475,-0.08835241827531519,-1.0
-1.007531645544578,0.33519752663396574,-1.0
-0.6481689675998844,0.18432127472776,-1.0
1.5989058005888275,-0.3365026677302284,1.0
1.0635609233563963,-1.0848032097418978,1.0
0.10819811059095943,0.7462436722954267,-1.0
-0.11115149285682219,0.8032155037249009,1.0
1.9597567382850056,-0.27531213710816754,1.0
1.1578942745117313,0.37412622216749075,-1.0
-1.0287566062970916,0.49421402770177963,-1.0
0.7272708754001018,-0.38726683948119023,1.0
1.6459085441060701,-0.20774397872843112,1.0
0.4891340572522167,0.60968428683184,1.0
0.523657989944804,0.8300997493814286,-1.0
-0.7726026814029707,0.872506142867506,-1.0
0.29236395537362514,1.0601982174306703,-1.0
1.802782121251305,0.3083341358179724,1.0
-0.2850103245740737,-0.09626737551618184,1.0
0.9229613585491497,0.3142276092808156,-1.0
0.2632445354008511,0.44866417308968487,1.0
-0.5501693980812452,1.5590604913889274,-1.0
-0.15687065351215612,-0.3163214309962729,1.0
-0.9791917263486946,0.5567983210648302,-1.0
-0.020886180962511935,-0.1316986005016411,1.0
2.6074938891346537,0.02885895466447791,1.0
0.27956949824832156,0.10088315510635243,1.0
0.8120786951938384,0.11434483585381627,1.0
0.721815258907076,0.009515813443916332,1.0
0.4838458601363612,-0.492951068125727,1.0
1.385464085971865,0.30997835486169306,-1.0
-0.6717604228655578,0.21924599242704657,-1.0
0.6297475707595884,-0.00031935607512034725,-1.0
-0.8026758137732213,-0.06249883067349496,-1.0
-0.9836250090211112,0.20236643788989042,-1.0
0.38935667713719885,-0.6096310943692484,1.0
2.0458416854012587,-0.35363364509344164,1.0
-0.515154773438425,0.363775999543375,-1.0
1.0023001129054185,-0.8167592304357574,1.0
1.0630845919882985,0.4576176395924229,-1.0
-0.3063639576861765,1.071390246874897,-1.0
0.11271296676113912,1.1850572632102798,-1.0
-0.18619581805433627,1.3962691028832452,-1.0
0.8847540881629377,0.3202696738808283,-1.0
-0.705128198597066,0.63311982530643,-1.0
0.9938878794667032,0.8098732040854932,-1.0
1.0983286858854395,-0.15950141246127408,1.0
2.1845195739738648,-0.2047320476541582,1.0
0.02075561000304585,-0.12015682283860475,1.0
-1.0049309772062758,0.2154633531382107,-1.0
-0.26869059581295696,0.9276229139258706,-1.0
0.970572454049883,0.4409787482010091,-1.0
-0.4376757547331346,0.1058741270338579,-1.0
0.9366903530555886,0.24925445905160035,-1.0
0.35440685748346357,0.8023775452412637,-1.0
1.6394502652321767,-0.10777388095859453,1.0
-1.1122035619670803,-0.28256389670840465,-1.0
0.9399262661870352,-0.6597130341293398,1.0
0.5618671745621894,0.7956175483648247,-1.0
-0.8744405411423452,0.17558643722442246,-1.0
0.5367238526277127,-0.9388973042295893,1.0
0.24552354858659878,0.7551559673348275,1.0
0.15357749449354718,0.9213288445312323,-1.0
-0.9299878896004233,0.1045305539387299,-1.0
-0.4206762736254359,1.0563402385528753,-1.0
-1.0228474875202918,0.6288990248083609,-1.0
-0.6547867793478319,1.1377602422188042,-1.0
-1.0685183860095595,0.7094281092477501,-1.0
0.4418011323022773,-0.36949620551877627,1.0
0.7137857657961422,-0.4889074581966201,1.0
0.756994644351507,-0.18541363268308164,1.0
0.7951432104861895,0.21305589390105617,-1.0
2.1637002401906105,0.284972617822728,1.0
0.8521938761048157,-0.41363495487654106,1.0
0.5957410306843695,-0.0444936320271303,1.0
1.0771034359510596,-0.46772023818694475,1.0
-0.2017896082340214,1.1851646779551535,-1.0
0.6605059060696362,1.149445181618199,-1.0
-0.6038651712483254,0.5737753333121315,-1.0
-0.6282745315647551,0.5340312573591145,-1.0
-0.1650194284807223,0.632349270859425,1.0
0.6834510736980131,1.0306920280214351,-1.0
1.648932400136079,-0.5648590410934925,1.0
1.3525017790948601,0.1461014301473492,-1.0
0.4001106046921576,-0.39352378820257083,1.0
0.130965840505817,0.37627156854879346,1.0
-1.308212762560735,-0.19686268407183516,-1.0
-0.3948311689417585,0.9632800741428594,-1.0
0.14404373195929074,0.8849440579355794,-1.0
1.171492455761554,-0.09695461844634007,1.0
1.1064162318218476,-0.38123528002004775,1.0
0.9774531705856695,-0.4563661727953553,1.0
0.11606657258929653,-0.10321382405749976,1.0
1.717776657416913,0.2425140539609822,1.0
1.53190716221705,0.4263384959266574,-1.0
2.5975610528700845,-0.020889284341867084,1.0
0.5880749690178467,-0.6689874672391873,1.0
-1.0417880477408272,0.3097576279624485,-1.0
0.1284291171899994,-0.03342572064990973,1.0
0.8615812089053723,0.011060934602248482,-1.0
0.3854676619493414,1.0159385353318668,-1.0
0.9468957431155318,0.4181119925517141,-1.0
-1.4282621997238172,0.5272034190956407,-1.0
1.536692047499333,0.0819811783165037,1.0
1.0522353885465665,-0.6469561639072477,1.0
0.2628225500913831,0.14001901237128012,1.0
-0.042509032431996274,1.0114225939448998,-1.0
1.4156609788605516,-0.22461407301251207,1.0
-0.7054158636492162,0.44909602836080587,-1.0
1.0247885946581012,0.015203018407441544,-1.0
-0.2186867305111892,0.5739392984101137,-1.0
-0.5642052096587777,1.012553409696623,-1.0
2.2095098694368507,-0.02934681218166668,1.0
1.046713174755909,-0.7675858541254366,1.0
-0.7072608515539831,0.8469417684841112,-1.0
0.17610935784151044,1.1305583496354639,-1.0
-0.34162062506653484,1.0980101826819282,-1.0
1.5786366154477274,-0.7617945268776527,1.0
0.2027720365764238,-0.0710346773164427,1.0
-0.7686613880929545,1.0582014321866016,-1.0
1.0304794419310561,-0.1996396843263563,-1.0
0.32550042424591663,-0.12647846289802867,1.0
1.7176023846768813,-0.2859428757145732,1.0
0.15301184289879888,0.7275965495504748,-1.0
0.35370724555787564,-0.1690523617095297,1.0
0.7571882758187403,0.5846018128397701,-1.0
0.7578696195437754,0.30015741395585976,-1.0
-1.020927229663667,0.4994713414290588,-1.0
0.25760650788808004,0.5492467843414292,-1.0
1.8533412125518507,-0.04384931779462701,1.0
0.7970126324525764,-0.5508282442542249,1.0
0.18694929182724407,-0.5410334477289691,1.0
1.1857791442854053,-0.5358175392733497,1.0
1.8569515394580522,-0.2410237904513511,1.0
0.0916623431803197,0.12953138323555435,1.0
2.0464279734240924,0.583009695601873,1.0
2.3858519100796256,0.34999252019429855,1.0
1.275071252576127,-0.6192214482885889,1.0
1.8537093514031588,-0.09320584150684813,1.0
1.266668071809666,0.39192097468624176,-1.0
-1.2137945581392988,0.2566088207624816,-1.0
1.398770113360341,0.2506308641194956,-1.0
0.6364116610018024,-0.2603350908454003,1.0
0.25904668780661344,-0.3122727520403634,1.0
1.8825961163827651,0.23151665968545143,1.0
-0.522539501360122,1.1336230837224643,-1.0
-0.23564747152654475,0.16937654766386928,1.0
-0.596590378484113,0.4942921954407353,-1.0
1.7320941598092823,0.1219957164070562,1.0
-0.9905752534797897,0.7489042852914336,-1.0
-1.0306517030680382,0.16345965082859557,-1.0
0.45713571107966794,0.515988399712621,1.0
1.0991458063691117,0.48027782886476733,-1.0
-1.0423361589629594,0.7337661172990735,-1.0
0.6095744288148879,-0.8760176990907933,1.0
0.792181232405576,1.2182678836121652,-1.0
-0.4459055221680012,0.21659728829501168,-1.0
-0.5492806293112014,0.4643397321740854,-1.0
0.4307436567141594,0.6855771340334066,-1.0
-0.1887257291049228,1.2154493855977848,-1.0
0.07350919546128926,1.1110260697058045,-1.0
1.156513527690387,0.10836402664386713,-1.0
-0.20851417387308435,1.0513019603867653,-1.0
1.8186960204244278,-0.03527873167578423,1.0
-1.0542813024982178,0.1981402122370709,-1.0
0.24797703005946156,1.0572453970554025,-1.0
-0.8180119037389496,1.044910392705724,-1.0
0.29215772834829595,0.9999398802509805,-1.0
1.1426227878468889,-0.7560287266188547,1.0
0.09312116051739773,-0.19983650177176354,1.0
0.9462363384777177,-0.17176637646765985,-1.0
0.2564599258650404,-0.15049863837828958,1.0
-0.9428342600889095,-0.2933103912345337,-1.0
-0.6886895507876318,0.7527431728230257,-1.0
1.7274334717135431,0.4914706356791472,1.0
-0.260169189028741,0.9365446151920519,-1.0
2.1184087219890655,0.6895896439408448,1.0
-0.012447218674088309,0.16440988429535716,1.0
2.377575552999084,-0.05785289020859876,1.0
0.13425664190695275,0.16792172118773363,1.0
1.5905008661906592,0.29898324872715776,1.0
0.8601759688522823,0.6104614182915645,-1.0
-0.1834331635153586,1.0492951658684262,-1.0
-0.6753000927971309,0.6044506407579073,-1.0
0.9607742576803442,-0.5653566789939802,1.0
0.09995228359953334,1.2330451801988511,-1.0
-0.7223964036073278,0.6815569365507265,-1.0
1.1773504726469044,0.5372779156183908,-1.0
-0.8944780193810435,0.13372779570593496,-1.0
-0.013271572244207164,-0.05952762276696266,1.0
0.9578446409905972,-0.3175811289233239,1.0
1.8016418893538702,0.3339246685489485,1.0
0.6470309438822627,-0.42753874352278504,1.0
0.6532544326280368,0.48313973333246313,-1.0
-0.5503698606169221,0.12564651041794261,-1.0
0.6732070263942149,0.8040809807911259,-1.0
0.7011124686392927,0.33056824624368397,-1.0
0.652745957780583,0.8062549556923452,-1.0
0.955131867931523,0.8824681415107072,-1.0
0.4317295821819717,-0.7633956689792594,1.0
-0.41585425623086003,0.7021983058274663,-1.0
1.647572675385323,-0.44817326294160953,1.0
1.2655547674598115,-0.4208808599458658,1.0
1.8277847769941624,0.22662147797998378,1.0
0.4145335912188827,-0.20861031523183643,1.0
0.13487290467486124,0.31066506698097573,1.0
-0.8090481371618753,0.0018011554699577381,-1.0
0.7856855881527276,-0.7436796399373707,1.0
0.2892199592737938,0.8243239811085162,-1.0
0.1277980245351083,-0.3381216151951547,1.0
0.22909846370364537,0.0606558977931308,1.0
-0.664513888552584,0.5146130296073346,-1.0
0.9519705185598941,0.9362223873107756,-1.0
1.0515405034486653,-0.18932309332620761,-1.0
1.9076286297308331,0.26399263992317984,1.0
1.776673729108813,0.30728866358652884,1.0
-1.2581720320094758,0.6729028322846291,-1.0
0.4171823989655664,-0.24474148880863467,1.0
0.6248009253550897,-0.3988672699077589,1.0
0.7220072017181551,0.6338613644764552,-1.0
0.83213704708799,0.13773481037677238,-1.0
1.2859506417756201,-0.6695977842211165,1.0
-0.39574633112661195,0.5075237482917165,-1.0
1.7578548218194439,-0.3294644890381092,1.0
-0.41704488653508415,0.2841090642626699,-1.0
2.1127777132953915,-0.22027984747349333,1.0
2.496983364541481,0.3215660725126358,1.0
-0.7371443534503233,0.9961940272280891,-1.0
0.998738764767942,0.4566646149683498,-1.0
1.599762392206335,-0.44766195721704105,1.0
2.1174064649489432,0.47770315926278883,1.0
0.016718285296617223,0.16575498140038547,1.0
1.3849856981215798,-0.578531392480532,1.0
1.0690347658734103,0.05546800217927217,-1.0
1.670965179253476,0.21201505955067185,1.0
0.047170943237690416,0.4020892187302251,1.0
0.8338559699293511,-0.9298898686618671,1.0
-0.4421057751057602,0.846244482348872,-1.0
1.0888127138804289,0.5896347054293041,-1.0
0.952565868057211,-0.18920449591441696,1.0
1.0586259672439855,0.13599162356918076,-1.0
-0.6492506695966566,0.13228105152141206,-1.0
1.597970982236281,-0.2240439790181569,1.0
0.5600303360448732,-0.34293323273691495,1.0
0.9567457432245071,1.1340912471043516,-1.0
0.7313083068919551,-0.45634503865259574,1.0
0.6187493346151277,0.8554593179187007,-1.0
0.8293482581904615,0.1404559986632632,-1.0
-0.17089221021284,-0.4564705889899907,1.0
1.1904706370193416,-0.033794188654509116,-1.0
1.388019504582599,-0.09252883755377994,1.0
0.18932689377863582,0.7681401026620923,-1.0
1.8998526276267713,0.23488744902860803,1.0
2.0565056741600882,0.2501648276689182,1.0
1.4146111060379243,-0.2165937206388424,1.0
0.8271004226058444,0.672251885428024,-1.0
1.0793672232810108,-0.4784728879013721,-1.0
1.7924933396626206,-0.08681202654533887,1.0
-0.37291260722390357,0.6205937868722,-1.0
1.9921192771658962,-0.15193847334550675,1.0
-0.8686133837318942,0.9495804921698763,-1.0
0.3422284888683507,-0.19434859029806667,1.0
0.6018875869985858,1.258802431866167,-1.0
1.0388557142873052,0.9515623784566244,-1.0
1.1044785003793105,-0.34509023131443717,1.0
-0.8684870011887508,0.36969647632704444,-1.0
1.3147914054722838,-0.3802305403050966,1.0
1.2621787459057217,-0.5512628571976239,1.0
1.1344191680167355,-0.43349373942680774,1.0
-0.9017440289310138,1.2033626279125564,-1.0
1.3055794315824396,0.5706095039130822,-1.0
-0.5228895612404639,0.9831341347010949,-1.0
0.8926019655894203,-0.1027704738449716,-1.0
0.0289535010074788,0.9069882755634288,-1.0
0.0390277053778684,1.092498886640578,-1.0
0.617244066360954,-0.8924133207020717,1.0
-1.0826275788960313,0.5617297338978722,-1.0
0.9545014388371995,0.08841510131400243,1.0
0.8223248983720468,0.07363748912229667,1.0
1.0033355148103886,0.23194476683491072,-1.0
-0.28695363656051515,0.27800384453488397,1.0
1.693727908242346,0.6499152165674216,1.0
0.9698014776400984,-0.44868344383018,1.0
1.2381119558643607,-0.012682852611114404,1.0
0.9169244835852642,-0.16728993233149136,-1.0
-0.676407237724868,1.2126082565872995,-1.0
0.08389312034996106,0.09127077833513714,1.0
2.1768921119310676,0.21711532486116353,1.0
0.8606549088995952,-0.9546819008059648,1.0
0.12428918538404593,1.1634098206992665,-1.0
1.1596072692754051,-0.4860982000505723,1.0
1.4469223410956997,-0.6690580795998564,1.0
0.43434475094722647,-0.49101775893831257,1.0
1.7434275260512553,0.1615383320501792,1.0
0.5188034069137277,0.7737131574363261,-1.0
1.4418368874734302,-0.5641432920418181,1.0
1.9438051083180503,-0.588299188966785,1.0
-0.7964538577380095,0.8463384132238266,-1.0
1.115710095199669,-0.02606162641530807,-1.0
1.1190064861714502,-0.2895936410983163,1.0
-1.2380494536331503,0.5246346116984659,-1.0
1.6250337161267605,0.21639559147525603,1.0
1.9944682137755112,0.2151870911715816,1.0
0.12229293756675669,-0.0001789231825284343,1.0
-0.0735185130746128,0.497137458975224,1.0
1.0458783646763143,0.5728615417529125,-1.0
1.108731222259579,0.4009478027665967,-1.0
-1.1022750494262303,0.9576625088463868,-1.0
-0.710377068170983,0.5441943612451088,-1.0
0.10164064640849918,-0.6883420181514287,1.0
-0.621707945829677,0.4695728180213654,-1.0
-0.280787037011943,0.8037441386343473,-1.0
-0.04192575689235084,-0.4243234209139266,1.0
-0.029607830425810444,-0.45138577584672035,1.0
-0.074611437204533,0.9025975286015387,-1.0
0.8400317127839304,-0.027759956243536332,1.0
1.7973610535298845,0.07218968173837409,1.0
2.0915117486757397,-0.05496100559672776,1.0
0.4674086090638615,-0.36529702159550187,1.0
1.3382036265709587,-0.24463552573342615,1.0
1.035841147838493,-0.4914494069990394,1.0
0.246120345362647,-0.08273688082123505,1.0
0.8251043334311852,-0.5147600667279781,1.0
0.7386123690609735,-0.6073298091954966,1.0
0.07987052493076215,0.36081484645210593,1.0
-0.9129610488739167,0.1408359416447252,-1.0
0.404170188392181,0.7921575836284597,-1.0
1.6249351721823633,0.5653028632653183,1.0
0.6005648226569584,0.7501347124336654,-1.0
0.4049460071629146,-0.41454605933761757,1.0
2.133993371289302,-0.5612170821263576,1.0
1.8187863281868732,0.005326557170136741,1.0
-0.7616018256281375,0.8005058026834175,-1.0
0.8763113774127804,0.19241100329305613,-1.0
-0.25796569975418615,0.8464971300649218,-1.0
-1.0155093645698268,0.20694921900108806,-1.0
0.4951895680718405,0.6399102716934275,-1.0
-1.1814171783272585,0.16089142087493571,-1.0
-1.163900856428861,0.2624613699513091,-1.0
1.8639719741937322,-0.2142839451370843,1.0
1.02379079850322,-0.19263393056067735,1.0
-0.9037307994963817,0.285095220237079,-1.0
-0.684355320433663,0.4589243409319601,-1.0
-0.4545796128212486,0.9185211192080508,-1.0
-0.2402229592119333,1.1977014505839494,-1.0
-0.8085909466019475,0.7545113886671423,-1.0
-1.0896659925928942,0.7247624425732182,-1.0
1.848543299847253,-0.620595461500569,1.0
-0.6649726633761003,0.4782923504022971,-1.0
-0.943027715484877,0.7348732385428043,-1.0
-0.8611753857750483,-0.007594914301747052,-1.0
-0.0032467982237433402,0.8916833368781214,-1.0
0.6262339526958678,-0.3362281667876858,1.0
1.1598322037852786,-0.211930474932922,1.0
0.3262381838893727,-0.11573716455390858,1.0
0.12878849294990624,0.9065884786605805,-1.0
0.9022851179754438,-0.5190725572917495,1.0
0.15267984090607478,-0.04237280740846805,1.0
0.01262600782098533,0.9730225674047648,-1.0
-1.2121183730857283,0.7146349895329394,-1.0
1.3693170700518955,-0.48783309847485634,1.0
-1.210302215552019,0.5244617728257244,-1.0
-0.7430757144778976,0.22077552217670016,1.0
0.1533711381823902,0.3873503505478384,1.0
-0.5421190324811228,0.5183980130673018,-1.0
0.8316551762076221,0.5521617900181766,-1.0
0.5919996054722213,-0.7377997723169434,1.0
1.4095447686481333,-0.10350338901936962,1.0
0.8201322798895821,-0.36105396204633156,1.0
0.6457487985285892,-0.14883901605361888,1.0
0.10889099356709635,0.47458521082584876,1.0
-0.3449060110231201,1.3555792417298558,-1.0
1.0441625283565128,-0.4997449263981851,1.0
1.3628393966407937,-0.46832206754528116,1.0
-0.6184221074253479,0.41317062187672315,-1.0
0.3871276766860463,-0.3595841595596903,1.0
1.852317051991224,0.9208211114578068,1.0
-1.1788230109243398,0.03180383817636637,-1.0
0.7244706871089751,-0.3039838663767347,1.0
1.1684164248691493,0.22161139036897382,-1.0
0.18174965367647,0.2613861838350445,1.0
-0.8408016374367202,0.7195473690336814,-1.0
0.04891327393037162,0.8179612139891037,-1.0
0.8801484503984349,0.6944340289206851,-1.0
-0.4094022260321729,0.5463450623553402,-1.0
0.3804875091924368,0.29422250989042653,-1.0
1.3385257246280453,-0.8843356328585195,1.0
0.44318757593589875,-0.0715113730795322,1.0
1.5999200354225371,-0.312690371672232,1.0
-0.07436985547824845,0.14457104367635393,1.0
0.18350698100156718,0.8742060522236615,-1.0
-0.9800403849144023,0.32267339069603523,-1.0
0.9032252342393536,0.5353921341044724,-1.0
1.630491429087504,-0.6254812233311254,1.0
1.6953868744653449,-0.04733637426730175,1.0
-0.6403716848371592,0.5968609048874204,-1.0
-1.008561513839228,0.6235243448747186,-1.0
0.36121158781574025,0.30105174913072347,1.0
-0.9978893659857765,-0.005279393540738586,-1.0
0.03221301580016778,1.0499860188859083,-1.0
0.06651863467276792,1.1665342432042305,-1.0
1.6743066264082693,0.15616733823909087,-1.0
-0.4830584008443097,0.3260442537290241,-1.0
0.603181765608248,0.14633058020220763,1.0
-0.8626187993756926,0.045631337999046784,-1.0
1.025729612164898,-0.547473494152878,1.0
1.4077730330593634,-0.5970648041293085,1.0
1.0145135139767842,-0.2863073700559013,1.0
0.6443570530727974,-0.5828299445839651,1.0
1.6892059618744113,-0.007968494728622544,1.0
-0.4198116761735533,1.164873561969703,-1.0
1.4678100786175265,-0.603242309178282,1.0
0.31270624016598575,1.0493791755021438,-1.0
-0.04794390245363578,1.2252600039596733,-1.0
0.5736572329215892,0.06477940653336595,1.0
1.1681738959544516,0.14712789182512082,-1.0
1.5928206575995993,-0.41612839983651123,1.0
0.6597745968865563,-0.451805897259129,1.0
-0.08812831357309628,0.36420054893455633,1.0
0.11389730095918796,-0.31094477367447587,1.0
0.19226724067264925,0.9760399530992184,1.0
-1.0140073875510973,0.14476582617919165,-1.0
-0.6742415552589041,0.33147989605788586,-1.0
2.1144183822027696,0.3595397608179379,1.0
1.429308719487703,-0.3687623228198879,1.0
0.08429568822043651,1.1525480138327537,-1.0
1.8038143513173521,-0.32713308300465277,1.0
-0.950137166336497,0.22491233454084017,-1.0
1.6551992071066652,-0.2236332282476853,1.0
1.7622515536778909,-0.420380010830035,1.0
0.37238905696000635,0.4207738293037679,-1.0
-0.7238519947949331,0.7831836809619013,-1.0
1.5568646859687822,-0.5511030432214463,1.0
0.07035797173799946,0.7564294230644579,-1.0
0.9391766972222081,0.11608154789856501,1.0
0.1403304732447188,0.8915430811694237,-1.0
0.371540220096793,0.13293607487500358,1.0
-0.8527891094154246,0.3296744688370398,-1.0
0.7907536951805336,0.40141864019204077,-1.0
0.5223932314713192,0.43251743138749377,-1.0
0.7085644490181074,-0.4806755373277079,1.0
-1.0726262580267811,0.6040606782333939,-1.0
1.5461434488639472,-0.26471062930083744,1.0
0.5840705749090515,-0.15212133821760326,1.0
-0.9578281369327041,0.3296180833013346,-1.0
-0.9397313795742556,0.36860297753558385,-1.0
-0.31489442811964646,0.5606128953017497,-1.0
1.8768141530975933,0.6641536898814548,1.0
1.219940547074139,-0.15989801045303337,1.0
0.1426092599302929,0.8678757544807347,-1.0
1.254729621456017,0.24360196686145075,-1.0
1.2346881868902786,-0.1709262674332399,1.0
0.24751755292993322,0.8821119770123393,-1.0
-0.06411328038192665,-0.10400452803971115,1.0
1.0393873125156483,0.5542885608130411,-1.0
0.4407401531464254,0.34989262322152087,-1.0
1.0971517586905617,-0.028314170386916665,-1.0
1.8476884001896163,0.30913919917330795,1.0
-0.11607804735562985,1.0907851474941055,-1.0
1.1614674589669776,-0.25324292670553095,1.0
0.3136212773377102,1.1746757676747033,-1.0
0.6004777653705474,1.1094622318296872,-1.0
-0.1635821929115142,0.012254300086542377,1.0
2.3833228479846613,-0.2584725009370164,1.0
0.8399843359111353,1.3567434081811143,-1.0
0.6253496733719279,0.5601516959302705,-1.0
1.8679804747029825,0.3112517655717835,1.0
0.016022893597834542,-0.08870873216903033,1.0
-0.9721936073027448,-0.10203147222112088,-1.0
0.5506604503394279,0.9218344173876054,-1.0
2.192800325995947,0.40598833931717593,1.0
1.5568720890598513,-0.40332653213993463,1.0
-1.4519266396282817,0.3246365479540012,-1.0
-0.3234676334022751,1.1643281062547652,-1.0
0.8859487202911103,0.0544578718193726,-1.0
0.36932558748415606,1.2150144830061143,-1.0
1.8018591834329194,-0.5225807892984524,1.0
-0.09256129431609778,0.9385567957640296,-1.0
-0.9572045218335837,1.250620886666769,-1.0
-0.5650871728074902,1.6610764825953788,-1.0
0.6531498761686944,-0.38287372788953256,1.0
0.7597726435318881,0.23623485497538596,-1.0
0.6089833586204687,1.0066185075517529,-1.0
2.095135659064456,0.5694163921616441,1.0
0.2083085044467481,0.995069687836889,-1.0
0.3930383814848324,0.8152753874651391,-1.0
0.6805519843775695,-0.31822104596299583,1.0
0.9921398132446203,0.4095741798390178,-1.0
-0.5181744570335501,0.6620653618635912,-1.0
1.0396208752600402,-0.28385017349757147,1.0
0.7925599851734927,1.2218454303935635,-1.0
1.6716672373077461,-0.05576440419938028,1.0
-0.13286105002602594,-0.19700949792689787,1.0
0.15462372061549282,1.0804261849980314,-1.0
1.8350908124234433,-0.43757993956082014,1.0
2.029801600086254,0.3564034295321009,1.0
-0.9686311724551658,0.4486056693609177,-1.0
1.9347170849739688,-0.3150491331396814,1.0
1.4002780593147186,-0.763381127067216,1.0
0.6079496137539627,0.80411464847277,-1.0
-0.820114124195032,0.4767398987565332,-1.0
0.48532966635186586,1.0703390298826199,-1.0
-0.7154191621423928,1.2481859666249733,-1.0
0.4180467790877921,-0.3105068779258833,1.0
-0.6785949962018198,0.5504525252152226,-1.0
0.5537036591222925,0.503719897972767,-1.0
1.6736596908115853,-0.8199196276772829,1.0
-1.091480292157439,0.5455979633921891,-1.0
0.0005904045140455172,0.5392982854468671,-1.0
-0.09659124240002956,0.8447010543130236,-1.0
1.5491560263968585,-0.11419579025844576,1.0
1.2987813286384975,-0.17170007543472365,1.0
-0.3549208909579194,-0.1461405947594079,1.0
-0.0723487964172509,0.21321414166879377,1.0
2.5258887129348064,0.050501605328928334,1.0
0.7973477374063,0.20048517658355475,-1.0
-0.2679830839167742,0.36689028716390565,1.0
0.8358700638916541,-0.5879233120365789,1.0
1.0642374566497197,-0.8653755304931825,1.0
0.24085642608107588,0.7589706907214193,-1.0
0.6487120024129233,0.7362161997327105,-1.0
0.4445213112600672,-0.6431976844913521,1.0
1.2887422405433209,0.6649470032360273,-1.0
-0.10853775530380902,0.35311307755333654,1.0
1.0915281643015076,0.5614299710911397,-1.0
-0.4271191971109457,0.9194653858968133,-1.0
0.14828453266987163,0.03767276978572506,1.0
0.8749435708920429,0.38715504788394567,-1.0
1.8130168441073526,0.18055046860240134,1.0
2.1161510148496614,0.06144382199805609,1.0
0.7689566920553147,0.8781286830659975,-1.0
0.10363512710554505,0.1008429475957241,1.0
0.5555252693688335,-0.4139293886477796,1.0
0.7312238725168961,0.4986603134121722,-1.0
-0.10979435801267032,0.41996293281338626,1.0
0.09436456140823121,-0.3586185307856793,1.0
1.2703906483873926,-0.24285978200771097,1.0
-0.7881480973467103,0.7321559738634342,-1.0
2.1595331436120953,0.2607312214864958,1.0
0.34544612384121426,0.9873969201650868,-1.0
0.27856954947775275,0.6539598862569824,-1.0
1.5852364625595325,-0.551942720604692,1.0
0.0144316346998393,0.37487113141201867,-1.0
-0.3356929467286133,0.6330896275664936,-1.0
0.06614811212885024,1.0867007981934003,-1.0
0.38048125310450376,0.9690747860916756,-1.0
1.5747837927625494,0.022768243280292616,1.0
0.7179846289538159,-0.5353724601711024,1.0
1.1872945317221248,0.6202486030455236,-1.0
1.4104143867665957,-0.4755903769095181,1.0
1.5716771620924244,-0.2615033555000695,1.0
1.6931266613051101,0.5777053167399215,1.0
0.3185152379725119,-0.3748835028150442,1.0
0.9723138023939647,-0.5083001255444749,1.0
0.5620339096821174,-0.26457985826105274,1.0
-0.8608922870729931,0.5180525367288761,-1.0
2.066842515926941,0.4106193763208529,1.0
0.8582151689147787,-0.166256381344254,1.0
0.46368051537941124,1.113054220855719,-1.0
-1.4085597526994207,0.023476654497243205,-1.0
-0.41029676842662505,0.6351159256621655,-1.0
1.0205838835909513,0.4952969816866917,-1.0
1.7116201159331452,0.15946529584280505,1.0
2.0768045665201598,-0.4811560177184617,1.0
0.8009174806502956,0.7463288795109791,-1.0
-0.9800534679964754,0.36185272278453884,-1.0
-1.1672614239368662,0.049884224144348024,-1.0
-0.43706204054201114,1.1072942445946847,-1.0
-0.5238117416713983,0.8702961586747253,-1.0
-0.11309526552469762,1.0653090921073027,-1.0
-0.6535967421000741,0.3831753049431508,-1.0
0.34896560798735476,0.47661650737474914,1.0
1.9175508374248194,0.27881407811180026,1.0
-0.7909421115858926,-0.2540630749120667,-1.0
0.42172358146711686,0.1390113766327356,1.0
-0.8435436177453969,0.7239617658552209,-1.0
0.947383461820256,0.6477194389060665,-1.0
1.9835731865228616,0.12437510162775169,1.0
1.5517590512915915,0.15997642301930107,1.0
0.9424573149011191,-0.22833479653838462,-1.0
0.6560710912956356,-0.6451430713452916,1.0
0.4186283436465123,0.8159844916953108,-1.0
1.2401689227321964,-0.4792154929390841,1.0
0.5660367398522778,0.34189072715692465,1.0
-0.22551401898736761,1.3917151641351115,-1.0
1.3458244088633189,-0.07076619386172414,-1.0
0.7069904020331597,0.45325273944682853,-1.0
1.3805041433397125,0.004238240015894179,1.0
1.0788223908884984,0.539279493566736,-1.0
0.26680489673158,0.8230190038875826,-1.0
-0.19234932132104055,1.210049556913913,-1.0
0.8565193240741686,-0.5072663976560595,1.0
-0.7775078716931476,0.8711731581313776,-1.0
0.12363841130746309,1.2948013201416155,-1.0
1.3703129866227566,-0.023220102272217324,-1.0
0.7999231485746732,1.0141280252477844,-1.0
-1.15793478785674,0.9342196803844064,-1.0
-1.2931090408275852,0.2556036126649311,-1.0
0.278017169184801,-0.7606835815846595,1.0
-0.41837878845225457,0.4841093356304891,-1.0
-0.031544765638642905,0.13705312417516072,1.0
2.159400364578843,0.02980888143859342,1.0
1.6054536365668173,-0.43304434399880065,1.0
0.352620591484931,1.0516264672916242,-1.0
0.7494822764068937,1.0242073772725881,-1.0
-1.1166054050344292,0.08065648101399078,-1.0
1.808246203799248,-0.2915966532126014,1.0
-1.2653793376920712,-0.4031845396550483,-1.0
-0.539909282178233,0.45600392524380656,-1.0
-0.9109867091679755,0.9931314016182322,-1.0
-0.17475990994623786,0.5085502308141977,1.0
0.4656671109790465,0.911640456096501,-1.0
2.018170408380661,0.13681360335532777,1.0
0.7154277827182669,0.6564978586350574,-1.0
-0.1386693481103452,1.4446264993060431,-1.0
1.7447871396071146,0.3830889837980796,1.0
0.005934311629035571,0.9132332429768829,-1.0
0.504255279569487,0.623976611569879,-1.0
1.1090757753804195,-0.12848722284460984,1.0
0.6996043178206744,1.1192326029070934,-1.0
0.31567702197429015,0.09494177404863213,1.0
0.24201058651849489,-0.27713796256575995,1.0
1.0438682478870485,0.9969194344809892,-1.0
0.41140933823535053,1.1754914520476467,-1.0
-0.39943508080575607,0.6272668519424098,-1.0
-0.15427405268445932,0.3675407524410565,1.0
0.49599779530904287,0.2222753629958904,1.0
1.0389061571215008,-0.4742690988483149,1.0
0.9622691124798374,0.3266282672710206,-1.0
0.7654586475261846,0.9973430604768643,-1.0
-0.3739572561902918,0.06691832828570166,1.0
1.2877088785864088,0.18135369402294665,1.0
0.11818332804725798,-0.17147305604579247,1.0
0.05646809909481293,1.004036473682704,-1.0
0.3286660896746729,-0.3109049091076594,1.0
1.7666943080853896,-0.478826147020723,1.0
-1.0334216621079806,0.8431994196054377,-1.0
0.9367580732620262,-0.6217540349670465,1.0
1.6694625843276563,-0.07013688690876307,1.0
-0.054233868382072864,0.19702510623788508,1.0
0.31088446195460706,1.386974661429569,-1.0
0.08417666510908936,-0.04482534858155192,1.0
0.2289977173487911,0.8893763038303416,-1.0
-0.4790755009702693,0.4284589067907527,1.0
1.088053943312165,1.1133390381792003,-1.0
1.391603613587789,0.6558161724545652,-1.0
1.3506359849920473,-0.2709992215914451,1.0
1.267295430394394,-0.38130750270943614,-1.0
1.5625616274628262,-0.4169520412544616,1.0
1.3699897408025112,-0.4069185109266832,1.0
-0.2160484401260544,1.026910439774417,-1.0
0.2859507334483218,0.9166376345811138,-1.0
-0.8444976482386799,0.47508023202842903,-1.0
-0.19209787295646114,0.24013245761365146,1.0
0.7192491496169479,0.43692220239975044,-1.0
-0.04441118277091192,0.6139558357254034,-1.0
1.6819975123689161,0.18848045606347763,1.0
-0.39908348215022016,1.1139861337014845,-1.0
0.6202042146054152,0.5014721429698145,-1.0
0.7383344669377225,0.018557963303853453,1.0
0.531794356847584,-0.18728207022962765,1.0
0.3390388662155599,0.6561427377866628,-1.0
1.7982574831573153,0.5243169949830228,1.0
1.0695823467351449,-0.30776350853585244,1.0
0.6363163436537771,0.4605345577480614,1.0
0.8777424608427656,0.5550701816665689,-1.0
-0.015267466347286256,0.4450606079265972,1.0
-0.9770552716226187,0.5762320617111029,-1.0
-0.18565544823214208,0.5556408575272096,1.0
0.3534952843799458,0.38406062665028134,-1.0
1.1224982077102528,0.07607560014476125,-1.0
1.6522378702837683,-0.4740296745709129,1.0
-0.3085227305120114,0.7528599685813502,-1.0
0.22405789735751283,-0.6496805993765463,1.0
1.4060533256261285,-0.3812116849944093,1.0
0.8271590129256846,0.4337251572583415,-1.0
0.689581501190468,-0.1393188017564631,-1.0
-0.8849056534495133,0.7912333763386659,-1.0
-0.6132945734553941,0.819937494459306,-1.0
0.4424403061862868,-0.29777317395954517,1.0
-0.10717765738378937,-0.12794487485632589,1.0
0.6911704060438787,-1.1853698402083128,1.0
1.257550164320782,-0.26061445747959583,1.0
0.638320787904309,1.0259004454885912,-1.0
1.1402651533393957,-0.713509792711003,1.0
0.6880879167166355,1.0647276536733237,-1.0
0.7801817188115928,0.4910653314064429,-1.0
0.037304171646855455,-0.5881334589766497,1.0
1.0506026218983353,-0.056147483809630194,1.0
1.028830036798753,-0.475928367831247,1.0
0.41912829330871715,0.2767897244437932,1.0
0.6368697063497722,0.4220685999592093,-1.0
-0.4144042779112107,1.2186549702550937,-1.0
-0.8765416736135763,1.0510587195942986,-1.0
0.05782272020649454,1.1895800631820843,-1.0
0.9065740355232086,-0.8601459542384181,1.0
0.1592535474534718,0.7431871061505647,-1.0
0.31265182478679304,0.3056396214376659,1.0
1.688368246273853,0.2353811522754894,1.0
0.22329029096827158,1.2355325200109841,-1.0
1.944294459679286,0.5282957909349805,1.0
1.2912122691551746,-0.18512420690183973,-1.0
0.22224664474686934,0.4352653503934757,1.0
0.21364626382775814,0.3669083590452974,1.0
-0.8901644619651055,0.6480927715160535,-1.0
1.0475280388947639,-0.23189641306639197,-1.0
1.0947328277511652,0.8357936051148949,-1.0
1.9248803270061645,-0.10541195855487062,1.0
1.1762213243969912,0.3618385185992484,-1.0
-0.3545267725429892,0.9506638412403959,-1.0
0.31066842273170925,0.23429906715922955,1.0
0.3812697922460379,-0.7698405730508303,1.0
0.23587549837716798,1.1636687445937604,-1.0
0.5456788549613625,1.0040687373470365,-1.0
0.6242181118974979,-0.04328213971943831,-1.0
0.8361029381243408,-0.46078260091901824,1.0
0.7720456395771249,1.5071176663864447,-1.0
0.8504255609489337,-0.8997731198138794,1.0
0.36643887626589483,0.07249824329921495,-1.0
0.187136984086364,0.3862160726797216,1.0
1.1366705434134519,-0.9391059782032841,1.0
0.15540504195041757,1.2825086982751297,-1.0
1.2412504862139992,0.7951320770106307,-1.0
1.8657166138494412,-0.03783192243139377,1.0
0.29277026909652093,0.6853500004446116,1.0
-0.20966062106541938,0.7179502217605329,-1.0
1.4040692250206295,-0.08806817324445043,1.0
0.46422694468026116,0.8177539435083452,-1.0
1.7950053265569597,-0.21756455230402832,1.0
-0.6681677982400752,0.23395250338282927,-1.0
1.0728172894012835,0.2747386936471929,-1.0
1.7801463642247968,0.5618606171546774,1.0
1.709273878165865,-0.3820416309332633,1.0
-0.5082787704200735,0.7189305227053527,-1.0
0.22422249873665145,0.267133803800771,1.0
0.318302479686092,0.9520104526718196,-1.0
1.2639180587655654,-0.8446745654748853,1.0
0.4001938010011777,-0.11099633915978074,1.0
0.03855638130534504,0.8607926168770872,-1.0
-0.17531995551150706,-0.01636583163194233,1.0
-0.56752507226125,0.3402786400257265,-1.0
-0.4335569796984839,0.8145062995551946,-1.0
-0.8174099645366417,0.6819075961981402,-1.0
-0.25582951130011344,0.9748401287824222,-1.0
1.8491080885069278,-0.026895815838766685,1.0
-0.3990982135851483,0.32203826356943954,-1.0
-0.5516096412057335,1.0050172580240568,-1.0
2.0303861606970863,-0.00469612665238615,1.0
0.03320234227840044,1.0129920829002657,-1.0
1.4278730850441534,-0.36964741261250156,1.0
-0.08191626347824432,-0.6801370532535589,1.0
1.0457103001166796,-0.5841284383207472,1.0
2.2630276589159117,0.1279612038377576,1.0
-0.5931129090190506,1.2177633594043784,-1.0
0.41207535806213197,0.23466883616507506,1.0
-0.07745795646688558,0.8614263516118001,-1.0
-0.3866927572954839,1.3886075622559595,-1.0
0.37576153504687226,-0.6683748594389015,1.0
1.774205087251202,0.06398981855845123,1.0
0.35864581051891026,1.0823829253572625,-1.0
0.41783999628885815,0.025509903596027783,-1.0
-0.43235007128618713,0.572863958102946,-1.0
-0.6277723406055853,0.5484558390266863,-1.0
-0.7740486805845239,-0.013738030421900305,-1.0
0.9667259390807528,-0.2615819428917544,1.0
-1.0669425205503689,0.6357869704337668,-1.0
2.006911123054847,0.45490302054431636,1.0
1.6552945781542985,-0.2730437507075927,1.0
1.990950863144474,0.5029847967777366,1.0
1.1300507769844117,0.5807298140868841,-1.0
1.3850741848008918,-0.23803335255487995,1.0
2.2909335012794894,0.40051555501963426,1.0
1.8129691131720875,-0.4350438721958091,1.0
-1.1205184501195573,0.7499561559111757,-1.0
1.7961544485317185,-0.35205882363766117,1.0
-0.29692040252778323,0.6457309104599034,1.0
1.5272119254889207,-0.7092087123899824,1.0
0.7719187695477748,0.2591626057208639,-1.0
0.9959760081146112,1.0268786810429489,-1.0
0.6779376934319382,0.6662127994361009,-1.0
0.8952913892808293,0.20848320986960997,-1.0
1.1549206179074358,-0.09164851935465629,1.0
0.3513106239754825,0.9689780920456811,-1.0
0.8838937807305604,0.021826405389059667,-1.0
1.6255388121162386,-0.06467510419621181,1.0
0.3292283339824415,0.7845012553658799,-1.0
0.010284022371323226,1.2997443734954033,-1.0
-0.36345564623974774,1.4059525187437738,-1.0
1.0556379615569034,0.5429247218553787,-1.0
0.9560500623297971,0.10244396336452977,-1.0
0.1902679462197416,1.2483613818998602,-1.0
-0.08655097000182962,0.570036127978417,-1.0
-0.3352139128872691,1.1914585018079862,-1.0
0.8819317710069646,0.31827979882690793,-1.0
-0.8649603270220126,0.1402961204226796,-1.0
0.9010042208785648,0.22959008726081148,-1.0
0.030600457859857044,1.1130993083055232,-1.0
-1.1976890420696307,0.06036121384830001,-1.0
0.6607935807790559,0.5061852821199675,-1.0
0.6054529802697026,0.872004539779333,-1.0
1.5712138139494116,0.01047996867174511,1.0
1.7823761600121024,-0.2824255276371884,1.0
0.5865265193394068,-0.6811786335911941,1.0
0.6451913661124883,0.897864269897728,-1.0
0.1040983828013118,-0.016202905774498524,1.0
1.182336100659168,-0.08060217169356088,1.0
-1.008857128301992,-0.30906587045852346,-1.0
0.8457241902514331,-0.8314752942709097,1.0
0.7290633577138472,-0.2949515641894692,1.0
0.8507109007968212,0.5115685602267539,-1.0
0.21710031964684368,1.1196713868071715,-1.0
-1.3358896611424258,0.564657916070036,-1.0
1.7732963187409019,-0.39188171051889975,1.0
1.8685325207849939,-0.5656756011895367,1.0
1.5481778829162223,-0.5138335524208132,1.0
1.5803287118567217,-0.5698995116597034,1.0
1.0236299187245739,-0.4185515349012556,1.0
0.4941768078012729,-0.32307278684405233,1.0
0.14435308621077048,-0.2884314808700451,1.0
-0.8012651181729236,0.2700492652539536,-1.0
-0.6292956743467369,-0.1630978607182874,-1.0
1.1251310609928638,0.3859455322049606,-1.0
-0.5658022049108022,1.1531805058179807,-1.0
1.1467059425310275,0.05708481432108164,-1.0
-0.04335929953634407,0.12507663456279627,1.0
-0.269280394372123,0.8113170125796556,1.0
1.6990436950383982,-0.2282283804148762,1.0
0.0023297689011117784,0.5543147195475103,1.0
0.7893108698000738,-0.5938303640524649,1.0
-0.5397873372030088,0.10479408011767247,-1.0
0.7631577015180564,-0.1464737849249963,1.0
-0.12401305553045705,0.3543990456944821,1.0
0.2569593239139698,-0.15255130361517666,1.0
-0.6918006876134846,0.18717304832250542,-1.0
-0.1454810580203993,0.7164986956826589,-1.0
0.6700690871206398,1.1279134778878515,-1.0
1.9123793285665762,-0.11348190413054633,1.0
0.9151921407616742,0.19960240675473417,-1.0
-1.1898291128391274,0.49560722754852693,-1.0
-0.03337622618599287,-0.20160044547129724,1.0
0.31359413454373714,0.8806427128399114,-1.0
0.6687204600829468,-1.2186756840019561,1.0
0.8951988172467558,-0.4485646716016326,1.0
1.1539346081833481,0.3530544141333992,-1.0
0.3529199519090274,0.06559841521734461,1.0
0.32710417995483143,0.7409714276797662,-1.0
0.9792509415034882,1.0437858951806231,-1.0
0.4904907132530422,0.16706504448304396,1.0
0.44536739047359364,-0.5865559419524822,1.0
1.512076206668211,0.462054628445414,1.0
0.08723439623608964,-0.2877073399066431,1.0
-0.9129862419765488,0.5209493382416912,-1.0
1.0641556889686181,-0.19170960319162517,1.0
-0.07470229010601467,0.35501102796472017,1.0
0.6864416462671686,-0.16849314176110225,1.0
-0.21301920312635111,1.052179448496214,-1.0
-0.9400956017162702,0.19338224282091082,-1.0
0.7092777134899985,-0.37128710522183905,1.0
-0.6828408645155609,0.6422860951590721,-1.0
1.6632574572512056,-0.431315024066519,1.0
-0.2861894812262346,0.8274766641268719,-1.0
-0.0176328368631003,0.6976272138660499,-1.0
1.0968778450712786,-0.6729005108981998,1.0
1.2156546319228907,-0.19789501308950092,1.0
-0.9963044847074916,0.8024901440984322,-1.0
0.06990963258526411,1.2936975969132372,-1.0
0.511633432764212,0.01652463835714285,1.0
1.5223659730125387,-0.06229424414980697,1.0
-0.20696577098874644,0.854551095875043,-1.0
1.3578414456283083,-0.2497208211204211,1.0
-0.7140286715884561,-0.02224462594694948,-1.0
0.22456491236026258,0.3082927332811273,1.0
1.4693807974396114,-0.299107297801143,1.0
0.7145685552710329,-0.09896213891502792,1.0
0.13895557339533454,-0.048588039658742824,1.0
-0.09179805955881182,1.3870075804154558,-1.0
0.13073665827424782,-0.40751275017665567,1.0
0.7527838555945958,-0.32555413382084364,1.0
0.053159193500898594,0.00036263201401767753,1.0
1.0839077357978362,0.8387593952814559,-1.0
-0.9939499046442322,1.1695224558144763,-1.0
1.0033577695956117,0.24597058416766587,-1.0
1.6370251644290235,-0.16935448072639647,1.0
-0.7660514664277905,0.5629790061576928,-1.0
2.0039603360436797,0.05620127399561714,1.0
-0.6275948188605854,0.9340222554675482,-1.0
1.4838993544579144,-0.516940126511036,1.0
1.168591215226237,0.9726377302588816,-1.0
0.6001208813587925,0.957322194778826,-1.0
-0.5066810128482685,0.2545452836458427,-1.0
1.0259131961149068,-0.13317469009077249,1.0
-0.02477080207481963,0.6467302101157004,-1.0
1.3475807980626435,-0.4664265074790186,1.0
-0.7100292795592889,0.8109881290963621,-1.0
2.320535395456294,0.5768529014991064,1.0
-1.3739427565716293,-0.1817930013661413,-1.0
0.22223717359768416,-0.17222297661857833,1.0
0.16083690595640415,1.0691321849370827,-1.0
0.7089545983468641,-0.07119987822056584,-1.0
-0.10170382765407107,1.1163217230218447,-1.0
0.3879397896010851,0.5769022032060198,-1.0
1.0318226324959607,-0.07793646796576037,-1.0
2.1426680759292345,0.6124327377671785,1.0
0.18875447002281914,0.6022989819640685,-1.0
-0.008957239886766258,0.4147798420118258,1.0
-0.16383470120980162,0.6643700973876945,-1.0
0.7787230118622008,0.6095790428520445,-1.0
0.1477995362859643,0.544023013054658,1.0
2.2886450184640106,0.019935727184011154,1.0
1.8911390065453864,0.2848904251999494,1.0
0.9728011455970819,-0.16447173030488427,1.0
1.0948610984482343,-0.7788446435928467,1.0
2.207750115007341,0.5604464191951681,1.0
1.663796502635619,-0.7530918732744158,1.0
1.720777541523102,0.3102144014024033,1.0
-0.7428757302407506,0.7357420974650579,-1.0
1.0558807912317345,-0.39559481667176283,1.0
-0.6063103495900419,0.2671550700417298,-1.0
1.7633523551176564,-0.13443342649979848,1.0
-0.7140198056200797,0.7346567186692671,-1.0
1.3380828787379853,0.4246093696652352,-1.0
-0.362416972967164,0.8396680641898762,-1.0
-0.951498383204239,0.45351534968195784,-1.0
-0.07763345137153094,0.9064149064674856,-1.0
-0.6721963949922436,0.5288511469505878,-1.0
0.6904251331802141,-0.1409283472598429,1.0
0.6467242818442477,-0.3402837573407536,1.0
1.8619542203728094,-0.07699645917631498,1.0
0.24513411462982243,-0.4358578536115186,1.0
1.013388967034208,0.44978762563569374,-1.0
-1.0505302435229067,0.37866704470724544,-1.0
0.3523346020657473,-0.37651438440522506,1.0
0.9452742386257357,0.661802695871692,-1.0
-0.7697197075263988,0.6055842391273154,-1.0
0.3570073024153519,-0.15418916739222505,1.0
-0.19797114179154096,0.23073477751963653,1.0
0.9861028048958163,0.1818785831839943,-1.0
0.03111576942828259,0.9541338601664201,-1.0
0.6821370079834598,-0.004899680783480687,1.0
-1.144660323752097,0.3220778334423118,-1.0
1.8992928568575957,0.19128700725045505,1.0
0.7623521871856039,0.7044799463775877,-1.0
0.6941852142728251,0.5883028385844445,-1.0
0.04734964279177775,1.1813910002870474,-1.0
0.07238017006656448,0.37047978075322163,1.0
0.7743817611598549,0.6486672020692297,-1.0
0.6099190385317828,1.096377532056144,-1.0
-0.09251900353292619,-0.11235722130974152,1.0
0.24089906637138164,0.7339154762663153,-1.0
1.8451643771007502,-0.3853843327020867,1.0
0.4020724848659505,0.11586062591170754,-1.0
-0.9302456275867327,0.08456040579054465,-1.0
0.7953048375482121,0.5562250484972456,-1.0
-1.246837354612741,0.6096677947635075,-1.0
1.5639282255693188,-0.4811482578801339,1.0
0.13089728831194253,0.8420801378640346,-1.0
1.891267949830988,0.3233178322913,1.0
0.30028844217990297,0.13367561128871489,1.0
-0.6945779027321662,0.8736050618992439,-1.0
-1.0972539445531,0.20070228200538315,-1.0
-0.5269400134927288,1.4090396822947904,-1.0
1.9496630029949311,-0.21109754613047663,1.0
0.7711183043128955,0.12324033214821828,-1.0
-0.48555287378507933,0.7656706645302868,-1.0
0.3578393269365321,-0.6037496616146002,1.0
0.48169421517065614,-0.30976097905128447,1.0
-0.22852320078960664,1.0130847001235972,-1.0
0.5906997494505994,0.8087887602984677,-1.0
0.4818525338332265,-0.4306629336853144,1.0
-0.546752536934694,0.9636539602256097,-1.0
0.012016674640548015,0.565393294881066,1.0
1.1386205981214377,-0.43857079284718803,1.0
0.704073963672747,-0.5851315918674376,1.0
0.006534788393708829,1.0938913779934556,-1.0
-0.905762411344819,-0.11585588191653912,-1.0
0.9494618733672175,-0.4437610042178061,1.0
0.7376655396967897,0.8354743328801495,-1.0
2.1028913804032765,0.17964081774028734,1.0
-0.6719906706094281,0.6331665338674098,-1.0
1.229080533585129,-0.43415563754054376,1.0
0.7035898938665643,0.5805223545360552,-1.0
-0.8244642263521977,0.33864338506264957,-1.0
0.8691089517579028,-0.2735490615723405,1.0
0.27151186561532925,0.3776871330430567,1.0
1.2409365970192883,0.3488037891062013,-1.0
0.2743505695173841,-0.5691330318263402,1.0
-0.030126695924366398,-0.7710700285071341,1.0
0.4461178517472052,-0.5704214594785403,1.0
-1.0030840995982389,-0.010124768563023856,-1.0
0.9010955262978917,0.017082649677838152,-1.0
0.7914574302456756,0.8988854324874453,-1.0
0.11271798399196495,0.3187096835435098,1.0
0.3092601605191476,1.26194054383787,-1.0
-0.42996550778587617,-0.16751499896184963,-1.0
0.03147108291145667,0.6453712682554802,-1.0
-0.7740820514419425,0.636939819868287,-1.0
-0.8279803379493337,0.18582300494793785,-1.0
0.4998689238547606,-0.2808041821441658,1.0
0.7368601942944917,0.09260389646803002,-1.0
0.5787481404021205,-0.5943543571422566,1.0
0.12022449290190099,0.711509265990487,-1.0
-0.39178631323636226,0.8949658078973073,-1.0
0.1704362778085385,0.13388712716153592,1.0
0.624897210685778,-0.07941759300042278,1.0
0.6535409446431297,0.5813204490415785,-1.0
0.07501400982615321,0.40929224717607804,1.0
0.3325727047123299,-0.14634602687920145,1.0
1.1823183582173136,-0.814469567380582,1.0
1.7487205726219777,-0.5444670862458114,1.0
0.2831659991857638,0.6998281241255595,-1.0
-0.8833274051338184,0.118282307732136,-1.0
0.3731632345972874,-0.2545766921441436,1.0
1.0985314930494694,-0.5035967616496135,1.0
0.8163051265475918,0.7333095225751722,-1.0
2.3867920425275244,0.6703600123835072,1.0
-0.058987892008062065,0.8165795912389928,-1.0
1.3633080301558402,-0.44540316585454987,1.0
1.1456827748872955,-0.03135303314245391,-1.0
0.7793723589525899,-0.5587053605904138,1.0
-0.5301000507821625,0.6146137602142219,-1.0
1.3958740111468917,-0.31733180260729205,1.0
-0.4070860099316333,1.0717833459480615,-1.0
0.33703093600347256,1.0814436363842503,-1.0
0.6633578778271889,1.2591457643443433,-1.0
0.2886804521478211,1.2247201331791677,-1.0
1.529574209343509,-0.10073427876002852,1.0
1.5426691417561773,-0.43208798020672007,1.0
1.3322304162521514,0.025052825833045522,-1.0
1.2958695558461353,-0.06527026789763618,1.0
2.2137984686366026,0.26414029898759206,1.0
0.13626456037985374,0.31304493865350436,1.0
1.2570557322108384,-0.4258700662642388,1.0
-0.633210705310725,1.215644284643111,-1.0
0.06001465063829156,0.7461730515660243,-1.0
0.763490635520878,-0.3770476239387139,1.0
0.5769086941462775,1.1215180854361997,-1.0
-0.7955848378639103,0.6972328566961992,-1.0
0.942403449436145,-0.429735871111664,1.0
1.744540277483297,0.06980152302668916,1.0
0.5222865603478959,-0.15612446204332753,1.0
2.33444563208228,0.5870055513593979,1.0
1.9904356045799039,0.23775922364077975,1.0
-0.5310553228362385,1.1428795965196592,-1.0
1.003521008247014,-0.2687953287354257,1.0
1.4298258251985574,-0.6465425677014636,1.0
0.7485494162486371,-0.25050918791089316,1.0
1.9807948640323139,0.3715957380895468,1.0
-0.0029931579724739032,0.12170886811158649,1.0
1.2883689513773622,0.35056778769559566,-1.0
0.6738568271256264,-0.13742914759919567,1.0
0.41412674083766704,-0.3105220216083918,1.0
1.1022083625210226,0.5098804105380876,-1.0
0.025244117875638905,1.0228574339945957,-1.0
-0.41763557997702966,0.44604307689248235,-1.0
0.5323360378643726,-0.19456588990168266,1.0
-0.09734266361713745,0.6987079069892086,1.0
0.5719503662839984,-0.06362391625975844,1.0
0.45602596454224814,1.0287418695651942,-1.0
-0.7770751820826227,0.5682388892886409,-1.0
0.31288328645863905,0.7159652522323786,-1.0
1.5322710872531338,0.08582917694307857,1.0
2.2773503017881866,0.28237184460101367,1.0
-0.7546803920416746,0.5173635893980477,-1.0
0.17204771066487484,0.07466356347220511,1.0
0.9613644735067735,-0.7048927025733844,1.0
0.18282122944335294,0.4754382474668985,1.0
1.147470282574062,-0.3573690040183898,1.0
0.33960819321265323,0.7150790329014591,-1.0
0.7192071276237855,0.21936387767441795,-1.0
-0.29172556122709853,0.75694429818451,-1.0
0.4538798806973286,0.895774745270912,-1.0
-0.9211297564088177,0.9478655581544153,-1.0
0.09622325913360308,0.01030356281365033,1.0
0.11174892404682348,-0.019016372220392166,1.0
0.9451822507752731,0.09333746036904939,-1.0
1.657638063945939,0.6755215276394391,1.0
0.22783400149505353,0.8054309504329721,-1.0
0.7536727282528126,0.40036240455349353,-1.0
1.19927235867467,0.033080661036366366,1.0
1.9486332955655559,-0.21717002044791625,1.0
-0.14914996755085025,1.1789075112139376,-1.0
0.7096601534157178,0.13492132999598716,-1.0
1.3718015342899683,-0.6078033102194377,1.0
1.750475634619621,-0.2764577795183232,1.0
1.0036617046807528,0.5605008296852085,-1.0
1.331006917597232,-0.1365467917212675,1.0
0.16975382151461385,-0.3880280185231348,1.0
-0.45025438938104845,-0.14057260707928754,-1.0
0.3661513007571027,0.08411062926097645,1.0
1.0249650754053268,-0.6716349291830219,1.0
1.3515852198138112,0.9115163185203314,-1.0
0.10782736823692728,0.1270520467697545,1.0
1.3092868789983911,-0.24845795013046817,-1.0
0.2884505020631798,-0.36009373123615673,1.0
-0.49264195700403324,1.0903963203240292,-1.0
-0.6788341105946096,0.13497941396878063,1.0
-0.9491529995046715,0.07169296231018982,-1.0
-0.9259453336999498,0.6186802926041868,-1.0
1.1089356209605707,0.8697393152534963,-1.0
-0.823289587935959,0.4185070959772063,-1.0
1.129068218875893,-0.3156641446547317,1.0
0.6380097478370574,0.23855211517677632,1.0
1.0226473616548861,0.2701143494947786,-1.0
1.314272022855823,0.03948019985535267,1.0
0.3990555708903697,-0.161080177684009,1.0
1.0014181948896073,0.032866320831565515,-1.0
0.5175413969486629,0.7816231414438564,-1.0
0.8951033034209386,0.7573771039900666,-1.0
1.4361953925905406,-0.4763652137274885,1.0
-0.4811721662050228,0.8420089826231418,-1.0
-1.0386088655337489,0.42388634795620145,-1.0
0.5338857243380603,-0.8409362107389395,1.0
0.022741160709615432,0.9990588784532797,-1.0
-0.8329200448746863,0.14429497720812648,-1.0
-0.1744012507430617,1.2403770807121792,-1.0
0.5921251210936531,0.2006457279328353,1.0
0.4037078612710455,-0.8686542969484423,1.0
0.39107911776288584,0.3688710098594524,1.0
1.2429665153950589,0.47776694315415413,-1.0
1.9870658594418942,0.4600666945029185,1.0
2.2044008302195897,-0.06328794801381224,1.0
-0.18863866628725323,1.1116612337255112,-1.0
0.7957278736070885,0.14406506881934655,-1.0
-0.65932462063942,0.3035526409571726,-1.0
1.6600547927139202,0.19926133632667137,1.0
-0.09381631810021678,0.9265433672601144,-1.0
0.2874628564611108,0.2698243809919768,1.0
0.37840844008519714,0.00010413131578099893,1.0
1.3810402895562515,-0.33951543027496794,1.0
1.8127062523688546,-0.08804658974048019,1.0
0.4022254893927819,-0.06794002500914237,1.0
0.9065119188198077,-0.28542157608204155,1.0
2.0848047094885596,-0.25267703591210533,1.0
-0.8348677273302041,0.23333844234924986,-1.0
1.6248220957814725,-0.5882129221291433,1.0
0.7058779283006114,-0.48579079607835685,1.0
0.8921585259032984,0.766655322595371,-1.0
0.41184497957052574,0.6236389118263151,-1.0
-0.3750452831789779,0.0839822747287927,1.0
0.6784493585611507,-0.3205346467483261,1.0
-0.28812518236724843,0.5816654656385969,1.0
0.7884001328477428,0.2210483006655417,-1.0
1.2048073228351086,-0.1685418505135569,-1.0
-0.22320477509894732,1.0079189606709542,-1.0
1.9568868634810026,-0.2118309767810047,1.0
-0.1468067541475153,1.2392333620410396,-1.0
-0.4701302899892913,1.253960147167784,-1.0
1.1933119319193675,-0.8963226003456463,1.0
0.5583814580583856,0.9980658627543894,-1.0
-0.19201410588311624,-0.20005305527071357,1.0
2.345907647431982,0.2603795947205412,1.0
2.241186496608162,-0.05642819757949735,1.0
0.9776893391507409,0.3851343357155353,-1.0
-0.24685547605245628,0.2703710183045994,1.0
-0.2743463888137358,1.3776821143490314,-1.0
0.22662467067596354,0.5988244349361127,-1.0
1.204980781545458,0.2444159153829244,-1.0
0.9579241117288859,-0.7489053203572725,1.0
1.5994196889669072,-0.05843309943846606,1.0
-0.268599709509905,1.254046244976684,-1.0
-0.08944280697800942,1.0300225944810744,-1.0
-0.28020412125510064,0.8069732080152221,-1.0
-1.0428978597936986,0.40273881023524694,-1.0
0.6090716969182797,1.2551253908317177,-1.0
0.9409526814396685,-0.649751995093518,1.0
0.21427446349363077,-0.5604123077468935,1.0
0.0038727076559243873,0.1785105637681438,1.0
-0.4669688706190238,0.7877794000679943,-1.0
-0.6733796187913139,0.8138119766617806,-1.0
0.24036296303046034,0.029267087170383843,1.0
-1.0510906891660001,0.7396567819899826,-1.0
-0.8558260101420697,0.5476306641127106,-1.0
0.8201577242708846,0.7217800612279415,-1.0
1.7651257369145057,0.44610852501897824,1.0
-0.49231273546758686,0.6540916675427678,-1.0
-1.060482268392251,-0.021987942534851257,-1.0
0.7227020634642526,-0.34023735199227034,1.0
-0.23952719926027338,-0.017138316352132532,1.0
-0.8132657030617233,0.20166530290196,-1.0
0.2729604742650429,-0.008835449042609939,1.0
0.1166474512537749,1.0083112709850113,-1.0
0.42123326579337195,0.8106427499858588,-1.0
1.545322310965536,0.24592863480451832,1.0
0.7900943099958553,0.863203138016982,-1.0
1.0512070203972814,0.4891686798700946,-1.0
1.3466965685058032,-0.21655982723017128,1.0
0.4862594013649474,0.43642148081398624,-1.0
-0.11581333894254553,-0.6588113458919957,1.0
1.2359156729819123,0.46825495108316784,-1.0
-0.5491935398199428,0.04499082971313444,-1.0
1.0284864549798205,-0.4450787863524885,1.0
1.374484188707202,-0.08937401011771656,1.0
0.6067172322936139,-0.3812528674099386,1.0
1.8720908496806106,0.12838536937975883,1.0
0.6594358201749473,0.058955253004524505,1.0
0.8783213684578008,0.7051212047798731,-1.0
-0.023504236253152733,-0.2848260512940396,1.0
-0.20568535137129074,0.7047023684584464,-1.0
-0.4721350812456758,0.7130065875236963,-1.0
0.9823651107323348,-0.0482695015237474,-1.0
2.0000994017669522,0.22026977147050697,1.0
1.7491995463296626,-0.31235290571311913,1.0
2.164119492222205,0.3350570990708355,1.0
-0.9978072085218764,0.5412154683123926,-1.0
0.7905534643730537,0.06741291434923347,-1.0
0.5846219592754641,0.9852753905145396,-1.0
0.3944680790706416,-0.18760406689689535,1.0
0.5481128985917998,-0.4403561360890005,1.0
0.1441751552816038,0.276235295423423,1.0
1.703440965768216,-0.3381154538409239,1.0
-0.8346544811515313,0.5720763780072171,-1.0
0.8871007788661054,0.31344296827990353,-1.0
-1.067466914609222,0.04761204781643044,-1.0
0.32392320294457144,-0.7385615985143927,1.0
-0.31614227745523854,0.9684050139222741,-1.0
-0.393712376729442,1.2893260653914635,-1.0
0.7828862914415133,0.05305524515925614,1.0
0.3914019837517558,0.8213974563837487,-1.0
1.6879866956813463,0.18132646912401648,1.0
-0.7970888590541235,0.7357399607779174,-1.0
1.7034983360393967,0.16618020492239743,1.0
-0.5497431040654098,0.8130197070198131,-1.0
-0.6590402576355074,0.19552071883331007,-1.0
0.986261861716499,1.0872141691173063,-1.0
1.6682085142154954,-0.0064144646871740485,1.0
1.8310142638467255,-0.19252413834680124,1.0
1.2929117195287259,-0.8781711691197895,1.0
0.4501253224791368,-0.11792300117676097,1.0
0.0015905794850401,-0.2468575564591116,1.0
0.8742262596607573,0.5228124928820423,-1.0
0.9230313302831962,0.24387583445510447,-1.0
1.3242777799584908,-0.757059687124336,1.0
-0.9420305465928858,-0.021669512424345998,-1.0
-0.09508585126366231,-0.5741152414951285,1.0
-0.9626911872986877,1.0619895156167563,-1.0
0.14769047546271447,1.0671498256916736,-1.0
1.8549707116226843,0.15736579648386098,1.0
-1.2207379396304434,0.29832096364911537,-1.0
-0.23130345561612092,0.4884794023503861,-1.0
-1.1374042454371978,0.3669011321361979,-1.0
0.42017597293675085,0.801782750253045,-1.0
0.3687790156488283,0.00443607543816911,1.0
-0.2728582900342642,1.3744734955707036,-1.0
0.9554623997441806,0.31927630073257507,-1.0
0.929432951231545,0.2217282869703533,-1.0
0.27306179699916355,0.0492489369836977,1.0
-0.2691231994783353,0.4009581237700804,-1.0
1.6550697452743695,-0.1575987005962053,1.0
1.6222901264370377,-0.5577686675662017,1.0
0.27630173224267546,0.21840176257048588,1.0
0.6824099442080933,-0.15977657728622832,1.0
0.5716247420612081,1.081935092026894,-1.0
0.9127272123642045,0.258888800923259,-1.0
0.1946285982216499,0.903028214904878,-1.0
0.7839929094815342,0.9981106703870843,-1.0
1.8359576610206778,-0.48964894983104784,1.0
1.3751450217374674,-0.14807630126093269,1.0
-0.3754261445897842,0.899629995486507,-1.0
2.1460543109097685,0.48629361636353213,1.0
2.233183815458446,0.21403299867013142,1.0
-0.5992288438736776,0.5444337186171258,-1.0
0.3720584960328489,0.7625490685372431,-1.0
0.13292532871771318,0.32380704401289406,1.0
1.236555738731213,0.6707656350331384,-1.0
-0.6382316252278141,0.17326826361624936,-1.0
1.3815072707166205,0.33842379981042736,1.0
-1.2790282131622708,0.9546900616569889,-1.0
0.6383604408226344,-0.2832725021431947,1.0
0.4018315701662083,-0.4986236790968782,1.0
0.5316724270634816,-0.20676295994400445,1.0
0.5179737070098133,0.8525174613670619,-1.0
0.125089258341218,0.21486017720391115,1.0
-0.10688712032005004,0.6776693239570843,1.0
-0.33397634192324227,1.0165072214313924,-1.0
1.7871240896841725,-0.009484046160542381,1.0
-1.2868226005099386,0.4606053199904838,-1.0
-0.9348854231318136,0.8577710149174558,-1.0
1.377864563780325,-0.3066140984937668,1.0
1.798185305760713,-0.05835283192833715,1.0
2.205726845586886,0.20966497743922458,1.0
1.742157434093718,-0.4586388774531456,1.0
0.4629942081664115,-0.5825752362898164,1.0
0.007855137064868817,-0.0051780807126314,1.0
0.6651385418083334,-0.9623375727101771,1.0
0.9308980548194632,0.3621500768575682,-1.0
0.7938621741050517,-0.6285525666933505,1.0
0.44225894456858006,0.031173516533930246,1.0
-0.14089481417958846,0.9211159191295577,-1.0
-0.2122023169575707,1.3311428627705963,-1.0
-0.5504683787465189,0.9121548204855854,-1.0
0.9520255433700665,0.5211983152952863,-1.0
1.949579203697742,0.7662464881304002,1.0
-0.6167558442647365,0.4291275215223365,-1.0
1.7822586752491236,0.6376017827112673,1.0
1.4959232900785246,-0.24615024616219314,1.0
2.0412793516133108,0.3655602996386865,1.0
0.9073527754519944,0.2312152113345577,-1.0
1.7768146002364689,-0.32512157068001124,1.0
0.3310721214135297,0.3807871173347333,1.0
0.8803550458424235,0.3613944819153537,-1.0
1.7553751652318061,-0.038092817797946876,1.0
0.9346668690857237,0.6466133008021971,-1.0
0.7913205450632703,0.23348369157323035,-1.0
0.1729249138684013,-0.1857481509316025,1.0
1.4453617168382247,-0.11684305192623383,-1.0
-0.14476147561222485,0.7516798221106173,-1.0
-0.20148707121537573,0.05524547610020994,1.0
-0.37558402197286866,1.0207638233910747,-1.0
2.028389274594352,-0.13565715548849203,1.0
-0.797970117558637,0.1586417380754058,-1.0
0.5354128237016003,-0.3864371406814414,1.0
0.2868925652737352,0.613971624334213,1.0
-0.353104746554481,0.4604851438799234,-1.0
0.015842635074303772,0.7583164474026322,-1.0
-0.5636383975808159,0.8898580200168011,-1.0
2.4645626099979894,0.33849738373644156,1.0
0.71159732779845,0.9805188922100874,-1.0
-1.3925016880474377,0.5550377067600853,-1.0
2.2681608902333203,0.13478171464381866,1.0
1.2592764687769882,-0.15575656857510034,-1.0
1.513782044628678,-0.6927833951511538,1.0
1.9956735238611962,0.4419700454049985,1.0
0.8663983954727446,-0.3163772691836241,1.0
-0.8700448425530383,0.1107360415818116,-1.0
1.5854653034691886,-0.8672989716523165,1.0
0.622171626049894,0.632451938041443,-1.0
-0.9994395560387163,0.1536300735548722,-1.0
-0.7616362011372735,0.23182176664085558,-1.0
0.15006061955288086,1.042431649024472,-1.0
0.423523663887063,1.0115609041716433,-1.0
-0.5694446790632143,0.671717392444862,-1.0
1.0968187399281395,-0.8501580249228813,1.0
0.180931482903205,0.8982584101250634,-1.0
0.5074763720989532,0.9091613579240072,-1.0
0.4754519779541995,-0.33878818107323805,1.0
1.001469474550138,0.901456078931488,-1.0
-0.1597770160748052,1.1275203172506116,-1.0
1.8725660898603436,0.19679772829101147,1.0
1.636021340820664,0.4377034139624823,1.0
-0.7547721754441781,0.7426822509158355,-1.0
1.7816046105928536,0.1412208192277519,1.0
1.6590975700313415,-0.6664546480793295,1.0
1.6484398521441215,-0.20370163511724246,1.0
1.1008708630515582,0.054987381781270994,-1.0
1.7118228803919426,0.14889346317595614,1.0
1.4140965209251026,-0.40408325971413267,1.0
-0.6627162677204114,-0.11252383156650814,-1.0
1.3901547839134616,-0.38827221474128865,1.0
0.5178762173546823,0.7635674231270777,-1.0
0.14788380798035156,0.6519252631984385,1.0
-1.075913944307445,0.19064733162777453,-1.0
0.268621400201271,0.5559893723928883,-1.0
1.2376007620255847,-0.30180643082272995,1.0
0.6446746733124997,0.9580874688094303,-1.0
0.6706598977276391,-0.18401699575078634,1.0
1.6171486323253847,-0.3540531981112197,1.0
-0.5817034112077236,0.09574157926621168,-1.0
1.128479603610562,0.7771861710438239,-1.0
0.7620486171585155,0.7706209916178364,-1.0
0.5793688407509243,-0.31989980571299625,1.0
-0.09104662419005177,0.05374385069094792,1.0
-1.0319098352659153,0.583638610168161,-1.0
0.6865258858538962,0.9217150931730256,-1.0
1.2499570752572051,-0.2292141908263235,1.0
0.5722050368450015,-0.27307468305586113,1.0
-0.381637437924377,0.030579881506095696,-1.0
-0.9969872554657623,0.38602471635552255,-1.0
0.611475218194749,-0.9559228577786643,1.0
1.0805323902280548,-0.5520092796682868,1.0
0.1972196279674288,-0.08789510820902281,1.0
0.31348955592960037,1.0590110789485476,-1.0
-0.6051706509919068,0.8792960710715587,-1.0
0.5454704116950791,0.9175584280583029,-1.0
0.44735654461746743,0.7732187973449423,-1.0
0.8946129496541319,-1.0268077086251342,1.0
-0.9641162991137278,-0.10815943594817817,-1.0
0.6867504419245821,-0.2407823638588821,1.0
0.4109400180758506,1.0740328809931219,-1.0
1.8467277802663635,-0.2617856454587196,1.0
0.7168084456818021,0.667894644136979,-1.0
0.8595021534267069,-0.6607901687126911,1.0
1.979463080393953,-0.5339873809708046,1.0
-1.2814505475736446,0.1232371029898876,-1.0
0.03913574774958131,0.5066112814718611,1.0
-1.5004647880128719,0.31521846640728185,-1.0
0.5081254451981178,-0.6669282530924775,1.0
0.30368735487687176,-0.15472567802743165,1.0
1.4747608255654956,0.5391467042579282,-1.0
-0.6946721405996538,0.8676041315646124,-1.0
1.0201896411349787,1.0893997956746375,-1.0
0.3148201241688619,0.4457486633866239,1.0
-0.31873420453122575,1.0122796085175958,-1.0
0.06970166027897748,1.300048464773841,-1.0
-0.9923011953770562,0.531214911131615,-1.0
0.2666159233950772,1.1011944793362836,-1.0
0.633750640225681,-0.32918584626767755,1.0
0.46471440291122845,0.8283544708214301,-1.0
1.257439041974811,0.4451469187925808,-1.0
0.621842167540881,-0.0695316393487998,1.0
1.8145320892613837,0.5738544486159525,1.0
-0.09753449723205132,0.6348870114413747,-1.0
1.0135937687568768,-0.41292010559290593,1.0
-0.3642542279098073,0.8551655050574333,-1.0
-0.5027161087284073,0.10120578083026993,-1.0
-0.9312551400378757,1.1908525620190036,-1.0
-0.09605435141929308,-0.08882199172187252,1.0
1.114474189246718,-0.4176849288349432,1.0
0.44385477247008354,-0.10622733280080926,1.0
1.008131410468323,-0.5546209087571204,1.0
0.5244027076774097,0.8994986557143224,-1.0
0.6509927677860732,-0.7056493180360522,1.0
2.025848897428674,-0.08514992885511236,1.0
-0.23664318453009414,0.633646308807173,-1.0
0.9854495769069195,0.6557376895488659,-1.0
0.9751183674313271,-0.38103266774607386,1.0
-0.36039363964750726,0.9657680445179729,-1.0
-0.6331784295784363,0.6464968640922363,-1.0
0.22462912104700714,0.04665687952605163,1.0
-0.3950839657731483,-0.15867811819011773,1.0
-1.0222125031338645,-0.4395284966764764,-1.0
-0.9982674658782756,0.023834999249425004,-1.0
1.5599294882300268,-0.540691864284736,1.0
1.2548537320649342,-0.5957093179727485,1.0
0.1698149336625295,0.4438106719635307,1.0
0.016444400928049663,1.2774738539261021,-1.0
0.14367170268691445,-0.29432080429296087,1.0
-0.312526911584835,1.6436296592052053,-1.0
0.31816997619917,0.837625503717293,-1.0
1.0533599199758514,0.15926875051075395,-1.0
-0.29701083306416176,1.3899346070631418,-1.0
0.12880901830477628,0.09558328350583409,1.0
-0.7064601627584202,0.10416788804706784,-1.0
0.14253333676361457,0.28315839100692153,1.0
0.6537755051325135,0.09616641341196236,1.0
0.9476125549967485,-0.08473434275595904,-1.0
-0.3331482164874155,0.059026873969068056,1.0
-0.4883587917562453,0.18278301712546102,1.0
0.3267507151300963,1.0237775561618352,-1.0
0.373099929619416,-0.423417776667281,1.0
1.1552128456145243,0.06012324648871925,-1.0
1.1407682026884958,0.5168011236103474,-1.0
1.1687806916829175,0.2727404669687862,-1.0
0.3123691251087578,1.0574170489697747,-1.0
-0.5881939505875142,0.9608838946691522,-1.0
-0.058517046668086325,0.7186230567553754,-1.0
-0.25014198354376604,-0.007034895207929215,1.0
1.7368993069104777,-0.01641971531600811,1.0
0.7615461083918436,1.394548060939952,-1.0
0.10698153811306407,-0.6314936963828683,1.0
-0.5703186141988938,0.3201805523971867,-1.0
-0.5105138232047767,0.43114822178820966,-1.0
0.8745989604121598,-0.448920191755133,1.0
-0.9478019229248904,0.1498480489803943,-1.0
-1.0616916391183444,0.621810480790281,-1.0
0.02452078114495637,0.5667513415172653,-1.0
-0.9069864456222233,0.36581795152066077,-1.0
1.6661304999035356,-0.4103070873350266,1.0
0.9288745211712193,0.4293710320362589,-1.0
-0.06392771443867741,0.4334000150354359,1.0
-1.244146494069669,0.29311471449178106,-1.0
-0.337761707407096,0.973179530652467,-1.0
0.8645468415521778,-0.7677475311111315,1.0
1.785392011092883,0.34303800526185035,1.0
1.4868261070924926,0.38836250381985166,1.0
0.7989855224758762,0.24022830811779403,-1.0
1.9802728812194386,-0.2727663184232216,1.0
1.2643270314008224,-0.08400445076652346,1.0
0.7883757566744022,-0.19892311159061973,1.0
0.6054931935399127,0.7476152805401695,-1.0
0.21660541136739747,0.8036573820158153,-1.0
0.30137311574679204,0.950270115472241,-1.0
2.035332908978604,0.5023923867834659,1.0
-0.7267435507177237,0.7788472673412916,-1.0
0.9991739908788504,0.15860207900778345,1.0
0.5528193068680374,0.4142259460831311,-1.0
0.5276578496992109,0.009793997061711246,-1.0
0.698966274070159,0.9248754653768132,-1.0
-0.039602171494363916,0.16399135635010034,1.0
0.5637648848392832,0.6641204191269585,-1.0
0.6047004845702199,1.1347856060106096,-1.0
1.6806248316924823,-0.031626191843207724,1.0
0.5525128461984035,0.6695726332061476,-1.0
0.3568679909501181,-0.8761557699664118,1.0
0.16899702774105085,0.7566166348601113,-1.0
-0.15600036663669645,0.13348914339550316,1.0
0.5151232689975094,0.8387775001763902,-1.0
0.5422924554040619,1.3215850116405106,-1.0
1.2397996972347174,-0.6386852241340325,1.0
-0.5167021451894093,0.9350951344897328,-1.0
2.4201193870022277,0.6421742176515219,1.0
1.4645556532400144,-0.5457279185284838,1.0
-1.023337847548509,0.6313368798740115,-1.0
0.7810276620209122,-0.3681098027824793,1.0
1.4364711836033224,-0.5525374148179301,1.0
-0.4140529856546187,0.2954041551698088,1.0
-0.5171958817658922,0.8861902007727525,-1.0
0.8605378926091141,-0.578672790989324,1.0
0.817500013984028,-0.5601951648660499,1.0
1.9825081498883352,-0.3888033046605219,1.0
1.4484433546167665,-0.18008529412536023,1.0
-0.721118088845133,0.11880425113043179,-1.0
1.263238025257552,-0.1545720892652207,1.0
1.6905945678295502,0.6045844235894512,1.0
0.11818642189691705,-0.14388405216848582,1.0
0.874597521336596,-0.7594536602906975,1.0
0.3594215777710933,1.0042094968208983,-1.0
-0.4501777801825042,0.7444385307594944,-1.0
0.8582907909757999,0.31711689164631807,-1.0
-0.6946878374446348,0.31984497042392335,-1.0
1.2009749905822908,-0.48581931544030665,1.0
1.0477702594646434,0.7142676306154734,-1.0
0.8956147354618529,0.27616770198731566,-1.0
1.0514842943102367,0.11721029654786344,-1.0
0.6412298437462809,-0.7878851537415019,1.0
1.9896973401001739,0.723550949495223,1.0
0.40337795601540705,0.2772963124970757,1.0
-0.842006970578919,0.9352482141090916,-1.0
1.9561515223043913,-0.027976484451501693,1.0
0.929027692128658,-0.34685274901672614,1.0
-1.2151098999441552,0.6046668924482785,-1.0
1.1077244151539005,0.3361294900778943,-1.0
0.32969896987877234,0.1471742431876797,1.0
0.4357408701606176,-0.5918434190505936,1.0
-0.8697623757011859,0.23129954391455626,-1.0
2.1988607105332107,-0.026500753836081026,1.0
-0.9897437233913331,0.17109749124083037,-1.0
-0.8110588367482257,0.43751455442028,-1.0
0.8421693353255081,-0.5065159838627926,1.0
-0.33571940990018284,1.2058938811753288,-1.0
-0.3680189336944896,0.5191300717031148,-1.0
-0.2022213810842075,0.052918007757152025,1.0
0.7299761305458485,-0.4546616993677306,1.0
2.0013372179239624,-0.21546262245474396,1.0
1.0415412170020564,-0.44487369074168226,1.0
0.37190063816652746,0.918137862454368,-1.0
1.4574508844781071,0.1207908230892939,1.0
0.9509727752665882,-0.12662185205355614,1.0
1.225105666233385,-0.3890862675749474,1.0
0.7772465677048073,0.17428116823783205,-1.0
0.18851287280389928,0.4625152149421037,-1.0
-0.32801710199911904,0.5511655662211286,-1.0
0.008610440341130232,-0.4749361013436123,1.0
-0.27163688469419134,0.8548005133261141,-1.0
1.9810252862848619,0.046454026884726135,1.0
0.5055059980801134,0.5856208843651141,-1.0
1.0747934545958477,-0.018499321971677085,-1.0
0.7727849071946762,1.2322614919054604,-1.0
-0.8058971351030773,0.9023158944672225,-1.0
2.337360875906195,-0.009305569257982926,1.0
0.6667688574093703,0.8279557370937305,-1.0
-0.7383872097422179,0.6826856447494554,-1.0
1.0201963728116092,-0.07956943070505064,-1.0
0.4996733030869107,0.6914232280959796,-1.0
1.7383682710461505,-0.23598755196269738,1.0
0.3288895932417597,0.9282831342951715,-1.0
-0.37791552060979394,0.9324072717779773,-1.0
-0.06233904204071883,0.8558455809997403,-1.0
1.3802436352572656,-0.21140291905008624,1.0
2.086188746505943,0.2960087593313482,1.0
0.9765615341145756,-0.44104407991958094,1.0
0.7893208098284719,0.5289789134189965,-1.0
-0.9157326696828059,1.0999883312120116,-1.0
0.27699616301972324,0.5461323691069402,1.0
-1.1297754398574018,0.18094617624387024,-1.0
-0.5974544118862198,0.758996709770893,-1.0
0.27145454103752276,0.8902602595779515,-1.0
0.38842182616764304,-0.460006396449656,1.0
-0.5863891025589048,0.3754536772287329,-1.0
-0.26739195183513675,1.4799318010311033,-1.0
-0.9002507618425932,0.9742064710505713,-1.0
0.2503271854496537,0.7773432035162886,-1.0
0.19445562960787893,0.13359168291502177,1.0
0.7256807637192084,-0.407565475252344,1.0
1.1345621558025152,-0.24876119830609658,-1.0
1.7086010078215892,-0.371573473423513,1.0
1.8797851982580673,0.02305441405715819,1.0
-0.5681504100979798,0.8489627977833889,-1.0
1.2526362342854556,-0.2305356629119343,1.0
1.3839162393066926,-0.563307946147064,1.0
0.8339171706839402,-0.35764309050482035,1.0
-0.43080236121207716,0.5001216108027002,-1.0
-0.37720753023485903,0.8870561331599363,-1.0
0.05214103223718755,1.1155150592837115,-1.0
0.7363522032001937,0.6301435299618765,-1.0
1.9751456185805982,-0.003166458755347601,1.0
-0.28349550529907613,0.0880946857475805,1.0
-1.0802285202325337,-0.1434529404342476,-1.0
-0.7676822605706027,1.285224066641046,-1.0
-0.03448160169145503,-0.06389576717941536,1.0
0.43102337696965354,0.5425468835336039,-1.0
0.5314690746674804,-0.7804998581967525,1.0
0.13687440770558407,0.2534723968439661,1.0
0.044122334438924826,0.7929423947938221,-1.0
1.2829376874424039,0.06203925313223613,-1.0
-0.36367968063011363,0.7639110057879769,-1.0
-1.0298108773132637,0.685636473661671,-1.0
-0.8268841593498173,0.9739289008213083,-1.0
-0.40300470427658985,0.8909101700896329,-1.0
1.184632581736364,-0.793240170300969,1.0
1.2217817622422158,-0.849338492795704,1.0
1.3840512415192097,-0.278837234760597,1.0
-0.8460224050044477,1.1093945582450295,-1.0
-0.9991170563298065,0.6101469033964846,-1.0
0.653091271747605,0.7276956896227373,-1.0
1.6677379705846544,-0.10680914017450077,1.0
1.8156516644550633,-0.037547950382237405,1.0
0.6412811961252407,0.5890605274368604,-1.0
-0.42287214933717443,1.060670849926241,-1.0
1.5107466248752495,-0.17740330681640892,1.0
0.7144681676385551,-0.37500824595502547,1.0
0.5694379767901638,0.7069426687512184,-1.0
0.45574780690997396,-0.731640445921585,1.0
0.9754519184393164,-0.35816738897415173,1.0
-0.13500627156808975,-0.49049414678453757,1.0
-0.3341177970567011,0.3484741891616716,1.0
0.2597296471071696,-0.14284260713661773,1.0
0.2645650333086581,0.23446209593051145,1.0
-0.5384949948246391,1.0562829380948777,-1.0
0.809568617240474,0.8889633438225535,-1.0
0.9645816949632605,-0.21056135011643756,1.0
1.3266681760887138,0.07863185854575208,-1.0
-0.34877405835842584,0.8731347735863068,-1.0
-1.1597472963236917,-0.021325569173768884,-1.0
-0.7821395902920387,0.915916378914156,-1.0
0.7497964596945466,-0.5021158563948174,1.0
0.16199912398705807,0.8701614349322053,-1.0
-0.17986260668001397,-0.022536725655800484,1.0
-0.44679896973590083,0.8031910250096501,-1.0
2.056651433299615,0.145715666025035,1.0
0.4018696015163907,1.1576239297300044,-1.0
1.4668473761875935,-0.42830380047355243,1.0
0.3765844273721633,1.154703199372926,-1.0
1.8280061360894249,-0.3267602779701855,1.0
0.9206920348456069,0.6899793417918568,-1.0
0.5983766194409308,-0.7072688733976055,1.0
0.9062142127740554,-0.38688526056337136,1.0
1.3896253345244585,0.9190000577218882,-1.0
0.7837303447966601,-0.596033583950951,1.0
1.9721587386834516,0.5339712811918658,1.0
1.7218983604601652,0.26620934952105996,1.0
-0.21677340525954697,1.141808619875257,-1.0
0.21081906438640438,0.42235326952374064,1.0
0.03077234348791874,1.3053202717382237,-1.0
-1.0025764252829827,0.541600233814652,-1.0
1.7568817475388283,-0.5460859673048546,1.0
-0.27095224992747785,0.8791761183753499,-1.0
0.769528794786474,0.9897316870093906,-1.0
-0.9863948365430605,0.03841771739081558,-1.0
0.7902944591440232,-0.020870504547965046,-1.0
2.2192276002725824,0.590394409489811,1.0
2.308489133541447,0.3560386746288426,1.0
0.38292493691668517,0.9506118735102905,-1.0
-0.796699368901195,0.6593847921722213,-1.0
1.9465395927233449,-0.13530381025103,1.0
-0.7776533562127766,0.7004392926214251,-1.0
-0.5993401880115272,0.5885714640151034,-1.0
0.8285128548818367,0.5254656643809241,-1.0
2.211636074657714,0.48889816355080934,1.0
0.37162367070109664,-0.5442906324825776,1.0
0.5400702689141836,0.37152578922992674,-1.0
0.5718435238223732,0.37596632214136516,-1.0
0.04199878187546635,0.9330019450837902,-1.0
-1.20374914880666,0.24313013537044242,-1.0
-1.225393375503577,0.06438320698752227,-1.0
0.1812681850570511,0.995741019799436,-1.0
0.6961453553972723,0.2210219343735791,1.0
0.5630228002169394,-0.377560786411354,1.0
1.8668838854131846,0.40570639299412786,1.0
-0.20150382797388047,1.0217744753551545,-1.0
1.081906658357976,-0.736414755707305,1.0
1.4197199736378248,0.4581185720289342,-1.0
0.7113821094007585,0.9092115982228892,-1.0
0.4434783187714505,-0.1719487616981779,1.0
-0.005199193388036601,0.08017165599894863,1.0
-0.9620594433424066,0.11011405385314565,-1.0
-0.8750832079395882,0.3769102778635766,-1.0
-0.3669302625393063,0.540345289629723,-1.0
1.8303495221920165,-0.18145983214650094,1.0
-0.6297566177424849,0.15592460313051038,-1.0
0.08785708806763474,1.2685783880968393,-1.0
0.9157142444591255,-0.41273688242458123,1.0
0.512315607508711,-0.13841577666348048,1.0
0.6843590196500512,0.8261405954682837,-1.0
0.0641861932742116,-0.03529732811119471,1.0
1.4582709256563506,-0.25967313777254153,1.0
0.7597983307448207,0.8248006002949316,-1.0
1.8061489583069257,0.6222873855542677,1.0
-0.9439885900077636,0.9749219103048234,-1.0
-0.8156167154178287,0.516151414070102,-1.0
0.8915796445915006,-0.1661994267159489,-1.0
0.8892297096149038,1.0027386227743234,-1.0
0.22175913122236582,1.511535564801271,-1.0
-0.3561725525119448,0.8842066011856922,-1.0
0.32423917664835555,0.7005951144726046,-1.0
0.3589211764048208,0.11831447590767336,1.0
1.7049532580426223,0.6224978829475958,1.0
1.1089645991591617,-0.28829170686244243,-1.0
-0.22987539121470213,1.5924818383649346,-1.0
0.2213063400525522,0.04516664489445664,1.0
1.4711530259028787,0.09936683079344655,1.0
-1.204752041635285,0.1058613385447556,-1.0
0.13836172968867175,0.08709260970947155,1.0
-0.960996895376127,0.07943384190202979,-1.0
1.2759124350418327,-0.25851773108835696,1.0
-1.0410543298323176,0.6861494856842009,-1.0
-0.1255517858929726,0.7215063946977628,-1.0
-1.3231878559769625,0.5367509868008954,-1.0
1.095660234244987,0.26195166403266484,-1.0
1.2324820356588495,0.35422725238708,-1.0
-0.5073463428634615,0.5873911219391365,1.0
1.04516807008709,0.07300632687892528,-1.0
-1.0291457476961552,-0.07729230675387963,-1.0
2.096333566680014,-0.00967895485195941,1.0
-0.5691659160677864,0.4105405327951666,-1.0
-0.036221291576944425,-0.32239576863091257,1.0
0.05121958365892865,-0.5556737389807676,1.0
0.5514539322422305,1.158453857883958,-1.0
1.0562473867898503,-0.999711966808215,1.0
-0.5505367679685886,0.6501650398539853,-1.0
0.9980209839553996,0.053749536645265994,1.0
0.27072371298976117,1.3808129528654933,-1.0
-0.564036986650498,0.8500708511836239,-1.0
-0.6545010489729782,0.23182926242087457,-1.0
1.0056849541009425,-0.904523627135434,1.0
-0.3312563991407609,0.22356549496139963,1.0
1.1335791705533271,0.7608611971504446,-1.0
0.9201318668714957,-0.5941492419326337,1.0
1.039673326132383,-0.8396437758672921,1.0
0.5483392259244143,0.04938821144475353,-1.0
0.5759753735431592,0.6513907995894425,-1.0
0.038721721717449586,0.1008359824915129,1.0
-0.10161885166236545,0.7057711886137705,-1.0
0.07847849112940014,0.48164630910538075,-1.0
-0.12376933575576705,1.4281099825220203,-1.0
0.9218033579615673,-0.9361304419407179,1.0
-1.3730789893430724,0.12710841096088066,-1.0
-0.6708716780006109,1.0129474515054138,-1.0
1.9868991017360391,-0.338893728716697,1.0
-0.7559584654127192,0.42570867885822006,-1.0
1.7810733608634557,-0.32785928003140946,1.0
0.7494013857250346,-0.623112610960682,1.0
0.8359372611024924,-0.18490609449876177,1.0
0.3625239880750275,0.23233741425960236,1.0
0.40436290596426017,-0.2892539886149166,1.0
0.5063874425905893,0.3556241178847722,-1.0
0.8402492363095329,-0.9810377236079562,1.0
0.589846492917945,-0.3675977050883786,1.0
0.4531826879117175,-0.21221625844876307,1.0
-0.4628476608989066,0.9444893553130489,-1.0
1.2362491413416312,-0.5583517762954647,1.0
-0.32764761209908544,0.33424540205142306,1.0
0.5411605348182442,0.7855706240681268,-1.0
1.6147656716790864,0.3606514356389984,1.0
-0.39705521825445733,0.4348817892464625,-1.0
1.03995595293166,0.7863049141059404,-1.0
1.2829382150530337,-0.26062615352858703,1.0
-0.9925118248112034,0.7920971238532972,-1.0
1.5170712122126855,-0.2384563871449693,1.0
-0.2034912758482268,0.027830867574739016,1.0
1.148379025638997,0.10570534074064353,1.0
1.2477888821466347,0.6964995950032696,-1.0
-0.9857601216793095,0.36470610089809913,-1.0
1.424673079954846,0.09095977875190885,-1.0
0.8473258954428093,0.6217921828539074,-1.0
0.15431557501178272,1.1686773309013871,-1.0
1.6473131193560095,0.031040004548433003,1.0
1.8155453338320509,0.4909457100379596,1.0
-0.11137452097950276,0.5675400814202294,1.0
0.6468811360334422,0.9422938472343564,-1.0
0.5112534275943923,-0.5006420101492743,1.0
1.7611508995033762,0.001938290955838473,1.0
-1.3570353768887053,0.1331605912124035,-1.0
0.8432302955858926,-0.439104348861926,1.0
0.36174830630456395,0.48952236663532556,1.0
0.8524491325334427,-0.33382505921890293,1.0
0.6678485940488039,-1.080846010273791,1.0
0.54560623550114,0.3564055675092047,-1.0
-0.3992269176061624,0.7903716273066583,-1.0
2.1398879545495686,-0.19542538140990973,1.0
0.43528555842430905,-0.2703251857873305,1.0
-0.9355065049733616,0.11717345017598069,-1.0
1.3077381274457456,-0.653098428185011,1.0
0.6229281301837354,-0.4278066924589646,1.0
0.7514910082074754,0.6313793020924324,-1.0
0.6738412458942341,0.7000868547027685,-1.0
2.071900935960752,0.4524201777073237,1.0
0.6597760448414447,-0.32616223399126076,1.0
-0.1767927836099332,0.20164740035691373,1.0
1.4011146906305034,-0.13819389294796075,1.0
0.6157942822012159,-0.743776504261478,1.0
-1.1451525242853444,0.8826765327043472,-1.0
0.5608953641549415,-0.32884456398003253,1.0
0.42046975331562064,1.1389024397877696,-1.0
0.368064242619855,-0.45205279487427574,1.0
-0.25889392528551397,1.052098883445392,-1.0
0.3763635875200285,-0.3211611354422258,1.0
-0.04329947056232547,0.6380038953971681,-1.0
0.0541024407490755,0.9552248035712362,-1.0
-0.27866128860727507,0.5296224419937821,-1.0
0.20287676095575943,0.06520220412900608,1.0
0.7891462778484746,-0.09343010249249167,1.0
-1.3168446912432554,0.20996064205974602,-1.0
1.2229580869557153,0.2772702405032944,1.0
1.7578526036911237,-0.33279588154260575,1.0
0.8125930189051356,-0.4811099366967707,1.0
0.34976296243384986,1.1863437861884194,-1.0
-0.9712255583278614,0.7918216656725603,-1.0
1.897060210784765,-0.3550276765838398,1.0
0.996003964283213,0.530088598542745,-1.0
0.8122496493490425,-0.359172230982194,1.0
1.881238730671495,0.3171269215553034,1.0
0.6770548218319007,-0.27781536229322157,1.0
1.5210206533419721,-0.4252484355840803,1.0
0.003783905059104309,-0.28963708254836745,1.0
1.7398139354977902,0.2128698042042652,1.0
0.739671442294833,-0.48082083141072973,1.0
-0.44428351594635673,0.7198445978459982,-1.0
-0.09559294313208275,1.2586396443057013,-1.0
-0.6168098409352576,0.870575239787558,-1.0
1.0162306989213483,0.7718501746402389,-1.0
1.3594064042098164,0.3425396686149478,1.0
0.7403506075345044,1.165544893049634,-1.0
0.5536848210475868,1.2331676740802981,-1.0
0.5885470674819446,0.12899011777048447,-1.0
0.2708254378705006,1.1397740308800777,-1.0
1.8210711936856445,-0.28862298881088183,1.0
1.6703930103097389,0.4485846928855116,1.0
1.1847649479223048,-0.029356576608919313,-1.0
1.581192734868631,-0.30540204792698067,1.0
1.5683346989924425,-0.4187586946764785,1.0
1.5025820952884872,-0.11004953034197873,1.0
1.1479523376432286,0.5779585120203528,-1.0
0.39051558174905293,-0.21177740790350089,1.0
2.07722326172932,-0.18825169191385438,1.0
1.0843319581993227,-0.32954906689074337,1.0
1.222365020143941,-0.6590141843503949,1.0
-0.6523898457600055,0.39318373796685824,-1.0
-1.0900720811784261,0.6432653273476087,-1.0
-1.1740040678363388,0.34899609407156096,-1.0
0.07238414857954201,-0.5661258265831515,1.0
2.2572692199230504,0.6693574162908932,1.0
0.9068193881570923,-0.5915843994411917,1.0
-0.2092774376411528,0.9209263106095249,-1.0
-0.05661130677702886,0.8474379746915804,-1.0
-0.7429688625413725,0.8140676710992042,-1.0
0.42895959552156615,-0.9644925624950146,1.0
1.1333640190179137,-0.4042185956605967,1.0
0.27225308294181094,0.9162236414719126,-1.0
1.75539749397671,-0.10708358775370219,1.0
1.8213618834513963,-0.2113566114355084,1.0
1.3745693634077356,-0.8161421253243878,1.0
-0.5459335774527547,1.145001378452753,-1.0
-0.06643188640313291,0.6700025800025178,-1.0
-0.10282968992318198,-0.1419892708534549,1.0
1.6784160298917754,-0.43571522244323757,1.0
-1.0320661398233346,0.4499731887593612,-1.0
1.1149140708872471,-0.29299224049663153,1.0
0.6593094293094648,-0.026450199208961377,1.0
0.4880926497243221,-0.4555739921573654,1.0
0.8521995223971807,-0.5149425744096674,1.0
1.052049307129502,0.7471263114514368,-1.0
1.078730070020662,-0.2108158750797398,1.0
0.23725308679276375,0.7417126685897251,-1.0
0.8991552644355243,-0.9070907201534377,1.0
0.5572760117978336,0.4940776118089796,-1.0
-0.8078577113628297,0.21457544026497005,-1.0
1.5201856790113202,0.03650481497462171,1.0
0.17787388545330862,-0.32620618597675965,1.0
-0.36268344803656694,1.053843851816433,-1.0
-0.7934160658978258,1.16053269712386,-1.0
-0.3794767148181917,1.4106345232878648,-1.0
0.9178353131428045,-0.09542395768735051,-1.0
-0.612158715239556,0.13348339300456652,-1.0
1.629791121294158,-0.4083120259817951,1.0
-0.8103413108173741,0.5490154897606057,-1.0
0.39299508133033695,-0.14075104189252474,1.0
0.6472532887141136,1.1235272902265558,-1.0
-1.0122920264790793,0.6715292321333887,-1.0
-0.41462442982421094,0.42303524541412846,-1.0
-0.42148788435880147,0.7367169624489459,-1.0
2.027490891021223,0.4063118500829368,1.0
-0.25260418879382174,0.9790650366300534,-1.0
0.03980440716786113,0.31050740068174404,1.0
-0.8694554513612607,0.0852350964212407,-1.0
2.269841956058063,0.1459214324075381,1.0
2.028573724708713,0.26890279211867896,1.0
-0.5615201907867656,0.9785074561670255,-1.0
0.4081443740293802,1.142339544875859,-1.0
-0.1961182347132021,1.324572855273488,-1.0
0.07436849796312728,0.915783485176443,1.0
-0.06998166618259652,0.26525277048064155,1.0
1.429314635736897,-0.45422532258014403,1.0
-1.4654764228148733,0.15230416882634518,-1.0
0.5671246536702068,-0.5593397363125316,1.0
1.4722546364657743,-0.408506992202113,1.0
-0.23857564302279338,-0.007063810751346877,1.0
0.6013984174326061,0.13427091369645977,-1.0
0.7881358661667859,-0.2993593191805308,1.0
1.4710462814632206,-0.48726233941295044,1.0
-1.0219380699074894,0.18296772647493448,-1.0
1.8962096103069743,-0.06733389500555655,1.0
0.23453474449780126,0.13767739571572254,1.0
1.7354984130133522,0.25822768028695553,1.0
1.0379894467371071,-0.7918079466236372,1.0
1.6780732504645055,-0.20773399163839826,1.0
1.054162126529015,0.008487105953446566,-1.0
0.14772971279271385,0.6070431062480421,-1.0
-0.22901727298349928,1.1545218504505401,-1.0
2.3452275292010865,0.7921082133817516,1.0
-1.1359575506567496,0.5975944317598462,-1.0
0.12667629548034468,-0.07736922307724818,1.0
-0.24027496281322852,1.3268498108326936,-1.0
-0.8389882233867059,-0.06935633097262928,-1.0
0.7375348974223404,-0.49959677983994205,1.0
0.5902225602775724,-0.4483540742652702,1.0
-0.14256545744466678,1.3999761662192052,-1.0
1.0988207547271762,-0.042001550300500845,1.0
-1.0581973713512336,0.5363994286187093,-1.0
1.7927469465235062,0.06040326560245404,1.0
0.48518968603432144,1.1047736481453492,-1.0
0.526744739014665,0.7537252617179284,-1.0
-0.18579894958442744,-0.21126106023657631,1.0
0.7136041501864345,0.5901786071753009,-1.0
0.08286553710890131,0.4331494811774033,1.0
0.20415738612103862,0.13828320105862,1.0
0.2617008723327847,0.19457521582458018,1.0
0.4279290027770113,0.7539213971560388,-1.0
-1.0641096339397214,0.5083404479904408,-1.0
1.4823934126227132,-0.37724284263252084,1.0
-0.12437186869344366,0.5466066153438578,1.0
0.8687326356416886,-0.1998752205219813,1.0
-0.2039932220520823,0.667418885374613,-1.0
1.6192832467001084,-0.015185458356851006,-1.0
-0.9679173511237281,0.33695383988618516,-1.0
-0.49405553730832813,1.239881880850786,-1.0
1.9370850490145402,-0.26909236697017525,1.0
0.10825561392363278,1.1625175721652565,-1.0
-0.5280168975053451,1.0583688052681441,-1.0
1.9183495610135535,0.25584954822596784,1.0
1.921819989374248,0.04956687713629193,1.0
1.7027268793559713,0.7376087824478565,1.0
0.20311664954117642,-0.34416402229150744,1.0
-0.40410708302420145,0.6170573992629627,-1.0
0.9131137072592822,-0.7876611349771712,1.0
0.39365548354617713,-0.14600747577526083,1.0
-0.28545249594315697,0.425145225272509,1.0
0.8520931005095207,1.087733320771922,-1.0
1.0464688011327457,-0.7085258075880051,1.0
-0.10286794081038925,0.8636336444368379,-1.0
1.187306425664688,0.20504775940218475,1.0
0.350682524973102,-0.2652059814920986,1.0
-0.6373141517002096,0.8607333432225052,-1.0
-0.7200381934075095,0.3077451997296288,-1.0
-0.8265711321535231,0.4376506017815558,-1.0
0.14888247748201427,1.038083434602742,-1.0
-0.8152738609945371,0.8307430405515983,-1.0
-0.23604382852632383,0.5293144960035597,-1.0
0.07200337466565344,0.4875020289775557,1.0
1.1579046428199062,-0.26114646123215773,1.0
0.4109533160874864,0.22545371574364784,1.0
-1.0951122883524276,0.11714118276145112,-1.0
-0.6023201948540374,0.4304012205821737,-1.0
0.7253778370870099,0.01394303939043151,1.0
0.9402916448610745,-0.31342368812741606,1.0
0.22506397036463907,-0.17213049976249994,1.0
0.45397213219729265,0.5207757912167288,1.0
1.6967908593630292,0.28429789717787723,1.0
0.7225160918807455,0.09691187022447112,1.0
-0.8955730320439943,0.5939195083428433,-1.0
1.9632665057663727,-0.36654125087114875,1.0
-0.6519526914389667,0.1440244683808009,-1.0
1.655620519224548,-0.2949628613047637,1.0
-0.09569282185890068,0.1537480334591667,1.0
1.5331062281319552,-0.3042198339044089,1.0
-0.20829270648820544,0.772325447950308,-1.0
1.223292921468536,0.7711934634241463,-1.0
1.2875840815775388,0.051094273060201756,1.0
-0.35829016955035986,0.8581802347471281,-1.0
0.7623100456223556,0.8016724954193691,-1.0
0.2987727045856698,0.7229808334308084,-1.0
1.0000582933745448,-0.5346329797227805,1.0
-0.35183949389794705,0.73463700081723,-1.0
-0.10196651041793037,1.1181249664397166,-1.0
0.9420730699075561,-0.09239552347348429,1.0
1.0582602197228046,-0.22706312869243211,1.0
1.483253326414099,0.5630302868368375,1.0
2.11900061962322,0.08733648632720412,1.0
0.05414888064010802,-0.22396189644967107,1.0
0.26132472014412444,0.9032046334914076,-1.0
-0.2808849631004561,1.2569097644801606,-1.0
1.6456916500954573,-0.44116832952818275,1.0
-0.14848159490250196,0.7545197882463361,-1.0
-0.9954133453700698,0.936597337783023,-1.0
1.771868790304179,-0.07391092496737128,1.0
1.3063988669742708,0.3345947798101388,-1.0
0.8880453479180521,0.6705189247252435,-1.0
2.201829933069852,-0.06952299115387939,1.0
0.13318126145123976,-0.3359729197713458,1.0
-1.1176397421459652,-0.1313241281967395,-1.0
-0.5895158670510179,0.7884042498054058,-1.0
-0.7933594577942795,0.6848419005813193,-1.0
1.1045370367351917,0.004567492720946975,-1.0
1.8045844745177544,0.3764842992257791,1.0
-0.29767439545738306,0.796079002456,-1.0
1.2648327693324537,-0.4388847535713191,1.0
1.7176360220741151,-0.25269974129383266,1.0
0.6844929650726874,-0.04194931025536536,1.0
-0.6230231771603153,0.4881701171480219,-1.0
2.1787553361510836,-0.4003664964561379,1.0
0.971010123007421,0.01676824679339288,-1.0
2.1387577303629635,-0.07464300049096861,1.0
1.7431983641561772,-0.16638411724995544,1.0
2.3304105443772913,0.15079122118609642,1.0
1.4794943937377236,-0.13866948829316822,1.0
0.9029745709701937,0.45079765418350237,-1.0
0.8603383895554444,0.4734047242074432,-1.0
1.186351658611875,-0.5399513655829798,1.0
-0.2101645239691723,-0.47987970546203673,1.0
-0.10469004547574133,0.804018684702615,-1.0
-0.862070017391703,0.5847911258903733,-1.0
0.3756294903305422,-0.6717626040122305,1.0
0.7117274744882334,0.6931139758920724,-1.0
0.23099892222205354,0.49384900430027656,1.0
0.6784984208878002,0.6376551321704921,-1.0
0.8215133708997036,0.5004396153861361,-1.0
0.6973131248912964,-0.7201394962468928,1.0
-0.8714636229428327,0.6531864312199455,-1.0
-0.48614019091562277,1.1525649090810854,-1.0
-0.8267097641798652,0.5741558287764028,-1.0
-0.9251269153210454,0.6975505865935023,-1.0
0.462143875065607,-0.2506798457203895,1.0
0.35250930234562705,0.5496421321907461,-1.0
0.8588516423840703,1.0960678029263522,-1.0
0.2896504924787955,0.19898543526043422,1.0
0.528261181895238,0.6437059556182333,-1.0
-0.6812599144809355,-0.1575460230037265,-1.0
-0.8777261924275326,0.32871646850972847,-1.0
0.742688546698997,0.3840902471172786,-1.0
0.34827379431530303,0.688981137832386,-1.0
0.9479288768615806,0.3462443682520011,-1.0
0.06971174661826476,0.2681491615237123,1.0
-0.40888342045356274,1.0999507678631868,-1.0
0.17100313724571825,0.16538342321584057,-1.0
1.2098141792582746,-0.05932823950198868,1.0
-0.40700525209754884,0.9170890921002364,-1.0
2.0464455841784845,-0.304023237237594,1.0
0.9897200611644977,0.1512835580558827,-1.0
1.801772787229494,0.3262036027548383,1.0
2.521027510402862,0.3535034228098881,1.0
-1.0888942928777046,0.6301134207460366,-1.0
-0.5853741432721108,0.23607098122844417,-1.0
0.07678693469532671,1.1176620292374213,-1.0
0.5364671078317648,0.7266761389521375,-1.0
1.0327791743807735,-0.5533724578539466,1.0
0.22052410252264207,-0.16089581780548673,1.0
0.09303342822077629,1.0503015621895473,-1.0
-0.23051491214019815,0.7032251255682362,1.0
0.9375210889928334,-0.12308750882064554,-1.0
-0.18672984485621713,0.9482848601179582,-1.0
-1.1778125077518948,0.4666488621785506,-1.0
1.0088549797041984,1.0649959231189718,-1.0
1.6706289520801714,0.5967605407506205,1.0
0.6025956980205462,0.6918706418636177,-1.0
2.043747278934984,-0.31183915620940517,1.0
0.7758292901973841,0.2471893320709268,-1.0
-1.1816577921503704,0.49304437266302853,-1.0
1.019065640413335,-0.38777099105918594,1.0
1.9326918936969415,0.14424771339006487,1.0
-1.0693135611671092,0.4841976628685175,-1.0
0.3727831651795784,0.15673010049189467,1.0
0.27239056731893424,1.1378874699627712,-1.0
1.869648922203595,-0.06227040298136769,1.0
-0.23674194356964584,1.271198398301657,-1.0
0.9765570719608414,-0.18557580934494883,1.0
0.16147175106777534,1.1456090340964358,-1.0
1.131586734731268,-0.5224810656122315,1.0
1.2351988408551429,-0.22529549538509236,-1.0
1.0414514099070467,0.5943357952193846,-1.0
1.0185347652012027,-0.16641478591083608,1.0
0.7249324589320646,-0.765620033265671,1.0
0.1931312020118709,0.8843166872767488,-1.0
-0.6215550729705681,0.3043451815463884,-1.0
-0.1918441550350057,1.10067837302615,-1.0
-0.0790548522646677,0.07396325974587686,1.0
0.7126471613505933,0.7954103013993562,-1.0
0.023709686990604883,-0.021598482741747055,1.0
-0.9168282735021203,0.20556834359518963,-1.0
-0.5993769134455826,0.49895685628594744,-1.0
1.8523656906791994,-0.4975209124667227,1.0
1.979160210988027,-0.3334959998691063,1.0
-0.8856899737582884,0.45714843065654065,-1.0
1.0866201521004457,-0.2987236889586743,1.0
-0.44542679652643713,1.0722252552630709,-1.0
0.5621009951405417,0.4915539744716873,-1.0
-0.7314024725341804,0.5993920119204774,-1.0
0.17113964529357492,1.1741817299855222,-1.0
2.313667566903085,0.3037217763987181,1.0
-0.38256401681818664,0.6485911110618041,-1.0
-0.6490665862828696,0.8179696936595819,-1.0
0.17642118375175517,0.6299241000426262,-1.0
0.633432121952849,-0.2689052532051486,1.0
0.2796609328340148,-0.12286439018697641,1.0
1.1226938513108204,-0.5798197157621413,1.0
1.110440847580907,0.338390315329421,-1.0
-0.9516958754123936,0.3859945877408542,-1.0
1.6897109109028685,-0.49308847150517243,1.0
0.34359270861055013,0.5016127632670546,-1.0
-0.6868206229601181,1.1998204506492813,-1.0
0.1567044249884148,0.8225880873122363,-1.0
0.7793318667783808,-0.7235833259157678,1.0
0.16378897494129968,0.8750428243118323,-1.0
-0.6750047874191933,1.2122094862692565,-1.0
1.8923133349618069,0.32644945381229457,1.0
0.1484349916916329,1.0876141372894408,-1.0
0.2743918949723402,-0.22667758537049734,1.0
-0.38800487344699697,0.8198035252220705,-1.0
0.25304029967192604,0.1562054467608508,1.0
0.515670635380227,-0.06267738249943937,1.0
0.12033256464367811,0.24029246874100318,1.0
0.10175170404696135,-0.11200049532601886,1.0
1.8623497776118254,-0.23323735645225974,1.0
1.7712552785472968,-0.5834706427132813,1.0
1.081602772021286,0.2591370876844734,-1.0
0.04099468756565078,0.8953679889520915,-1.0
-0.8814125200502024,0.14046733308478665,-1.0
2.3002132850009716,0.5837667482842148,1.0
-0.3019436622548643,1.002173838605178,-1.0
-0.606742119328642,0.7659704496346413,-1.0
0.2532636105391166,-0.33483053453088885,1.0
-0.03884139312009677,1.0485891123763404,-1.0
-0.2657717856087862,1.1888083778382048,-1.0
2.1614812707851767,-0.7063880262669837,1.0
0.574487399641595,0.21303363634435243,1.0
0.0180459550526402,1.1121506267220433,-1.0
-0.6666590943087822,0.7982420009702073,-1.0
0.9824249487507267,-0.6980973804280188,1.0
0.3446737038929746,-0.0430298232798295,1.0
0.8444102489395079,0.8428952491766304,-1.0
0.8965798180657103,0.6679548450487106,-1.0
0.791308860516311,-0.3173209033108878,1.0
1.8844319699507255,0.3457580156765122,1.0
0.5064101870525696,-0.2458193523324113,1.0
-0.0838360893062679,-0.27075023048476327,1.0
0.18308118544016774,-0.03773898129310782,1.0
-0.6195335849548242,0.39294129718805404,-1.0
