x,y
-5.0,0.9020588198550716
-4.997999599919984,0.7307878425858467
-4.995999199839968,1.1354015102918447
-4.993998799759952,0.6502968317380784
-4.991998399679936,1.0668981711787855
-4.98999799959992,0.701305568755481
-4.987997599519904,0.6596390570680173
-4.985997199439888,0.7221026161055071
-4.983996799359872,1.1784074983128618
-4.981996399279856,0.7233103103882961
-4.97999599919984,1.1927909533084127
-4.977995599119824,1.0054637795093824
-4.975995199039808,0.8617816149676246
-4.973994798959792,0.7555223322601874
-4.971994398879776,1.3473776087618332
-4.96999399879976,0.8493326793045793
-4.967993598719744,0.8506739059826902
-4.965993198639728,1.2582476894836003
-4.963992798559712,1.2941953427531523
-4.961992398479696,0.9410210941193702
-4.95999199839968,1.2063496505503002
-4.957991598319664,0.8474844969455513
-4.955991198239648,1.4198698997328933
-4.953990798159632,0.7087025226547508
-4.951990398079616,0.7886184021814657
-4.9499899979996,1.2344531440125808
-4.947989597919584,0.9145205888396357
-4.945989197839568,1.2472720209674384
-4.943988797759552,0.8800618780052522
-4.941988397679536,1.105610362544546
-4.93998799759952,0.83561257601375
-4.937987597519504,0.959511715909119
-4.935987197439488,0.7190058082976057
-4.933986797359472,0.9659754281862578
-4.931986397279456,0.8004221183998099
-4.92998599719944,1.3909291893679496
-4.927985597119424,0.9127108474832257
-4.925985197039408,0.7377430509092967
-4.923984796959392,1.1160653120867772
-4.921984396879376,0.7365383793942968
-4.91998399679936,1.1539254299779889
-4.917983596719344,0.8673587200546814
-4.915983196639328,0.9718022958283593
-4.913982796559312,0.9418006290468895
-4.911982396479296,0.9293955804680195
-4.90998199639928,0.9929887993284183
-4.907981596319264,0.8482884966078971
-4.905981196239248,0.7629169605839567
-4.903980796159232,0.9894701171611903
-4.901980396079216,0.902532418760729
-4.8999799959992,0.7266640683289614
-4.897979595919184,1.105681957583003
-4.895979195839168,0.9799258466097747
-4.893978795759152,0.766221783750648
-4.891978395679136,0.9363733347093078
-4.88997799559912,0.9553626535628513
-4.887977595519104,0.7784672598493219
-4.885977195439088,1.6174548177107997
-4.883976795359072,0.9837571923291353
-4.881976395279056,0.9416706056141209
-4.87997599519904,1.4733665398174303
-4.877975595119024,1.0776389559261947
-4.875975195039008,1.2283984697000376
-4.8739747949589916,1.0058331312618778
-4.8719743948789755,1.000140122317514
-4.8699739947989595,0.8165487425768996
-4.8679735947189435,1.12169832746194
-4.8659731946389275,1.3579678510954714
-4.8639727945589115,1.303953847135215
-4.8619723944788955,0.7467156093589793
-4.8599719943988795,1.3610416172219755
-4.8579715943188635,0.8239463414452264
-4.8559711942388475,0.8015851721077661
-4.8539707941588315,0.8128213951070741
-4.8519703940788155,0.9120690546675181
-4.8499699939987995,0.604015704895909
-4.8479695939187835,1.0013718560780298
-4.8459691938387675,0.9391796323592888
-4.8439687937587514,0.999659506531648
-4.841968393678735,0.8924164427641255
-4.839967993598719,0.6734738328374522
-4.837967593518703,0.9400404852991006
-4.835967193438687,1.2364547386644482
-4.833966793358671,0.7905840958843492
-4.831966393278655,0.8174007591322364
-4.829965993198639,1.0840715832569559
-4.827965593118623,0.7457236946472167
-4.825965193038607,1.0387195278130288
-4.823964792958591,1.0825901614719005
-4.821964392878575,0.8813979628515484
-4.819963992798559,0.8442696556688902
-4.817963592718543,0.7126225311028604
-4.815963192638527,0.8364286438161196
-4.813962792558511,1.1083993937779768
-4.811962392478495,1.1626977581847942
-4.809961992398479,1.0079780815205504
-4.807961592318463,0.872545827953048
-4.805961192238447,1.0102872828502825
-4.803960792158431,0.8321455135884095
-4.801960392078415,1.031810122650621
-4.799959991998399,1.1455405280220579
-4.797959591918383,0.9032701465481017
-4.795959191838367,0.835890874291132
-4.793958791758351,0.8991314895206018
-4.791958391678335,1.2143382457798462
-4.789957991598319,1.5552590228139347
-4.787957591518303,1.1268627651206362
-4.785957191438287,0.9826636532004439
-4.783956791358271,0.8027381235301001
-4.781956391278255,0.7904675979774395
-4.779955991198239,1.0832490188017563
-4.777955591118223,0.8418909243259562
-4.775955191038207,1.2024771674090649
-4.773954790958191,0.877443008943144
-4.771954390878175,1.2828393037605885
-4.769953990798159,0.9164780339629724
-4.767953590718143,1.225144816846506
-4.765953190638127,1.1331693661675648
-4.763952790558112,1.168057574842499
-4.761952390478096,0.9850652810164787
-4.75995199039808,0.8660245190378577
-4.757951590318064,1.2008632054779556
-4.755951190238048,1.3576795741451007
-4.753950790158032,0.7986619822992173
-4.751950390078016,1.0943273676658705
-4.749949989998,1.0936454734851928
-4.747949589917984,1.032528315601506
-4.745949189837968,1.285662503123206
-4.743948789757952,0.8443917883627677
-4.741948389677936,1.2192362104280987
-4.73994798959792,0.9441488476895616
-4.737947589517904,0.5323807276809827
-4.735947189437888,0.7082321239926248
-4.733946789357872,1.0069056317841714
-4.731946389277856,1.2438252153449716
-4.72994598919784,1.2161098140205966
-4.727945589117824,1.0209532302448783
-4.725945189037808,0.770848905007677
-4.723944788957792,0.7584135233900744
-4.721944388877776,1.0840608519704824
-4.71994398879776,0.9915166981257221
-4.717943588717744,1.1941767711506577
-4.715943188637728,0.9335790336592541
-4.713942788557712,0.8456076889652787
-4.711942388477696,0.9443592074757776
-4.70994198839768,0.9973800390478014
-4.707941588317664,0.593442464214615
-4.705941188237648,1.0945653622518787
-4.703940788157632,1.028504520007055
-4.701940388077616,1.1893517448226225
-4.6999399879976,1.1559232447802512
-4.697939587917584,1.2165542391471422
-4.695939187837568,1.3360043675816626
-4.693938787757552,1.027741658957314
-4.691938387677536,0.558461122354512
-4.68993798759752,1.1719962951444796
-4.687937587517504,1.2395291017084855
-4.685937187437488,0.9541679291119638
-4.683936787357472,0.596285748816133
-4.681936387277456,1.2075072354819916
-4.67993598719744,0.9956044269905691
-4.677935587117424,0.7324874750768493
-4.675935187037408,0.9458432086091345
-4.673934786957392,0.9982783674058097
-4.671934386877376,0.9456227958374754
-4.66993398679736,0.8979974921939713
-4.667933586717344,1.1894008850045996
-4.665933186637328,1.2691502251698021
-4.663932786557312,1.3852125072194934
-4.661932386477296,0.7979821765342141
-4.65993198639728,1.2587806088498712
-4.657931586317264,1.0366971379882421
-4.655931186237248,1.0735646839447157
-4.653930786157232,1.241173543712774
-4.651930386077216,0.9881939141640879
-4.6499299859972,0.9615456709998936
-4.647929585917184,0.8592167842061647
-4.645929185837168,0.7644666266257713
-4.643928785757152,0.8711733101801781
-4.641928385677136,1.0317386665944388
-4.63992798559712,0.9873174994298664
-4.637927585517104,0.9211054886763563
-4.635927185437088,0.9271266864035714
-4.633926785357072,1.2071921678801834
-4.631926385277056,1.0318915004496365
-4.62992598519704,0.7979256270079597
-4.627925585117024,1.0080152483292288
-4.625925185037008,1.1194835959574334
-4.6239247849569916,1.1873784950848656
-4.6219243848769755,1.1087387935527935
-4.6199239847969595,1.1654348492046496
-4.6179235847169435,1.0967533685559345
-4.6159231846369275,0.5939746815618108
-4.6139227845569115,0.963099616847606
-4.6119223844768955,0.9769057854607295
-4.6099219843968795,1.4026275200481737
-4.6079215843168635,1.1464236727623365
-4.6059211842368475,0.936148224159205
-4.6039207841568315,0.8395822383667833
-4.6019203840768155,0.9250961129840203
-4.5999199839967995,0.8320032776546689
-4.5979195839167835,1.429424243044899
-4.5959191838367675,0.99017135625121
-4.5939187837567514,1.157956629862152
-4.591918383676735,1.0958194282841947
-4.589917983596719,1.1239766681296288
-4.587917583516703,0.8161342244440475
-4.585917183436687,1.2594678145518188
-4.583916783356671,0.9740946644344466
-4.581916383276655,1.2915807492278413
-4.579915983196639,1.0763719973571246
-4.577915583116623,1.3417680944490296
-4.575915183036607,1.110765437046527
-4.573914782956591,0.9533054865985351
-4.571914382876575,1.2712745666853893
-4.569913982796559,1.0175296545594361
-4.567913582716543,1.0971983251346118
-4.565913182636527,1.0071420532295003
-4.563912782556511,0.8808104027166428
-4.561912382476495,0.9568152034502639
-4.559911982396479,1.1307280291379322
-4.557911582316463,1.1825252970900393
-4.555911182236447,0.5838551752682961
-4.553910782156431,1.0515315120607063
-4.551910382076415,0.9715707648325477
-4.549909981996399,0.7128003144541004
-4.547909581916383,1.1580059552161162
-4.545909181836367,1.3475026650042157
-4.543908781756351,1.282175197606548
-4.541908381676335,0.5188457235571413
-4.539907981596319,1.0500679034859954
-4.537907581516303,0.8548839542000243
-4.535907181436287,0.8948214451216459
-4.533906781356271,0.9336782555470294
-4.531906381276255,0.5392289924695717
-4.529905981196239,0.5717528250599369
-4.527905581116223,1.0000702292589998
-4.525905181036207,1.032202685703038
-4.523904780956191,0.9432146341170807
-4.521904380876175,0.732168181040319
-4.519903980796159,0.9007192234214152
-4.517903580716143,1.2702352756417692
-4.515903180636127,0.9082061741971102
-4.513902780556111,0.8798069805623974
-4.511902380476095,1.2273436256590562
-4.509901980396079,0.9364202356567239
-4.507901580316063,1.1152518228975652
-4.505901180236047,1.0709276495252933
-4.503900780156031,0.799895460204289
-4.501900380076015,0.7797878871776472
-4.499899979995999,0.7079270545050129
-4.497899579915983,0.7751467171146947
-4.495899179835967,1.1420556975054494
-4.493898779755951,0.8118658933463347
-4.491898379675935,0.9482083897541629
-4.489897979595919,0.9190196192398944
-4.487897579515903,1.050826705509037
-4.485897179435887,0.7015139837635379
-4.483896779355871,1.1936193786985196
-4.481896379275855,1.2607941782157632
-4.479895979195839,0.968064281584763
-4.477895579115823,0.5247081912079514
-4.475895179035807,0.8003465696588692
-4.473894778955791,1.0348969228544278
-4.471894378875775,1.045649573175042
-4.469893978795759,0.9191863571078664
-4.467893578715743,1.1903829184430206
-4.465893178635727,0.8545255188837904
-4.463892778555711,1.1661047274015224
-4.461892378475695,0.9689903295267935
-4.459891978395679,0.8550746368124365
-4.457891578315663,1.1141038678255106
-4.455891178235647,0.9585017385728798
-4.453890778155631,1.1442698983006647
-4.451890378075615,1.547535994653427
-4.449889977995599,0.7789467903414198
-4.447889577915583,1.14138176494955
-4.445889177835567,1.0922888812634384
-4.443888777755551,1.3200319291094917
-4.441888377675535,1.146466790394003
-4.439887977595519,1.27768833757302
-4.437887577515503,0.7658044794509018
-4.435887177435487,0.7069001831940682
-4.433886777355471,0.7733437507039771
-4.431886377275455,0.9295474431034771
-4.429885977195439,1.2368635332560394
-4.427885577115423,1.2809504139909422
-4.425885177035407,0.8862730916510737
-4.423884776955391,0.9362249757836069
-4.421884376875375,0.7237072496883465
-4.419883976795359,0.9720781198732515
-4.417883576715343,0.9173037904684268
-4.415883176635327,0.9172976024223479
-4.413882776555311,1.1919222587003993
-4.411882376475295,1.0361485200498417
-4.409881976395279,0.6931066652616347
-4.407881576315263,0.443954451613212
-4.405881176235247,1.063787714168853
-4.403880776155231,0.9992621883783153
-4.401880376075215,1.027708415403277
-4.399879975995199,0.9980658138045164
-4.397879575915183,0.7220364605520004
-4.395879175835167,0.9123727612107345
-4.393878775755151,0.8885736753568501
-4.391878375675135,0.9328215975529945
-4.389877975595119,1.1241144622951973
-4.387877575515103,0.8323275863623627
-4.385877175435087,0.7159674002860785
-4.383876775355071,1.2145128661566629
-4.381876375275055,0.7998237742870334
-4.379875975195039,1.175711813001236
-4.377875575115023,1.3748625151273468
-4.375875175035007,1.2453309419390042
-4.373874774954991,1.0761479600657862
-4.371874374874975,0.9029464584058203
-4.369873974794959,1.124529150831493
-4.367873574714943,0.9366572535296019
-4.365873174634927,1.2236468903999138
-4.363872774554911,1.0675876839036942
-4.361872374474895,1.0148603165931969
-4.359871974394879,0.9483584376752403
-4.357871574314863,0.8389820708220597
-4.355871174234847,0.9366660048204454
-4.353870774154831,0.9949826277562651
-4.351870374074815,0.8843249470229453
-4.349869973994799,0.9946091953762438
-4.347869573914783,1.1314165543342365
-4.345869173834767,0.9890943159791568
-4.3438687737547514,0.8259795528391826
-4.341868373674735,0.38100922533591686
-4.339867973594719,1.174164702927346
-4.337867573514703,0.9085673320397604
-4.335867173434687,0.9700418358620713
-4.333866773354671,1.038210326556426
-4.331866373274655,1.0375202827370043
-4.329865973194639,1.0792822104476938
-4.327865573114623,1.1287436799584418
-4.325865173034607,1.0773331111558915
-4.323864772954591,0.3020626682126699
-4.321864372874575,1.0033054351294795
-4.319863972794559,0.9749452278911221
-4.317863572714543,0.8726188862372721
-4.315863172634527,1.0183145197399408
-4.313862772554511,0.9256841465289455
-4.311862372474495,0.8072642292296097
-4.309861972394479,1.1674235481585535
-4.307861572314463,0.9888461114531207
-4.305861172234447,0.9529981669731744
-4.303860772154431,0.5009979872213747
-4.301860372074415,1.342636430552019
-4.299859971994399,0.5432448159540668
-4.297859571914383,1.0201467283078736
-4.295859171834367,1.057093051928356
-4.293858771754351,1.2425708961025395
-4.291858371674335,0.7205395049730587
-4.289857971594319,0.7502995975904959
-4.287857571514303,1.0713071626616997
-4.285857171434287,1.040591867235171
-4.283856771354271,1.2499364549133611
-4.281856371274255,1.1262258600898098
-4.279855971194239,0.8402258764900133
-4.277855571114223,0.8848554733011436
-4.275855171034207,1.0108269177615272
-4.273854770954191,0.5996838679229052
-4.271854370874175,1.0167414469417884
-4.269853970794159,1.0303544163547795
-4.267853570714143,0.7407994279390285
-4.265853170634127,0.8593515174570426
-4.263852770554111,0.5046795161795907
-4.261852370474095,1.0859918362540484
-4.259851970394079,0.9829317811146794
-4.257851570314063,0.6371477229265756
-4.255851170234047,0.6855723956154227
-4.253850770154031,0.8097811528380384
-4.251850370074015,1.0656717443630725
-4.249849969993999,0.995829600229317
-4.247849569913983,0.7295817123345424
-4.245849169833967,0.7744751469087525
-4.243848769753951,0.9027477844263143
-4.241848369673935,0.7311898238817899
-4.239847969593919,0.7863252623487006
-4.237847569513903,1.0278761581349776
-4.235847169433887,0.6432221755046267
-4.233846769353871,0.8591937300325934
-4.231846369273855,0.8433912076364007
-4.229845969193839,0.8772466154857522
-4.227845569113823,0.937729947698293
-4.225845169033807,1.006872008802993
-4.223844768953791,1.0398608230845088
-4.221844368873775,0.8132877359809372
-4.219843968793759,0.8508460191723828
-4.217843568713743,0.9503758284723234
-4.215843168633727,0.9152615014041636
-4.213842768553711,0.9924199048639797
-4.211842368473695,0.9672588627133971
-4.209841968393679,0.7115840611991134
-4.207841568313663,1.250282702706673
-4.205841168233647,0.8751599230786321
-4.203840768153631,1.0133930988441184
-4.201840368073615,0.9945940754299644
-4.199839967993599,0.9258823906320962
-4.197839567913583,0.9229818365114022
-4.195839167833567,1.0549949409839483
-4.193838767753551,0.8268804815925861
-4.191838367673535,1.0226659920288417
-4.189837967593519,0.9670335495066755
-4.187837567513503,1.1007068041041776
-4.185837167433487,0.7652643096532479
-4.183836767353471,0.8803997101230356
-4.181836367273455,0.6914775622959302
-4.179835967193439,1.0834681030664939
-4.177835567113423,0.7126444868264915
-4.175835167033407,0.9258853351105832
-4.173834766953391,0.7677129134602595
-4.171834366873375,1.0856603806296248
-4.169833966793359,0.8446860392838669
-4.167833566713343,0.9855856684682925
-4.165833166633327,0.6375518945204249
-4.163832766553311,0.727037508459413
-4.161832366473295,0.9736417467722093
-4.159831966393279,1.1093757383211877
-4.157831566313263,0.9553480745133428
-4.155831166233247,1.3256754930284258
-4.153830766153231,1.0063160745529458
-4.151830366073215,0.8501622801029667
-4.149829965993199,0.7816934116445998
-4.147829565913183,1.208238094303915
-4.145829165833167,1.0052419663364354
-4.143828765753151,0.7395915603874301
-4.141828365673135,0.70982089453582
-4.139827965593119,0.7077684538674943
-4.137827565513103,0.9416810698758994
-4.135827165433087,0.5347121422923096
-4.133826765353071,0.7350614105098675
-4.131826365273055,0.89565959377305
-4.129825965193039,0.8405777155963474
-4.127825565113023,0.7429544059118204
-4.125825165033007,0.9718124702535319
-4.123824764952991,0.9696801609455376
-4.121824364872975,0.7873334562545135
-4.119823964792959,0.7232254959471637
-4.117823564712943,1.0013073897460996
-4.115823164632927,0.7955255019550699
-4.113822764552911,0.8289539949115208
-4.111822364472895,0.9815848872061816
-4.109821964392879,0.6038736155702937
-4.107821564312863,0.7190977554065167
-4.105821164232847,0.7694255759365155
-4.103820764152831,1.201897019767394
-4.101820364072815,0.5688008637321356
-4.099819963992799,0.8261296318975201
-4.097819563912783,0.6397053224853066
-4.095819163832767,1.2777100969282653
-4.0938187637527506,0.8680717777073923
-4.0918183636727345,0.6229212323948079
-4.0898179635927185,0.48318624055128456
-4.0878175635127025,0.9336156549519906
-4.0858171634326865,0.8486664472034458
-4.0838167633526705,0.9360133622958333
-4.0818163632726545,0.6063743348978663
-4.0798159631926385,1.180165405659272
-4.0778155631126225,0.8217043957651441
-4.0758151630326065,0.8890174376415432
-4.0738147629525905,0.9277310518610206
-4.0718143628725745,0.8222881461690776
-4.0698139627925585,1.0616661072570701
-4.0678135627125425,0.6933681896571255
-4.0658131626325265,1.0026160408241398
-4.0638127625525104,1.063573025421983
-4.061812362472494,1.0030625366020294
-4.059811962392478,1.0813907409427301
-4.057811562312462,0.6472343047758261
-4.055811162232446,0.8914143175539164
-4.05381076215243,0.8743471467446445
-4.051810362072414,0.8046173375603687
-4.049809961992398,0.9137937535409081
-4.047809561912382,1.0285802098950338
-4.045809161832366,0.6414689231722666
-4.04380876175235,0.5432816427792183
-4.041808361672334,0.742458080478324
-4.039807961592318,0.2853201177901085
-4.037807561512302,0.7670929772743786
-4.035807161432286,1.0656483465267372
-4.03380676135227,0.49377108566122985
-4.031806361272254,0.6936690650335716
-4.029805961192238,0.548603141053047
-4.027805561112222,0.854024880825294
-4.025805161032206,0.9007827281815713
-4.02380476095219,0.7764316311496452
-4.021804360872174,0.6339047575192275
-4.019803960792158,0.8076516848595697
-4.017803560712142,1.0157716268452546
-4.015803160632126,0.9449738634454585
-4.01380276055211,0.6843785823945658
-4.011802360472094,0.6996289929781976
-4.009801960392078,0.692829274022466
-4.007801560312062,0.8599641344186626
-4.005801160232046,0.4842099718516643
-4.00380076015203,0.8678191115796953
-4.001800360072014,0.6496971375065688
-3.999799959991998,0.7036816311842943
-3.997799559911982,0.609226745188377
-3.995799159831966,0.9003051270387121
-3.99379875975195,0.6341896758977139
-3.991798359671934,0.5595409773890012
-3.989797959591918,0.6342663738131283
-3.987797559511902,0.5323437469204627
-3.985797159431886,0.9197816039073392
-3.98379675935187,0.5255598509598542
-3.981796359271854,0.7361278769941807
-3.979795959191838,0.613315553287793
-3.977795559111822,1.0558120765299464
-3.975795159031806,0.8253519754906912
-3.97379475895179,0.6135700058410785
-3.971794358871774,0.7723761362509662
-3.969793958791758,0.5548393441326923
-3.967793558711742,0.8696574438062348
-3.965793158631726,0.767546899631495
-3.96379275855171,0.8164410468198554
-3.961792358471694,0.5405605533489946
-3.959791958391678,0.45314766239063775
-3.957791558311662,0.395842977016237
-3.955791158231646,0.4096226855708824
-3.95379075815163,0.727978167158844
-3.951790358071614,1.1087868791471092
-3.949789957991598,0.6431926367949957
-3.947789557911582,0.6059089491155992
-3.945789157831566,0.7094225914775638
-3.94378875775155,0.5616428997934995
-3.941788357671534,0.4611317229053034
-3.939787957591518,0.5851857701604087
-3.937787557511502,0.6693083843470433
-3.935787157431486,1.0851800101152331
-3.93378675735147,0.6141942034266733
-3.931786357271454,0.7494456173764555
-3.929785957191438,0.43469241211246473
-3.927785557111422,0.8464429723865093
-3.925785157031406,0.5583940320894042
-3.92378475695139,0.47895954977006877
-3.921784356871374,0.4977972028663322
-3.919783956791358,0.5736079298035952
-3.9177835567113424,0.4693405871840678
-3.9157831566313264,0.7573943901130218
-3.9137827565513104,0.48083625992613954
-3.9117823564712944,0.8254424138921137
-3.9097819563912783,0.5931102076049268
-3.9077815563112623,0.5100013780850637
-3.9057811562312463,0.5552984351461927
-3.9037807561512303,0.48738360373294193
-3.9017803560712143,0.6933743928243091
-3.8997799559911983,0.578563233001056
-3.8977795559111823,0.9084281270436193
-3.8957791558311663,0.22363541383178148
-3.8937787557511503,0.9168600532743957
-3.8917783556711343,0.5472463689348734
-3.8897779555911183,1.0003921259117488
-3.8877775555111023,0.7029399393127786
-3.8857771554310863,0.9173118833524754
-3.8837767553510703,0.6606744050394736
-3.8817763552710542,0.6469099164860141
-3.8797759551910382,0.48317171528503206
-3.8777755551110222,0.6531701903341897
-3.8757751550310062,0.4700141199455937
-3.87377475495099,0.7059549649304385
-3.871774354870974,0.6992725274778719
-3.869773954790958,0.6409847211396028
-3.867773554710942,0.9114141895639469
-3.865773154630926,0.7620423525254842
-3.86377275455091,0.47699503132572907
-3.861772354470894,0.7731927590335268
-3.859771954390878,0.8484212957805675
-3.857771554310862,0.17757816773129764
-3.855771154230846,0.438398925097024
-3.85377075415083,0.5596690215679143
-3.851770354070814,0.4891872468278098
-3.849769953990798,0.7780757674025968
-3.847769553910782,0.47165540198047007
-3.845769153830766,0.44851370495637166
-3.84376875375075,0.6936272020940824
-3.841768353670734,0.598153118896257
-3.839767953590718,0.867325636513548
-3.837767553510702,0.7154741327932992
-3.835767153430686,1.3202987233802257
-3.83376675335067,0.4200714898296778
-3.831766353270654,0.330875601598163
-3.829765953190638,0.9102774557350962
-3.827765553110622,1.2469205918632509
-3.825765153030606,0.5873745080714919
-3.82376475295059,0.5668430737031158
-3.821764352870574,0.6543833899845057
-3.819763952790558,0.45684832522793595
-3.817763552710542,0.23680107129943934
-3.815763152630526,0.6728240903903824
-3.81376275255051,0.6245975448210241
-3.811762352470494,0.3444067431494454
-3.809761952390478,0.4960985568166266
-3.807761552310462,0.3367213948278659
-3.805761152230446,0.6907080837233275
-3.8037607521504304,0.6094484771892551
-3.8017603520704144,0.6456561430985659
-3.7997599519903984,0.7156372190649749
-3.7977595519103824,0.8293292290655107
-3.7957591518303664,0.6440970103990548
-3.7937587517503504,0.7299447601914072
-3.7917583516703344,0.9691290749923493
-3.7897579515903184,0.7970352655955933
-3.7877575515103024,0.6457741846140946
-3.7857571514302863,0.6318785344990403
-3.7837567513502703,0.4330887633629372
-3.7817563512702543,0.46803886193146804
-3.7797559511902383,0.5759899207722609
-3.7777555511102223,0.523394187606818
-3.7757551510302063,0.9695985922082657
-3.7737547509501903,0.6654622631597018
-3.7717543508701743,0.6473889218253422
-3.7697539507901583,0.8222935252024336
-3.7677535507101423,0.6226503800687211
-3.7657531506301263,0.5292465086240041
-3.7637527505501103,0.634458188363257
-3.7617523504700943,0.6624626292278385
-3.7597519503900783,0.8595719132564654
-3.7577515503100622,0.3064130377384915
-3.7557511502300462,0.42841501114106023
-3.7537507501500302,0.560051832396688
-3.7517503500700142,0.7604420751311788
-3.749749949989998,0.7288051072817683
-3.747749549909982,0.5913806172456219
-3.745749149829966,0.7719281796807295
-3.74374874974995,0.4316458033492526
-3.741748349669934,0.941442486299202
-3.739747949589918,0.3959792922500432
-3.737747549509902,0.218685028601124
-3.735747149429886,0.6808435623072939
-3.73374674934987,0.27149224241323333
-3.731746349269854,0.4547096403116415
-3.729745949189838,0.5261917532288822
-3.727745549109822,0.6361379738581153
-3.725745149029806,0.7540794406877995
-3.72374474894979,0.27988509225662844
-3.721744348869774,0.3230462364935618
-3.719743948789758,1.2291818245237314
-3.717743548709742,0.5025696375845587
-3.715743148629726,0.21445105171043832
-3.71374274854971,0.33972907332631125
-3.711742348469694,0.4342713235335025
-3.709741948389678,0.5390703156961856
-3.707741548309662,0.7748998797785109
-3.705741148229646,0.8614735861934929
-3.70374074814963,0.36811010723934035
-3.701740348069614,0.41771609383835745
-3.699739947989598,0.559316936136783
-3.697739547909582,0.38271064961857926
-3.695739147829566,0.764783581465847
-3.69373874774955,1.0178588260588852
-3.691738347669534,0.52707814274256
-3.689737947589518,0.5867907241208821
-3.687737547509502,0.40220430198370266
-3.685737147429486,0.5848354747695278
-3.68373674734947,0.3039385020589179
-3.681736347269454,0.32443670271719216
-3.679735947189438,0.14915374174759793
-3.677735547109422,0.6740083607311014
-3.675735147029406,0.7868648849539439
-3.67373474694939,0.7135085796951841
-3.671734346869374,0.524437025675289
-3.669733946789358,0.44126335397755245
-3.667733546709342,0.48365261368098966
-3.665733146629326,0.2966077780165697
-3.66373274654931,0.686919013800584
-3.661732346469294,0.7066835008422176
-3.659731946389278,0.2827714480226643
-3.657731546309262,0.3066630398388665
-3.655731146229246,0.22662145010082196
-3.65373074614923,0.4391328231175019
-3.651730346069214,0.4839555414687743
-3.649729945989198,0.4998409253819139
-3.647729545909182,0.21837321998601272
-3.645729145829166,0.33662663749805366
-3.64372874574915,0.33522891294495816
-3.641728345669134,0.625729971268022
-3.639727945589118,0.27858789636690834
-3.637727545509102,0.4869012534683944
-3.635727145429086,0.3325607686718388
-3.63372674534907,0.43418934313432045
-3.631726345269054,0.6598581493229936
-3.629725945189038,0.22120897071782422
-3.627725545109022,-0.054199720964814846
-3.625725145029006,0.19769276749165526
-3.6237247449489898,0.5471328104119846
-3.6217243448689738,0.22239490002092974
-3.6197239447889578,0.3175864090120789
-3.6177235447089418,0.5491317147432636
-3.6157231446289257,0.6173457224876129
-3.6137227445489097,0.6613207984644082
-3.6117223444688937,0.5638064094587419
-3.6097219443888777,0.2260661998825778
-3.6077215443088617,0.7706908709598541
-3.6057211442288457,0.25906361580279424
-3.6037207441488297,0.3186151813725592
-3.6017203440688137,0.4429634429475121
-3.5997199439887977,0.4980151088384123
-3.5977195439087817,0.7281942995757396
-3.5957191438287657,0.3121192224598627
-3.5937187437487497,0.5129620898159499
-3.5917183436687337,0.30963879176617415
-3.5897179435887177,0.7547776204688306
-3.5877175435087016,0.5169159788559221
-3.5857171434286856,0.6875211322499328
-3.5837167433486696,0.1973129543253574
-3.5817163432686536,0.3138278582998509
-3.5797159431886376,0.4739724602822274
-3.5777155431086216,0.6834477409327493
-3.5757151430286056,0.619068653503416
-3.5737147429485896,0.71888424656451
-3.5717143428685736,0.685248176704436
-3.5697139427885576,0.570908040705842
-3.5677135427085416,0.4440159733669686
-3.5657131426285256,0.18853001091605082
-3.5637127425485096,-0.019224947500380507
-3.5617123424684936,0.4327373040999908
-3.5597119423884775,0.5665722247872492
-3.5577115423084615,-0.14063756191647786
-3.5557111422284455,0.16755820229336482
-3.5537107421484295,0.19724571764964793
-3.5517103420684135,0.361195181316767
-3.5497099419883975,0.4175258108715433
-3.5477095419083815,0.6113329083842782
-3.5457091418283655,0.1300258148231614
-3.5437087417483495,0.4602118686146585
-3.5417083416683335,0.11210830720214576
-3.5397079415883175,0.5548370276947612
-3.5377075415083015,0.28950960087342087
-3.5357071414282855,0.14156164889414116
-3.5337067413482695,0.24769124818406663
-3.5317063412682534,0.15722516596143638
-3.5297059411882374,0.39687386739799874
-3.5277055411082214,0.501403403798498
-3.5257051410282054,0.5809812369078469
-3.5237047409481894,0.2691121037146703
-3.5217043408681734,0.6486144500298983
-3.5197039407881574,0.36429280134926156
-3.5177035407081414,0.6203304297460175
-3.5157031406281254,0.3339922468923794
-3.5137027405481094,0.31738968941403095
-3.5117023404680934,0.47740411606631794
-3.5097019403880774,0.4214427649816546
-3.5077015403080614,0.2471681228439707
-3.5057011402280454,0.5871690961030303
-3.5037007401480293,0.16290785590355963
-3.5017003400680133,0.46806293593625936
-3.4996999399879973,0.4573979532321311
-3.4976995399079813,0.561546637557253
-3.4956991398279653,0.5635924043033755
-3.4936987397479493,0.30848695180593394
-3.4916983396679333,0.3495552716599815
-3.4896979395879173,0.33427505400674573
-3.4876975395079013,0.6883512183029631
-3.4856971394278853,0.46754935783115326
-3.4836967393478693,0.5442252942168085
-3.4816963392678533,0.28337496030004317
-3.4796959391878373,0.10636118744216277
-3.4776955391078213,0.14271674986829863
-3.4756951390278052,0.5304210489997023
-3.4736947389477892,0.17970913548610667
-3.4716943388677732,0.963170236835917
-3.4696939387877572,0.24111625651093088
-3.467693538707741,0.3905945030589564
-3.465693138627725,0.38833854889194475
-3.4636927385477096,0.3524549514068828
-3.4616923384676936,0.0706851910474563
-3.4596919383876776,0.3623124471262201
-3.4576915383076616,0.3586610601345241
-3.4556911382276456,0.24908805313994148
-3.4536907381476296,0.6773493167577355
-3.4516903380676136,-0.027229258216382612
-3.4496899379875976,0.000991569855773422
-3.4476895379075816,0.4520810928390998
-3.4456891378275656,0.2820044076858498
-3.4436887377475496,0.12154187635246055
-3.4416883376675336,0.334614853238067
-3.4396879375875176,0.48557547366297316
-3.4376875375075016,-0.03438616790620125
-3.4356871374274855,0.43444775479405723
-3.4336867373474695,0.35412359868409915
-3.4316863372674535,0.24014488356650077
-3.4296859371874375,0.333245384361706
-3.4276855371074215,0.334701084531104
-3.4256851370274055,0.390258201100563
-3.4236847369473895,0.08134820107911228
-3.4216843368673735,0.4939383962586292
-3.4196839367873575,0.47298519693960944
-3.4176835367073415,0.4769500663718885
-3.4156831366273255,-0.07436425456302675
-3.4136827365473095,0.49761932188589686
-3.4116823364672935,0.193057225038122
-3.4096819363872775,0.3710412082064792
-3.4076815363072614,-0.13338455852069575
-3.4056811362272454,0.12439340455426565
-3.4036807361472294,0.4271744614951324
-3.4016803360672134,0.3623642833530622
-3.3996799359871974,0.0392400661994618
-3.3976795359071814,0.3893343285407471
-3.3956791358271654,0.08813238212697061
-3.3936787357471494,0.19620903228106207
-3.3916783356671334,0.013461619302223254
-3.3896779355871174,0.31421826987045187
-3.3876775355071014,0.46107894846598374
-3.3856771354270854,0.4186623537485691
-3.3836767353470694,0.058187240434673854
-3.3816763352670534,0.2285478285764757
-3.3796759351870374,-0.07867350496312236
-3.3776755351070213,0.5067644652825198
-3.3756751350270053,0.23576850696975593
-3.3736747349469893,0.36000245468009795
-3.3716743348669733,0.2678868410657038
-3.3696739347869573,0.10088534379129196
-3.3676735347069413,0.11338712250490543
-3.3656731346269253,0.31335877076909624
-3.3636727345469093,0.5476420581551347
-3.3616723344668933,0.1497302448433043
-3.3596719343868773,0.4511845861644672
-3.3576715343068613,0.3989385883183139
-3.3556711342268453,0.14857437070476415
-3.3536707341468293,0.43052735327969127
-3.3516703340668133,0.41238833340600667
-3.3496699339867977,-0.22248660880190152
-3.3476695339067817,0.3449437591022608
-3.3456691338267657,0.45876736406545293
-3.3436687337467497,-0.03278094903226306
-3.3416683336667337,-0.0639910655449216
-3.3396679335867177,0.238374518022131
-3.3376675335067016,0.5105476557012198
-3.3356671334266856,-0.024733747065561557
-3.3336667333466696,-0.12467974110491334
-3.3316663332666536,0.09824174406342376
-3.3296659331866376,0.06840478411943646
-3.3276655331066216,-0.1492267801884841
-3.3256651330266056,0.06619993062888481
-3.3236647329465896,0.25082917829148954
-3.3216643328665736,0.5503520061235614
-3.3196639327865576,0.28945241845194736
-3.3176635327065416,0.3363947803669342
-3.3156631326265256,-0.04446990960340505
-3.3136627325465096,0.15233011617820041
-3.3116623324664936,0.1252038401760786
-3.3096619323864775,0.23247112144947257
-3.3076615323064615,0.2846597329866408
-3.3056611322264455,0.3539066388118965
-3.3036607321464295,0.1677413723641539
-3.3016603320664135,0.054790491008398876
-3.2996599319863975,0.4022241524039749
-3.2976595319063815,0.30046099150199473
-3.2956591318263655,0.2770860902030026
-3.2936587317463495,0.14359253659823154
-3.2916583316663335,0.39275401601053694
-3.2896579315863175,-0.10388765364390148
-3.2876575315063015,0.32414509295461613
-3.2856571314262855,0.3211624717075182
-3.2836567313462695,-0.038566090605407305
-3.2816563312662534,0.0034981662823434234
-3.2796559311862374,-0.11935712542554078
-3.2776555311062214,0.23772027805540533
-3.2756551310262054,-0.3826561732444672
-3.2736547309461894,0.17632090545741969
-3.2716543308661734,-0.023068341281975074
-3.2696539307861574,-0.06914981394926448
-3.2676535307061414,-0.24989583535680834
-3.2656531306261254,-0.05350388714511231
-3.2636527305461094,0.4077190479808874
-3.2616523304660934,-0.024068077649195774
-3.2596519303860774,0.20174680048982313
-3.2576515303060614,-0.10237776754199475
-3.2556511302260454,0.3189965462383019
-3.2536507301460293,0.2328330017989972
-3.2516503300660133,0.06428613325348143
-3.2496499299859973,0.15419630864605638
-3.2476495299059813,0.16937802155006118
-3.2456491298259653,-0.09633527806729086
-3.2436487297459493,-0.060807947659556674
-3.2416483296659333,0.28347170307776465
-3.2396479295859173,0.4072325695104804
-3.2376475295059013,0.12527634034030116
-3.2356471294258853,0.23244001554842048
-3.2336467293458693,0.332826478069685
-3.2316463292658533,0.024992333350373777
-3.2296459291858373,0.07263395091253494
-3.2276455291058213,0.2288152768206962
-3.2256451290258052,0.5206481659806227
-3.2236447289457892,0.23179492250423195
-3.2216443288657732,0.140686378577162
-3.2196439287857572,-0.03943190577649139
-3.217643528705741,0.0643808309223072
-3.215643128625725,0.21148693021841888
-3.213642728545709,0.18812876883411686
-3.211642328465693,-0.04991772990071518
-3.209641928385677,0.32999652526204964
-3.207641528305661,0.3282270980291316
-3.205641128225645,0.04181391662946583
-3.203640728145629,0.11805355005329225
-3.201640328065613,-0.06814221776128805
-3.199639927985597,-0.10372242464300337
-3.197639527905581,0.12543851314742105
-3.195639127825565,-0.10208038212273536
-3.193638727745549,0.1817187383420987
-3.191638327665533,-0.029387101209390518
-3.189637927585517,0.25805965208893555
-3.187637527505501,0.028906366931597812
-3.185637127425485,-0.3406497307514515
-3.183636727345469,-0.03239845512174578
-3.181636327265453,0.06140743413198963
-3.179635927185437,-0.3087155481983081
-3.177635527105421,-0.2921493413162596
-3.175635127025405,-0.0034813253426190793
-3.173634726945389,0.23295438120032752
-3.171634326865373,0.1563152194428361
-3.169633926785357,0.025148966294516715
-3.167633526705341,-0.14449082231559454
-3.165633126625325,-0.15622603795950954
-3.163632726545309,0.15186186629274767
-3.161632326465293,0.05967557538363007
-3.159631926385277,0.1889195392520791
-3.157631526305261,0.2568382555406116
-3.155631126225245,-0.07676890287000149
-3.153630726145229,0.1000615873987476
-3.151630326065213,0.12446664597509713
-3.149629925985197,-0.13144506065376035
-3.147629525905181,-0.12296414717345443
-3.145629125825165,0.14858719567018466
-3.143628725745149,0.0023828610333904245
-3.141628325665133,-0.17454077274541394
-3.139627925585117,-0.16579076642071178
-3.137627525505101,-0.26073140614035134
-3.135627125425085,-0.07761645040071084
-3.133626725345069,-0.21374732037851774
-3.131626325265053,0.010478656450827155
-3.129625925185037,0.4442756266025693
-3.127625525105021,0.07810367439023354
-3.125625125025005,0.19745495803086419
-3.123624724944989,0.062160608792718224
-3.121624324864973,-0.34982870719586046
-3.119623924784957,0.0033434326386489292
-3.117623524704941,-0.16049880458070745
-3.115623124624925,-0.19085979071977088
-3.113622724544909,-0.07326910545213838
-3.111622324464893,0.09624164780172469
-3.109621924384877,-0.09300593948459966
-3.107621524304861,0.13778651221019517
-3.105621124224845,0.0006799193804808285
-3.103620724144829,0.02550352703082842
-3.101620324064813,-0.051782195604713595
-3.099619923984797,0.21522189682953557
-3.097619523904781,-0.18414577939248875
-3.095619123824765,-0.17481802584952505
-3.0936187237447488,-0.1115984011111947
-3.0916183236647328,0.050519422553236486
-3.0896179235847168,0.07548786865499008
-3.0876175235047008,-0.1660070215433948
-3.0856171234246847,0.12342512908487695
-3.0836167233446687,-0.2540118382868916
-3.0816163232646527,0.08263321092505228
-3.0796159231846367,0.009597475178562319
-3.0776155231046207,-0.06045396863592236
-3.0756151230246047,0.02869510137549665
-3.0736147229445887,-0.09173630029424235
-3.0716143228645727,-0.018874823325541627
-3.0696139227845567,0.4092981066246088
-3.0676135227045407,0.10495298620513287
-3.0656131226245247,-0.18433853496786634
-3.0636127225445087,-0.13895190130448432
-3.0616123224644927,0.1617460282443537
-3.0596119223844767,-0.16084982511367002
-3.0576115223044606,0.25627235225440376
-3.0556111222244446,0.06719870294840904
-3.0536107221444286,-0.35907362753858163
-3.0516103220644126,0.08380573693020962
-3.0496099219843966,-0.5231229094852111
-3.0476095219043806,-0.16352422778923595
-3.0456091218243646,0.07520201835369728
-3.0436087217443486,-0.4710765201032686
-3.0416083216643326,0.3060788766214023
-3.0396079215843166,0.0918775097784122
-3.0376075215043006,-0.29957165596966856
-3.0356071214242846,0.19821524597572376
-3.0336067213442686,-0.48970380671615166
-3.0316063212642526,-0.31128069881091125
-3.0296059211842365,-0.3947756895785737
-3.0276055211042205,-0.5087308265373891
-3.0256051210242045,-0.18236079904238442
-3.0236047209441885,-0.079484218552868
-3.0216043208641725,-0.08744203198730546
-3.0196039207841565,-0.09561073014995197
-3.0176035207041405,-0.11315561918325254
-3.0156031206241245,-0.3619471085974858
-3.0136027205441085,-0.22813779446830684
-3.0116023204640925,-0.6798063722882308
-3.0096019203840765,0.08430366865589761
-3.007601520304061,-0.1146685743124284
-3.005601120224045,-0.12190821970125557
-3.003600720144029,0.018327258711437894
-3.001600320064013,0.03065874041161995
-2.999599919983997,-0.21375187777662386
-2.997599519903981,-0.16687185128885496
-2.995599119823965,0.16775158624050018
-2.993598719743949,-0.2645121667151798
-2.991598319663933,0.16201228669821038
-2.989597919583917,-0.2214759621727162
-2.987597519503901,-0.5350316265735612
-2.985597119423885,-0.13745962697029712
-2.983596719343869,-0.22895041366254826
-2.981596319263853,-0.42896770508175014
-2.979595919183837,-0.17749139148083376
-2.977595519103821,-0.26036368035308877
-2.975595119023805,0.20953607424258072
-2.973594718943789,0.026488993951662876
-2.971594318863773,-0.3614392571876148
-2.969593918783757,-0.3192038045207391
-2.9675935187037408,0.02699370149920216
-2.9655931186237248,0.06741102255111595
-2.9635927185437088,-0.2436841456818386
-2.9615923184636928,-0.2752125845320244
-2.9595919183836767,-0.20642916990997823
-2.9575915183036607,-0.12496766990163036
-2.9555911182236447,-0.039802361696837235
-2.9535907181436287,-0.031418014971741265
-2.9515903180636127,-0.39998721825553657
-2.9495899179835967,-0.2627669493529684
-2.9475895179035807,-0.6103585080588535
-2.9455891178235647,-0.19945738586522804
-2.9435887177435487,-0.4742828309196341
-2.9415883176635327,-0.3450354361173419
-2.9395879175835167,0.020175034023085375
-2.9375875175035007,-0.12458510301398065
-2.9355871174234847,-0.13473619968991596
-2.9335867173434687,-0.2060482960684623
-2.9315863172634526,0.07229034241397778
-2.9295859171834366,-0.3359891039413563
-2.9275855171034206,-0.17965537884194585
-2.9255851170234046,-0.1922936242498151
-2.9235847169433886,-0.2859930218217712
-2.9215843168633726,0.2094229623792242
-2.9195839167833566,-0.464374800827294
-2.9175835167033406,-0.5917909140837556
-2.9155831166233246,-0.2024918295270369
-2.9135827165433086,-0.3466467352392981
-2.9115823164632926,-0.6922664844538682
-2.9095819163832766,-0.1547628236179815
-2.9075815163032606,-0.1835244980771878
-2.9055811162232446,-0.009369298122013148
-2.9035807161432285,-0.34697568892920017
-2.9015803160632125,-0.6095188534359903
-2.8995799159831965,-0.42732227094908976
-2.8975795159031805,-0.6259684820682889
-2.8955791158231645,0.055811721629285466
-2.8935787157431485,-0.044318836649482635
-2.8915783156631325,0.009249028456603275
-2.8895779155831165,-0.11606321897085056
-2.8875775155031005,-0.531376824564215
-2.8855771154230845,-0.3340339729558251
-2.8835767153430685,-0.09666325146110225
-2.8815763152630525,-0.5969733560571002
-2.8795759151830365,-0.17087633236376687
-2.8775755151030205,-0.10529894374555474
-2.8755751150230044,0.18975435449365924
-2.8735747149429884,-0.07371345580427302
-2.8715743148629724,-0.17173429917253685
-2.8695739147829564,-0.26298294550750584
-2.8675735147029404,-0.16195361891588902
-2.8655731146229244,-0.15043111953198865
-2.8635727145429084,-0.6887644952343472
-2.8615723144628924,-0.23368781896869562
-2.8595719143828764,-0.8072363042551951
-2.8575715143028604,-0.7309823831892958
-2.8555711142228444,-0.2737248220081142
-2.8535707141428284,-0.18834166949578446
-2.8515703140628124,-0.5511626005543124
-2.8495699139827964,-0.06912487165263778
-2.8475695139027803,0.014095933885515055
-2.8455691138227643,-0.1305301777334246
-2.8435687137427483,-0.2989757510662696
-2.8415683136627323,-0.23429185407101755
-2.8395679135827163,-0.2748784477436972
-2.8375675135027008,-0.2565668060458757
-2.8355671134226847,-0.5061006111419373
-2.8335667133426687,-0.3776997113242321
-2.8315663132626527,-0.2931678964493582
-2.8295659131826367,-0.23955826460676705
-2.8275655131026207,-0.19098176086133278
-2.8255651130226047,-0.5104822732109107
-2.8235647129425887,-0.3472488254719243
-2.8215643128625727,-0.3682796979489849
-2.8195639127825567,0.0754064467731792
-2.8175635127025407,-0.26843635851679115
-2.8155631126225247,-0.1855323419603667
-2.8135627125425087,-0.1228839995574825
-2.8115623124624927,-0.15330803210993738
-2.8095619123824767,-0.732873724632336
-2.8075615123024606,-0.3634997644914447
-2.8055611122224446,-0.19414501367940143
-2.8035607121424286,-0.30560122942505036
-2.8015603120624126,-0.6671141197895885
-2.7995599119823966,-0.5440885430106204
-2.7975595119023806,-0.5148528968225548
-2.7955591118223646,-0.27352286189099345
-2.7935587117423486,-0.2942214229368256
-2.7915583116623326,-0.03816257938466089
-2.7895579115823166,-0.34228491495566893
-2.7875575115023006,-0.3059727380139183
-2.7855571114222846,-0.6159551590065786
-2.7835567113422686,-0.381601256890911
-2.7815563112622526,0.10236873381912687
-2.7795559111822365,-0.2857574744442578
-2.7775555111022205,-0.46802695613567585
-2.7755551110222045,-0.2748116758485353
-2.7735547109421885,-0.15139662744528645
-2.7715543108621725,-0.26209225986873036
-2.7695539107821565,-0.1971990701478278
-2.7675535107021405,-0.17351460608176733
-2.7655531106221245,-0.3358779272410192
-2.7635527105421085,-0.30328823311373077
-2.7615523104620925,-0.490608589233393
-2.7595519103820765,-0.49470958690124966
-2.7575515103020605,-0.39076960314079834
-2.7555511102220445,-0.6414023665727596
-2.7535507101420285,-0.30460367893562346
-2.7515503100620124,-0.539485761830909
-2.7495499099819964,-0.34629249563204384
-2.7475495099019804,-0.2804769603579648
-2.7455491098219644,-0.649116914231509
-2.7435487097419484,-0.3056031579471543
-2.7415483096619324,-0.8025135461713776
-2.7395479095819164,-0.27356403356474635
-2.7375475095019004,-0.27262348475068743
-2.7355471094218844,-0.26091390535388914
-2.7335467093418684,-0.3280613173894398
-2.7315463092618524,-0.5022869870449916
-2.7295459091818364,-0.49701846203029876
-2.7275455091018204,-0.525542306805613
-2.7255451090218044,-0.19820187837865397
-2.7235447089417884,-0.0678391763235176
-2.7215443088617723,-0.39091875118264996
-2.7195439087817563,-0.6072622244817233
-2.7175435087017403,-0.46706545303585095
-2.7155431086217243,-0.21747564438295316
-2.7135427085417083,-0.3043080245976033
-2.7115423084616923,-0.4101295705842143
-2.7095419083816763,-0.4715961673344333
-2.7075415083016603,-0.7582385217625467
-2.7055411082216443,-0.4653395982833808
-2.7035407081416283,-0.5017015468949975
-2.7015403080616123,-0.5102241224705288
-2.6995399079815963,-0.37147096690686887
-2.6975395079015803,-0.07951247764226888
-2.6955391078215643,-0.42745151014023264
-2.6935387077415482,-0.31355284342244083
-2.6915383076615322,-0.44715202751861693
-2.6895379075815162,-0.44902662843201346
-2.6875375075015002,-0.21046079030833767
-2.685537107421484,-0.3656716325384165
-2.683536707341468,-0.2864152265871912
-2.681536307261452,-0.19602806031163683
-2.679535907181436,-0.37321132333256424
-2.67753550710142,-0.3986674112062799
-2.675535107021404,-0.3019815900371303
-2.673534706941388,-0.5809251067558006
-2.671534306861372,-0.5792816949919855
-2.669533906781356,-0.6064726160764962
-2.66753350670134,-0.554620755472864
-2.665533106621324,-0.6956618936599741
-2.663532706541308,-0.7913370157590409
-2.661532306461292,-0.6261919024285343
-2.659531906381276,-0.9340426432741696
-2.65753150630126,-0.4085971433358116
-2.655531106221244,-0.44739663054787604
-2.653530706141228,-0.3206909046247074
-2.651530306061212,-0.6571825144487738
-2.649529905981196,-0.3726601225560757
-2.64752950590118,-0.6359189201535831
-2.645529105821164,-0.3211415636638638
-2.643528705741148,-0.8421075734554428
-2.641528305661132,-0.5269411397864524
-2.639527905581116,-0.5610574479336641
-2.6375275055011,-0.3235990340548889
-2.635527105421084,-0.328339111821344
-2.633526705341068,-0.24272421022344903
-2.631526305261052,-0.8910849540328896
-2.629525905181036,-0.19073767509305073
-2.62752550510102,-0.676846493580101
-2.625525105021004,-0.15184337589302205
-2.623524704940988,-0.050460789333295175
-2.621524304860972,-0.25872376400099995
-2.619523904780956,-0.6701327079348687
-2.61752350470094,-0.749302905614186
-2.615523104620924,-0.6431884861783906
-2.613522704540908,-0.38977562549067
-2.611522304460892,-0.7182585821270805
-2.6095219043808764,-0.8790053615736166
-2.6075215043008604,-0.292821444153642
-2.6055211042208444,-0.6308348384455411
-2.6035207041408284,-0.32957653698669753
-2.6015203040608124,-0.35986834054064054
-2.5995199039807964,-0.4763877761937233
-2.5975195039007803,-0.3497535204183112
-2.5955191038207643,-0.22318177246489845
-2.5935187037407483,-0.3682069882189669
-2.5915183036607323,-0.364549837620612
-2.5895179035807163,-0.44692613908800805
-2.5875175035007003,-0.6127685801125509
-2.5855171034206843,-0.4661977386971553
-2.5835167033406683,-0.48773883827627035
-2.5815163032606523,-0.43342234274456554
-2.5795159031806363,-0.4662261575293532
-2.5775155031006203,-0.6261017522976821
-2.5755151030206043,-0.3084373523338507
-2.5735147029405883,-0.6434653240582102
-2.5715143028605723,-0.46085605430212084
-2.5695139027805562,-0.4383730698841792
-2.5675135027005402,-0.7530500432109019
-2.5655131026205242,-0.23237521639051273
-2.5635127025405082,-0.5546195945799868
-2.561512302460492,-0.7468215881277634
-2.559511902380476,-0.5496904528964827
-2.55751150230046,-0.7463325868305961
-2.555511102220444,-0.6690922144968943
-2.553510702140428,-0.6746682272175613
-2.551510302060412,-0.5835958172470965
-2.549509901980396,-0.2851364384537148
-2.54750950190038,-0.5384762590419467
-2.545509101820364,-0.528522778793887
-2.543508701740348,-0.6584605527993802
-2.541508301660332,-0.5080470063225494
-2.539507901580316,-0.5729789854846188
-2.5375075015003,-0.5847699856148607
-2.535507101420284,-0.42824109449046355
-2.533506701340268,-0.7595978930469175
-2.531506301260252,-0.31964199061121873
-2.529505901180236,-1.1137091096027474
-2.52750550110022,-0.5948306602281384
-2.525505101020204,-0.3061022287298119
-2.523504700940188,-0.33813098631926697
-2.521504300860172,-0.5494325470086934
-2.519503900780156,-0.7447177367990316
-2.51750350070014,-0.6110391124988217
-2.515503100620124,-0.06768503140412496
-2.513502700540108,-0.44584787786416213
-2.511502300460092,-0.9293281245004787
-2.509501900380076,-0.5742500596767378
-2.50750150030006,-0.7121665963869731
-2.505501100220044,-0.8480423003780992
-2.503500700140028,-0.4991342657307778
-2.501500300060012,-0.7913311354231899
-2.499499899979996,-0.28920973924288695
-2.49749949989998,-0.33225791269992877
-2.495499099819964,-0.7479947011921764
-2.493498699739948,-0.7621014939220453
-2.491498299659932,-0.4706092443661929
-2.489497899579916,-0.4033000457742266
-2.4874974994999,-0.6587721096072524
-2.485497099419884,-0.414336678642634
-2.483496699339868,-0.278721698262793
-2.481496299259852,-0.5472112828296671
-2.479495899179836,-0.8205760923833632
-2.47749549909982,-0.45924488797782914
-2.475495099019804,-0.5892860768878149
-2.473494698939788,-0.6838049839285875
-2.471494298859772,-0.470721095814879
-2.469493898779756,-0.38121690566615307
-2.46749349869974,-0.5869914782035359
-2.465493098619724,-1.0815838052526576
-2.463492698539708,-0.603351501242259
-2.461492298459692,-0.5834784705701536
-2.459491898379676,-0.11324268550055616
-2.45749149829966,-0.606052379352825
-2.455491098219644,-0.6677894288656552
-2.453490698139628,-0.4971095915816753
-2.451490298059612,-0.6966454368749129
-2.449489897979596,-0.7753828355377115
-2.44748949789958,-0.9585788727791795
-2.445489097819564,-0.7603377740299702
-2.443488697739548,-1.0243254828171688
-2.441488297659532,-0.5876480925088252
-2.439487897579516,-0.6026589671457953
-2.4374874974994998,-0.5080681463095157
-2.4354870974194838,-0.8550958094273249
-2.4334866973394678,-0.9381383843688786
-2.4314862972594518,-0.24042162574282855
-2.4294858971794357,-0.6691567833460937
-2.4274854970994197,-0.5149809784660851
-2.4254850970194037,-0.6298711381407754
-2.4234846969393877,-0.5089722969122816
-2.4214842968593717,-0.6138587168722021
-2.4194838967793557,-0.8213712707456551
-2.4174834966993397,-0.5541040032756268
-2.4154830966193237,-0.6031790647036696
-2.4134826965393077,-1.0019254190044826
-2.4114822964592917,-0.6080444195822734
-2.4094818963792757,-0.745863568360229
-2.4074814962992597,-0.8032793853293024
-2.4054810962192437,-0.4763428487425126
-2.4034806961392277,-0.6872636922169512
-2.4014802960592116,-0.6826548599364
-2.3994798959791956,-0.6579966841217162
-2.3974794958991796,-0.6837910481049261
-2.3954790958191636,-0.6983419990762852
-2.3934786957391476,-0.3890409212265301
-2.3914782956591316,-0.8185713760085463
-2.3894778955791156,-1.0305437059514664
-2.3874774954990996,-0.6757098213558935
-2.3854770954190836,-0.8739842311059944
-2.3834766953390676,-0.9069049027569746
-2.381476295259052,-0.6921526454634175
-2.379475895179036,-0.6355185756510567
-2.37747549509902,-0.7266350828022763
-2.375475095019004,-0.7846889155694853
-2.373474694938988,-0.7348833100165322
-2.371474294858972,-0.706407386665082
-2.369473894778956,-0.6981910672416767
-2.36747349469894,-1.0575301227913543
-2.365473094618924,-0.5257371220653716
-2.363472694538908,-0.9934630339055098
-2.361472294458892,-0.8375815201346732
-2.359471894378876,-1.0156263091488746
-2.35747149429886,-0.6727493860209722
-2.355471094218844,-0.8497361137926025
-2.353470694138828,-0.7457950550582314
-2.351470294058812,-0.8590173184946098
-2.349469893978796,-0.922667128103936
-2.34746949389878,-1.2152479883844511
-2.345469093818764,-0.8329364181361775
-2.343468693738748,-0.9580653949049603
-2.341468293658732,-0.6135251677469034
-2.339467893578716,-0.30265405863651923
-2.3374674934987,-0.3542388333966731
-2.335467093418684,-0.7378359218073419
-2.333466693338668,-0.8812132200629966
-2.331466293258652,-1.1143441398219809
-2.329465893178636,-0.8095054886994217
-2.32746549309862,-0.9095586819865562
-2.325465093018604,-0.8759526652841714
-2.323464692938588,-1.0563025967107522
-2.321464292858572,-0.5906835948716422
-2.319463892778556,-0.6307511541725199
-2.31746349269854,-0.9170509847928621
-2.315463092618524,-0.5641430133392701
-2.313462692538508,-0.7247448690873944
-2.3114622924584918,-0.6319745509869124
-2.3094618923784758,-0.5845458914447058
-2.3074614922984598,-0.6677150592062328
-2.3054610922184438,-0.9061773025662825
-2.3034606921384277,-0.5335339525111841
-2.3014602920584117,-0.5901831692686568
-2.2994598919783957,-0.5885935026425005
-2.2974594918983797,-1.0132579205792278
-2.2954590918183637,-1.0421125572745198
-2.2934586917383477,-0.447478199106026
-2.2914582916583317,-0.8789877509894519
-2.2894578915783157,-0.7022004947238193
-2.2874574914982997,-0.5127291363744657
-2.2854570914182837,-0.4287218594747958
-2.2834566913382677,-0.6417974570740534
-2.2814562912582517,-0.8623529221252191
-2.2794558911782357,-0.8165635448974896
-2.2774554910982197,-0.6863956071939739
-2.2754550910182036,-0.7268550923906189
-2.2734546909381876,-0.9063253273354092
-2.2714542908581716,-1.2950600761904112
-2.2694538907781556,-0.9128852255056754
-2.2674534906981396,-0.8095901131165022
-2.2654530906181236,-0.7702001706540258
-2.2634526905381076,-0.42821259552158375
-2.2614522904580916,-0.557405637440783
-2.2594518903780756,-0.8644277716533189
-2.2574514902980596,-0.6726205058051826
-2.2554510902180436,-1.3075452788147932
-2.2534506901380276,-0.5306814366833965
-2.2514502900580116,-0.8764334510536689
-2.2494498899779956,-0.7409823606684218
-2.2474494898979795,-0.7737094461185298
-2.2454490898179635,-0.575677621264595
-2.2434486897379475,-0.8519070842760892
-2.2414482896579315,-0.6188392248794014
-2.2394478895779155,-0.7117246341563581
-2.2374474894978995,-0.7613811407428462
-2.2354470894178835,-0.8087496663510363
-2.2334466893378675,-0.8902401921224474
-2.2314462892578515,-0.8227575075059222
-2.2294458891778355,-0.8672733932132412
-2.2274454890978195,-0.7082794967919287
-2.2254450890178035,-1.0201539514119151
-2.2234446889377875,-0.7800617361033322
-2.2214442888577715,-0.4924478455552661
-2.2194438887777554,-0.8848834624197265
-2.2174434886977394,-0.7104447385348037
-2.2154430886177234,-1.2639687820619272
-2.2134426885377074,-1.1166597266782279
-2.2114422884576914,-0.8283107676646945
-2.2094418883776754,-0.8179621652217157
-2.2074414882976594,-0.7958259761783343
-2.2054410882176434,-0.3671235033190816
-2.2034406881376274,-0.923050244483097
-2.2014402880576114,-0.7907653654008562
-2.1994398879775954,-0.9521021141470791
-2.1974394878975794,-0.662622131861822
-2.1954390878175634,-1.0412441359136348
-2.1934386877375474,-0.9521413505990467
-2.1914382876575313,-0.993799017334662
-2.1894378875775153,-0.6499267349163584
-2.1874374874974993,-0.7906280490787195
-2.1854370874174833,-0.7602815812923032
-2.1834366873374673,-0.8569163951923369
-2.1814362872574513,-0.5774281996010182
-2.1794358871774353,-0.8514122920314933
-2.1774354870974193,-0.4285052259852596
-2.1754350870174033,-0.5688184833425962
-2.1734346869373873,-1.119010793068096
-2.1714342868573713,-0.6972682127308378
-2.1694338867773553,-0.5725405204587273
-2.1674334866973393,-0.9087768426364224
-2.1654330866173233,-0.7460607640725849
-2.1634326865373072,-1.1250519018329794
-2.1614322864572912,-1.0297897242048637
-2.1594318863772752,-0.8820259810194505
-2.1574314862972592,-1.1037005540494664
-2.155431086217243,-0.8228749179495259
-2.1534306861372277,-0.7049397520359842
-2.1514302860572116,-1.0192977385155362
-2.1494298859771956,-1.1053146799025988
-2.1474294858971796,-1.1540764926790381
-2.1454290858171636,-0.5969096505932988
-2.1434286857371476,-1.1888901202192665
-2.1414282856571316,-0.7824007585650568
-2.1394278855771156,-0.5814618142874514
-2.1374274854970996,-1.0393083575108213
-2.1354270854170836,-1.0135786480305042
-2.1334266853370676,-0.8107197347486602
-2.1314262852570516,-0.7987861616325262
-2.1294258851770356,-0.9476657029330303
-2.1274254850970196,-0.9084503640319411
-2.1254250850170036,-0.8319254140024686
-2.1234246849369875,-0.9319610901887017
-2.1214242848569715,-0.9262792493498376
-2.1194238847769555,-0.4647616242767179
-2.1174234846969395,-0.6515966349840602
-2.1154230846169235,-0.6369259368150363
-2.1134226845369075,-0.9245657359662443
-2.1114222844568915,-1.2011392101166598
-2.1094218843768755,-0.3631968402506284
-2.1074214842968595,-0.9827955464502736
-2.1054210842168435,-0.7986049541537228
-2.1034206841368275,-0.7047346515806057
-2.1014202840568115,-0.9785845775769594
-2.0994198839767955,-0.6832071284644368
-2.0974194838967795,-0.8627070102104198
-2.0954190838167635,-0.9182182102837747
-2.0934186837367474,-0.9826919856679027
-2.0914182836567314,-1.0668285174879728
-2.0894178835767154,-1.2410667495341663
-2.0874174834966994,-0.3067384593250607
-2.0854170834166834,-0.5790114355219341
-2.0834166833366674,-0.8508743120653698
-2.0814162832566514,-0.5604381968262271
-2.0794158831766354,-0.5875765399176182
-2.0774154830966194,-0.7550818683165808
-2.0754150830166034,-0.944358375323149
-2.0734146829365874,-0.6614956768894357
-2.0714142828565714,-0.6955636873970396
-2.0694138827765554,-0.7200110671997393
-2.0674134826965394,-0.9466431077706534
-2.0654130826165233,-0.8043624128274958
-2.0634126825365073,-0.826416984499344
-2.0614122824564913,-0.9581863695342143
-2.0594118823764753,-0.8089889239122559
-2.0574114822964593,-0.6333643828406293
-2.0554110822164433,-0.5797422639497891
-2.0534106821364273,-0.7858958698584884
-2.0514102820564113,-0.9199180473302412
-2.0494098819763953,-0.7166916876899581
-2.0474094818963793,-1.0629702816538948
-2.0454090818163633,-0.9648897373387543
-2.0434086817363473,-0.6353489544242805
-2.0414082816563313,-0.5169375288013767
-2.0394078815763153,-0.664214529038041
-2.0374074814962992,-0.9094165453894161
-2.0354070814162832,-1.3319300044085693
-2.0334066813362672,-0.7380954798380162
-2.0314062812562512,-0.7910460620312896
-2.029405881176235,-0.7861764359445496
-2.027405481096219,-1.1843631974775584
-2.025405081016203,-0.9645542105582916
-2.023404680936187,-0.5262493722492932
-2.021404280856171,-1.1049573918836813
-2.019403880776155,-0.7853767376911458
-2.017403480696139,-1.0331607425887006
-2.015403080616123,-0.8012838272799359
-2.013402680536107,-0.9434310936468095
-2.011402280456091,-0.6631939764644341
-2.009401880376075,-0.8970931251610995
-2.007401480296059,-0.7072520695599622
-2.005401080216043,-0.48478497563389517
-2.003400680136027,-0.7106589866465808
-2.001400280056011,-0.7933996409256246
-1.999399879975995,-0.6780852158925212
-1.997399479895979,-0.7978483308212843
-1.995399079815963,-1.0328010285596192
-1.993398679735947,-1.0812013105731546
-1.991398279655931,-0.7748146090213681
-1.989397879575915,-1.0387189978367206
-1.987397479495899,-1.0589363168097585
-1.985397079415883,-0.9533984329110107
-1.983396679335867,-1.2613034215451178
-1.981396279255851,-1.0476586282055813
-1.979395879175835,-1.0647946576699183
-1.977395479095819,-0.42607848968778284
-1.975395079015803,-0.7690380858280621
-1.973394678935787,-1.0043172103431013
-1.971394278855771,-1.074202534435877
-1.969393878775755,-1.4091947236339797
-1.967393478695739,-1.2153127426277666
-1.965393078615723,-1.2551746890671716
-1.963392678535707,-1.1192566470974996
-1.961392278455691,-0.9267525171773535
-1.959391878375675,-0.9630106014060673
-1.957391478295659,-1.1047904332925684
-1.955391078215643,-0.9371311845469605
-1.953390678135627,-1.214328642119866
-1.951390278055611,-0.8396084982254524
-1.949389877975595,-0.776391536323612
-1.947389477895579,-0.8313459313258784
-1.945389077815563,-0.7118737552249075
-1.943388677735547,-1.2348576341722879
-1.941388277655531,-0.9241563547910979
-1.939387877575515,-1.1233922506536018
-1.9373874774954989,-1.1639192842569988
-1.9353870774154829,-1.217191513865039
-1.9333866773354669,-0.4392925344164035
-1.9313862772554509,-0.7534257481575434
-1.9293858771754349,-0.6118891592626082
-1.9273854770954193,-0.8665406375400502
-1.9253850770154033,-1.103364997850026
-1.9233846769353873,-0.8041088051523542
-1.9213842768553713,-0.4706309764574227
-1.9193838767753553,-0.8349221797245492
-1.9173834766953393,-0.9630488651601212
-1.9153830766153233,-0.8868966035342741
-1.9133826765353072,-0.7188056309092187
-1.9113822764552912,-0.9457697777274439
-1.9093818763752752,-0.9665745523135133
-1.9073814762952592,-1.0794112467956838
-1.9053810762152432,-0.873602703637856
-1.9033806761352272,-1.199023100103391
-1.9013802760552112,-1.0227963366924597
-1.8993798759751952,-0.9721962539128582
-1.8973794758951792,-1.1591415473229298
-1.8953790758151632,-0.9522943171210045
-1.8933786757351472,-0.7577276306755695
-1.8913782756551312,-0.6589483525677933
-1.8893778755751152,-0.9970167363796658
-1.8873774754950992,-1.0413090826893352
-1.8853770754150831,-1.003103773147036
-1.8833766753350671,-0.8263990650003588
-1.8813762752550511,-1.076925427932962
-1.8793758751750351,-1.0778258260367146
-1.8773754750950191,-0.8991649616321473
-1.8753750750150031,-0.8502132641739366
-1.873374674934987,-0.9143963081886245
-1.871374274854971,-0.9303776924128414
-1.869373874774955,-1.052644470787467
-1.867373474694939,-0.9522735995383665
-1.865373074614923,-1.4335866126235497
-1.863372674534907,-0.6475480900299955
-1.861372274454891,-0.9258550206911305
-1.859371874374875,-0.5378556672387261
-1.857371474294859,-0.7014919024109798
-1.855371074214843,-1.1228008636242857
-1.853370674134827,-1.0331608284506257
-1.851370274054811,-1.181340408986589
-1.849369873974795,-1.0953639678517693
-1.847369473894779,-1.2747649355911943
-1.845369073814763,-1.1472643888863037
-1.843368673734747,-1.1701019211525243
-1.841368273654731,-0.7873122787755077
-1.839367873574715,-1.2882624966559884
-1.837367473494699,-0.5195050130739834
-1.835367073414683,-1.029556750943867
-1.833366673334667,-0.6963017639730322
-1.831366273254651,-1.1590785528277137
-1.829365873174635,-0.8111265314098246
-1.827365473094619,-1.2609552589641582
-1.825365073014603,-1.2625816985499048
-1.823364672934587,-0.7493751372343305
-1.821364272854571,-0.9931568223566842
-1.819363872774555,-1.0089101582977844
-1.817363472694539,-1.1704122524561762
-1.815363072614523,-1.1444890249109616
-1.813362672534507,-1.289927055915964
-1.8113622724544909,-1.0758645768805237
-1.8093618723744749,-0.9204329531880223
-1.8073614722944589,-0.9563024980695323
-1.8053610722144429,-0.9546631501619393
-1.8033606721344269,-1.3836843016387121
-1.8013602720544108,-0.9341928263411939
-1.7993598719743948,-1.0377597138332144
-1.7973594718943788,-1.1316423311648256
-1.7953590718143628,-1.2219163624710527
-1.7933586717343468,-0.8425457202427308
-1.7913582716543308,-1.400993817416604
-1.7893578715743148,-1.222887471593491
-1.7873574714942988,-0.9472157628538813
-1.7853570714142828,-1.0798895993857889
-1.7833566713342668,-0.9018547360915219
-1.7813562712542508,-0.9586404284122616
-1.7793558711742348,-1.1141747995359412
-1.7773554710942188,-1.3173019761604523
-1.7753550710142028,-0.8285209815322331
-1.7733546709341867,-1.0141358096141506
-1.7713542708541707,-1.24302332515884
-1.7693538707741547,-1.4002186346404488
-1.7673534706941387,-0.9142378776373876
-1.7653530706141227,-1.108201087997196
-1.7633526705341067,-1.210643342499162
-1.7613522704540907,-0.7462848621850816
-1.7593518703740747,-1.3572689380716034
-1.7573514702940587,-1.0326065226312457
-1.7553510702140427,-0.8380753665672191
-1.7533506701340267,-0.8856614112063215
-1.7513502700540107,-1.2444366810659402
-1.7493498699739947,-0.7206351724500036
-1.7473494698939787,-0.7004797094967865
-1.7453490698139627,-0.7799207531551886
-1.7433486697339466,-1.158483609255154
-1.7413482696539306,-1.0305538173042468
-1.7393478695739146,-0.7342153156057896
-1.7373474694938986,-0.8973393663665852
-1.7353470694138826,-1.114132564515757
-1.7333466693338666,-1.0293663929893675
-1.7313462692538506,-1.2920924932921833
-1.7293458691738346,-0.7576162524891314
-1.7273454690938186,-1.008156296307051
-1.7253450690138026,-0.6394824775715776
-1.7233446689337866,-1.3535817387631837
-1.7213442688537706,-1.182990175239059
-1.7193438687737546,-0.9995485336569002
-1.7173434686937386,-0.5370109415771224
-1.7153430686137225,-0.9740357515845857
-1.7133426685337065,-1.1418172723083941
-1.7113422684536905,-0.9865845628040785
-1.7093418683736745,-1.1255825757392444
-1.7073414682936585,-0.8014287298348632
-1.7053410682136425,-0.818693614705728
-1.7033406681336265,-0.6691787713140289
-1.7013402680536105,-1.3199218100282866
-1.699339867973595,-1.3527628426715999
-1.697339467893579,-1.0385876936088645
-1.695339067813563,-0.8290909017943607
-1.693338667733547,-0.7875740519052622
-1.691338267653531,-0.9447296911514388
-1.689337867573515,-0.8301738800441982
-1.6873374674934989,-0.6902195613216646
-1.6853370674134829,-1.1510001589701024
-1.6833366673334669,-0.7002534859025183
-1.6813362672534509,-0.6943819046879187
-1.6793358671734349,-1.1045077544199469
-1.6773354670934189,-1.1841602917477339
-1.6753350670134028,-0.8429722491633056
-1.6733346669333868,-0.5966153199288738
-1.6713342668533708,-1.163842666230069
-1.6693338667733548,-0.6110844511109288
-1.6673334666933388,-1.1874389882455942
-1.6653330666133228,-1.039526377148088
-1.6633326665333068,-1.2216129950265018
-1.6613322664532908,-0.9097543851226989
-1.6593318663732748,-0.9689522303740905
-1.6573314662932588,-0.9863239540299864
-1.6553310662132428,-1.1219657223003765
-1.6533306661332268,-1.082048862778302
-1.6513302660532108,-1.0100544059261365
-1.6493298659731948,-1.0491270075812493
-1.6473294658931787,-1.005610264743346
-1.6453290658131627,-1.2965276947214721
-1.6433286657331467,-1.4275443242651988
-1.6413282656531307,-0.9281192419075228
-1.6393278655731147,-0.9217336874894221
-1.6373274654930987,-0.9509192795466844
-1.6353270654130827,-0.8923666766172975
-1.6333266653330667,-1.0885882784469763
-1.6313262652530507,-1.0685083219505978
-1.6293258651730347,-1.0939099766693212
-1.6273254650930187,-1.3604268117401914
-1.6253250650130027,-0.8835610697450798
-1.6233246649329867,-0.8415523686524107
-1.6213242648529707,-0.812352771688891
-1.6193238647729546,-1.0609798853118606
-1.6173234646929386,-1.142423641212118
-1.6153230646129226,-1.0931104896669548
-1.6133226645329066,-1.102196209273239
-1.6113222644528906,-1.3998720251644512
-1.6093218643728746,-0.9398295454753036
-1.6073214642928586,-0.8306005309265194
-1.6053210642128426,-0.956080601527844
-1.6033206641328266,-0.9949614677447214
-1.6013202640528106,-1.1249849901954019
-1.5993198639727946,-0.8471880250989565
-1.5973194638927786,-1.0171825753626307
-1.5953190638127626,-1.2434461564608852
-1.5933186637327466,-0.7351115622470741
-1.5913182636527305,-0.8704545918056525
-1.5893178635727145,-0.6688456342953187
-1.5873174634926985,-0.7673014407206569
-1.5853170634126825,-1.1244963373172163
-1.5833166633326665,-1.0569395874021172
-1.5813162632526505,-0.7976357235525573
-1.5793158631726345,-1.2350182878901588
-1.5773154630926185,-0.6688001352501611
-1.5753150630126025,-0.934495354396512
-1.5733146629325865,-0.8344051681439371
-1.5713142628525705,-0.935402899721042
-1.5693138627725545,-0.9893212316755244
-1.5673134626925385,-1.0580647308137048
-1.5653130626125225,-1.029285726746214
-1.5633126625325064,-1.5341200697724395
-1.5613122624524904,-0.8874030647068872
-1.5593118623724744,-0.5641873990909106
-1.5573114622924584,-1.165747180930949
-1.5553110622124424,-1.2935038833039831
-1.5533106621324264,-0.6860936780852358
-1.5513102620524104,-0.9242921075456378
-1.5493098619723944,-0.8188366966208789
-1.5473094618923784,-0.8990641712227018
-1.5453090618123624,-1.1851428026996405
-1.5433086617323464,-0.8178510370549432
-1.5413082616523304,-1.0981628296943216
-1.5393078615723144,-1.164699072123826
-1.5373074614922984,-0.8717527503080553
-1.5353070614122823,-0.9648153718827875
-1.5333066613322663,-0.9166703453886538
-1.5313062612522503,-0.923727417904396
-1.5293058611722343,-0.8330796562644524
-1.5273054610922183,-0.7397118416652687
-1.5253050610122023,-0.9566578241153845
-1.5233046609321863,-0.7099527897572461
-1.5213042608521703,-0.7724373274512047
-1.5193038607721543,-0.8507192102195792
-1.5173034606921383,-1.1135209614049792
-1.5153030606121223,-0.8025197992464518
-1.5133026605321063,-0.9128327007296336
-1.5113022604520903,-1.2666953551632127
-1.5093018603720743,-1.2349615762745976
-1.5073014602920582,-1.2409793353271135
-1.5053010602120422,-1.2364879012449757
-1.5033006601320262,-1.2168513493482411
-1.5013002600520102,-0.8302816683131417
-1.4992998599719942,-0.9810130527499269
-1.4972994598919782,-0.8207361159275425
-1.4952990598119622,-1.2211503467749967
-1.4932986597319462,-1.305368135895464
-1.4912982596519302,-1.1694769609425282
-1.4892978595719142,-0.8580971707153391
-1.4872974594918982,-0.8468932110493892
-1.4852970594118822,-1.041766472175183
-1.4832966593318662,-0.9316884488097952
-1.4812962592518502,-1.0973167439752092
-1.4792958591718341,-1.140944446916267
-1.4772954590918181,-0.9161012569807121
-1.4752950590118021,-0.8628654822705405
-1.4732946589317861,-0.637149133442944
-1.4712942588517706,-1.194737903410315
-1.4692938587717546,-1.219509882765474
-1.4672934586917386,-1.0937143379373917
-1.4652930586117225,-0.8718001223987313
-1.4632926585317065,-0.5926730395078015
-1.4612922584516905,-0.965679862309807
-1.4592918583716745,-1.1662117431285932
-1.4572914582916585,-1.2213789705895943
-1.4552910582116425,-1.1098272931081612
-1.4532906581316265,-0.9472280440837574
-1.4512902580516105,-0.8503499130462766
-1.4492898579715945,-0.9489113942475369
-1.4472894578915785,-1.1363516728452727
-1.4452890578115625,-1.25372149383749
-1.4432886577315465,-0.8607180289189366
-1.4412882576515305,-1.1017621742992785
-1.4392878575715145,-1.0849417501027434
-1.4372874574914984,-1.1939029673139927
-1.4352870574114824,-1.3016593800407081
-1.4332866573314664,-0.6615741614705846
-1.4312862572514504,-1.1220072165913364
-1.4292858571714344,-1.3828782799332702
-1.4272854570914184,-0.9571334410582814
-1.4252850570114024,-1.0190843959956368
-1.4232846569313864,-1.3636932361177012
-1.4212842568513704,-0.760680993409479
-1.4192838567713544,-0.8560800081385768
-1.4172834566913384,-0.8197378837153464
-1.4152830566113224,-0.934370876680957
-1.4132826565313064,-1.2483160048042194
-1.4112822564512904,-0.9997519527300383
-1.4092818563712743,-1.0831476397748285
-1.4072814562912583,-1.11668532342435
-1.4052810562112423,-0.659055997112467
-1.4032806561312263,-1.1842564004611025
-1.4012802560512103,-1.0782961778850877
-1.3992798559711943,-0.9777785678551855
-1.3972794558911783,-0.9062105093518529
-1.3952790558111623,-0.6461782168072693
-1.3932786557311463,-1.0169880385962224
-1.3912782556511303,-0.9257467967758095
-1.3892778555711143,-1.224429091371279
-1.3872774554910983,-0.8681052208752579
-1.3852770554110823,-0.5957491165770545
-1.3832766553310663,-1.0679493466514847
-1.3812762552510502,-0.8214892438618119
-1.3792758551710342,-1.2637967848463139
-1.3772754550910182,-1.0503366314010307
-1.3752750550110022,-1.0399360642601947
-1.3732746549309862,-0.9101398338570436
-1.3712742548509702,-1.0080839797944188
-1.3692738547709542,-0.7539164471426805
-1.3672734546909382,-1.0820945768981274
-1.3652730546109222,-0.8327845232028348
-1.3632726545309062,-0.9462577034303713
-1.3612722544508902,-1.1938788983930415
-1.3592718543708742,-1.4233994781332395
-1.3572714542908582,-0.9479581130882022
-1.3552710542108422,-1.1137810084913924
-1.3532706541308261,-0.9213705942283987
-1.3512702540508101,-1.228109195461627
-1.3492698539707941,-0.8688566869388119
-1.3472694538907781,-0.6614264205949817
-1.3452690538107621,-1.0225543620615245
-1.343268653730746,-1.373440432088776
-1.34126825365073,-0.9849155304898543
-1.339267853570714,-1.115819994776204
-1.337267453490698,-1.162343260761594
-1.335267053410682,-1.0143104579144504
-1.333266653330666,-0.7725947133517064
-1.33126625325065,-1.0868279681325161
-1.329265853170634,-0.8314879453675166
-1.327265453090618,-1.0136121717802349
-1.325265053010602,-0.9881155354402461
-1.323264652930586,-0.7511564054841845
-1.32126425285057,-1.02495858069053
-1.319263852770554,-0.8153115491146333
-1.317263452690538,-1.0135050891562047
-1.315263052610522,-0.8556062515685441
-1.313262652530506,-1.0201241784257136
-1.31126225245049,-0.9322755889772278
-1.309261852370474,-0.9145558202963585
-1.307261452290458,-0.8303339787455767
-1.305261052210442,-0.8689894226047876
-1.303260652130426,-1.1332856061989758
-1.30126025205041,-0.599864736632736
-1.299259851970394,-0.9581252350503938
-1.297259451890378,-0.779730174939247
-1.295259051810362,-1.440270075465552
-1.293258651730346,-0.8010544082970905
-1.29125825165033,-0.8081211680253281
-1.289257851570314,-0.9138372466677727
-1.287257451490298,-1.4113866145362801
-1.285257051410282,-1.10394735135054
-1.283256651330266,-1.163693081673173
-1.28125625125025,-0.7258036971297048
-1.2792558511702339,-1.1984774675331686
-1.2772554510902179,-0.8463938246637143
-1.2752550510102019,-1.0145692871559706
-1.2732546509301859,-0.7394698490277354
-1.2712542508501699,-0.9096903595977784
-1.2692538507701538,-1.0839798300006374
-1.2672534506901378,-1.1091718922413614
-1.2652530506101218,-1.0420225053797674
-1.2632526505301058,-1.5714791293244583
-1.2612522504500898,-0.5983679567682798
-1.2592518503700738,-0.689082773178567
-1.2572514502900578,-0.9376417991666149
-1.2552510502100418,-0.7627036322334999
-1.2532506501300258,-0.9572552936570131
-1.2512502500500098,-0.862115229055219
-1.2492498499699938,-0.7513670647386224
-1.2472494498899778,-0.9958038023030059
-1.2452490498099618,-0.7926833602054371
-1.2432486497299462,-1.3061756623955172
-1.2412482496499302,-0.9032740785110962
-1.2392478495699142,-0.9484201813050676
-1.2372474494898982,-1.0129180642749818
-1.2352470494098822,-0.9855704157533449
-1.2332466493298662,-0.9919548547351794
-1.2312462492498502,-0.7213049440718713
-1.2292458491698341,-0.9538823300038608
-1.2272454490898181,-0.3773039587751825
-1.2252450490098021,-1.1287921445579412
-1.2232446489297861,-0.8292687131723693
-1.2212442488497701,-0.760554944350764
-1.2192438487697541,-1.0167555866613558
-1.217243448689738,-1.1808519997643163
-1.215243048609722,-1.0277595616158761
-1.213242648529706,-1.2009669712070021
-1.21124224844969,-1.1007601319325122
-1.209241848369674,-0.8579182348395546
-1.207241448289658,-0.41663271851288897
-1.205241048209642,-0.5868121299738821
-1.203240648129626,-1.0548129910890915
-1.20124024804961,-0.7433551695985957
-1.199239847969594,-1.0044874679901152
-1.197239447889578,-1.105045355567822
-1.195239047809562,-0.9468451268480288
-1.193238647729546,-1.3671989262029416
-1.19123824764953,-1.264969261160348
-1.189237847569514,-0.7454718826211265
-1.187237447489498,-0.6545528653679051
-1.185237047409482,-1.4245907828459297
-1.183236647329466,-0.634364366811867
-1.18123624724945,-0.6933525340745057
-1.179235847169434,-0.9940410738043429
-1.177235447089418,-0.8325512693846087
-1.175235047009402,-0.5593229219450937
-1.173234646929386,-0.6768138140430682
-1.17123424684937,-0.8224145462329973
-1.169233846769354,-1.047198450274495
-1.167233446689338,-1.0016946870931678
-1.165233046609322,-0.7790187288962009
-1.163232646529306,-0.8097256905960397
-1.16123224644929,-0.6849123143072672
-1.159231846369274,-1.2054595664731629
-1.157231446289258,-0.8267021654287583
-1.1552310462092419,-0.7710311071560572
-1.1532306461292259,-0.9625186102076054
-1.1512302460492099,-0.4368643986466334
-1.1492298459691939,-1.0853774405520213
-1.1472294458891779,-0.922868796766099
-1.1452290458091618,-0.7646159488834346
-1.1432286457291458,-0.7372771648451432
-1.1412282456491298,-0.958219429929204
-1.1392278455691138,-0.9577483752682342
-1.1372274454890978,-0.7677290121361117
-1.1352270454090818,-0.8137716802015105
-1.1332266453290658,-0.8873638542317243
-1.1312262452490498,-1.276918336701348
-1.1292258451690338,-0.8745372497113563
-1.1272254450890178,-0.5801707373421006
-1.1252250450090018,-0.7844756378835424
-1.1232246449289858,-1.0566499209053641
-1.1212242448489698,-1.192374216371103
-1.1192238447689538,-0.7080068702600496
-1.1172234446889378,-0.990840884906525
-1.1152230446089217,-0.6309615867233446
-1.1132226445289057,-0.6346595857851951
-1.1112222444488897,-0.9259914512638313
-1.1092218443688737,-0.8303465767107585
-1.1072214442888577,-0.8044871342744686
-1.1052210442088417,-1.1336007941591129
-1.1032206441288257,-0.5513624353693456
-1.1012202440488097,-0.7919561653347637
-1.0992198439687937,-0.8602463041216943
-1.0972194438887777,-0.6926454471676838
-1.0952190438087617,-0.8280234380596989
-1.0932186437287457,-1.1056532491854418
-1.0912182436487297,-1.0482964580945417
-1.0892178435687137,-1.3154007074119995
-1.0872174434886976,-0.8721226959461268
-1.0852170434086816,-0.7739060169475686
-1.0832166433286656,-0.920968317795922
-1.0812162432486496,-1.1136625752789346
-1.0792158431686336,-0.9806017209590492
-1.0772154430886176,-0.9544082896720479
-1.0752150430086016,-0.7062160946001141
-1.0732146429285856,-0.5923750566430711
-1.0712142428485696,-1.4250574472437079
-1.0692138427685536,-0.8925871148047199
-1.0672134426885376,-0.9966801973285488
-1.0652130426085216,-0.9270287402657519
-1.0632126425285056,-0.7055055558461407
-1.0612122424484896,-0.9728491832797376
-1.0592118423684735,-0.7350847078270436
-1.0572114422884575,-0.4727156585818825
-1.0552110422084415,-0.9600519138405328
-1.0532106421284255,-0.9124196827162114
-1.0512102420484095,-0.9159101107808197
-1.0492098419683935,-0.3896316135007072
-1.0472094418883775,-0.966053572977526
-1.0452090418083615,-0.5710357915751775
-1.0432086417283455,-0.8712049836605515
-1.0412082416483295,-0.8289613711266193
-1.0392078415683135,-0.6963387661533307
-1.0372074414882975,-0.93552917595007
-1.0352070414082815,-0.6634637248033802
-1.0332066413282655,-0.9143069360708436
-1.0312062412482494,-1.0716262489647677
-1.0292058411682334,-0.6535510406336495
-1.0272054410882174,-0.7337931267038311
-1.0252050410082014,-0.9720429721671829
-1.0232046409281854,-0.6232296523375952
-1.0212042408481694,-1.0496126996476298
-1.0192038407681534,-0.7671137005008217
-1.0172034406881374,-1.1891819665693648
-1.0152030406081218,-0.9274434733019173
-1.0132026405281058,-1.0169735729121376
-1.0112022404480898,-1.099324799133146
-1.0092018403680738,-0.8415046882504438
-1.0072014402880578,-0.7789291191568493
-1.0052010402080418,-0.7213110267636191
-1.0032006401280258,-0.8428599092263557
-1.0012002400480098,-0.7559464122641395
-0.9991998399679938,-1.0656609371826877
-0.9971994398879778,-1.0160068151549757
-0.9951990398079618,-0.8424307908791988
-0.9931986397279458,-1.0129980506045757
-0.9911982396479297,-0.8355739592660962
-0.9891978395679137,-0.9655872106685941
-0.9871974394878977,-0.8661903538690617
-0.9851970394078817,-1.1662702730462597
-0.9831966393278657,-1.174703818909507
-0.9811962392478497,-0.9745688299834327
-0.9791958391678337,-1.0954017059278693
-0.9771954390878177,-1.353807334127945
-0.9751950390078017,-0.7312968344705616
-0.9731946389277857,-0.6324212938027871
-0.9711942388477697,-0.6505210988093395
-0.9691938387677537,-0.8533018848677062
-0.9671934386877377,-0.8562369708648501
-0.9651930386077217,-0.8023032803305001
-0.9631926385277056,-0.9519440738198962
-0.9611922384476896,-1.1883935703454203
-0.9591918383676736,-0.581232959341521
-0.9571914382876576,-0.8147080520127998
-0.9551910382076416,-0.8258466516151949
-0.9531906381276256,-0.8786056759899308
-0.9511902380476096,-0.6953798416757964
-0.9491898379675936,-0.8365585109229461
-0.9471894378875776,-0.9096543008771697
-0.9451890378075616,-0.8777339293949902
-0.9431886377275456,-0.7964541885587388
-0.9411882376475296,-1.0387938911392691
-0.9391878375675136,-0.5242332504700569
-0.9371874374874976,-0.9273139360865056
-0.9351870374074815,-0.9637453399140283
-0.9331866373274655,-0.8791051884186768
-0.9311862372474495,-0.6204967466201037
-0.9291858371674335,-0.854834419947713
-0.9271854370874175,-0.5670923688195937
-0.9251850370074015,-0.864665970665113
-0.9231846369273855,-1.081692366666828
-0.9211842368473695,-0.9633098619584237
-0.9191838367673535,-0.9323280884111911
-0.9171834366873375,-0.6641759481857028
-0.9151830366073215,-0.8843347414791797
-0.9131826365273055,-1.027557601370372
-0.9111822364472895,-1.0797427795668189
-0.9091818363672735,-1.1553161708827142
-0.9071814362872574,-0.25704531201236347
-0.9051810362072414,-0.9364101013698558
-0.9031806361272254,-0.6967534712180306
-0.9011802360472094,-1.0254062506939323
-0.8991798359671934,-0.5372887580556068
-0.8971794358871774,-0.9530602278143785
-0.8951790358071614,-0.40617358517407076
-0.8931786357271454,-0.3846803919613633
-0.8911782356471294,-1.0008969451748242
-0.8891778355671134,-0.528746150161838
-0.8871774354870974,-0.39981160878205657
-0.8851770354070814,-1.094561870966735
-0.8831766353270654,-1.0701862687178552
-0.8811762352470494,-1.190046122627607
-0.8791758351670333,-0.9581544160432738
-0.8771754350870173,-0.9700460880859852
-0.8751750350070013,-0.8344538663646668
-0.8731746349269853,-1.0217074165960258
-0.8711742348469693,-0.6267388537150033
-0.8691738347669533,-0.7577012254694208
-0.8671734346869373,-0.6776254121946669
-0.8651730346069213,-0.5552898428958603
-0.8631726345269053,-0.707291289683294
-0.8611722344468893,-0.8033820153598323
-0.8591718343668733,-0.921570251795692
-0.8571714342868573,-0.5764911224005214
-0.8551710342068413,-0.7005927023868286
-0.8531706341268253,-0.7096137931446883
-0.8511702340468092,-0.8731001079312652
-0.8491698339667932,-0.6906874873741151
-0.8471694338867772,-0.9057341547129053
-0.8451690338067612,-0.6860815128933153
-0.8431686337267452,-0.7997121623406214
-0.8411682336467292,-0.6023115536381407
-0.8391678335667132,-1.0097844125615005
-0.8371674334866972,-0.7332353275811636
-0.8351670334066812,-0.6008464328160956
-0.8331666333266652,-0.7251506960806399
-0.8311662332466492,-1.0231829150720664
-0.8291658331666332,-0.8862755592728135
-0.8271654330866172,-0.482569119897631
-0.8251650330066012,-0.7488145423920968
-0.8231646329265851,-0.8971587173333783
-0.8211642328465691,-0.48109214075583706
-0.8191638327665531,-0.4206413588233406
-0.8171634326865371,-0.9649590649147669
-0.8151630326065211,-0.8284328255806529
-0.8131626325265051,-0.7953382601860108
-0.8111622324464891,-0.6184465355620207
-0.8091618323664731,-0.7597827196552486
-0.8071614322864571,-0.6978410427086796
-0.8051610322064411,-0.7501496331058664
-0.8031606321264251,-0.2795762631024778
-0.8011602320464091,-0.6034609530273664
-0.7991598319663931,-0.7754921849012466
-0.7971594318863771,-0.7709445536044607
-0.795159031806361,-0.619346465396855
-0.793158631726345,-0.9036031410339361
-0.791158231646329,-0.6571418237875246
-0.789157831566313,-0.6779049007925023
-0.787157431486297,-0.8812734887015824
-0.785157031406281,-1.1698518832693212
-0.783156631326265,-1.0529127434998053
-0.781156231246249,-0.7500043384560341
-0.779155831166233,-0.5212752433438134
-0.777155431086217,-0.7910969814654552
-0.775155031006201,-0.5266264156593299
-0.773154630926185,-0.7717307525243201
-0.771154230846169,-0.9071857127019672
-0.769153830766153,-0.9511975055208102
-0.767153430686137,-0.8794039161902375
-0.7651530306061209,-0.6644999662633826
-0.7631526305261049,-0.7003238452522546
-0.7611522304460889,-0.7393900114493603
-0.7591518303660729,-0.7296180242332578
-0.7571514302860569,-0.46584572915585687
-0.7551510302060409,-0.309483577195963
-0.7531506301260249,-0.8315053439603328
-0.7511502300460089,-0.72010199473266
-0.7491498299659929,-0.9252888567939005
-0.7471494298859769,-0.6824587633950658
-0.7451490298059609,-0.7410630246950244
-0.7431486297259449,-0.6336764569388936
-0.7411482296459289,-0.49947476793245604
-0.7391478295659129,-0.9155944298252764
-0.7371474294858968,-0.7146891922118469
-0.7351470294058808,-0.7260930516817196
-0.7331466293258648,-0.637454379943688
-0.7311462292458488,-0.3876371170695049
-0.7291458291658328,-0.796331041626799
-0.7271454290858168,-0.5429020960468833
-0.7251450290058008,-0.3288044492527641
-0.7231446289257848,-0.8309353834949376
-0.7211442288457688,-0.630795197861531
-0.7191438287657528,-0.6310332863761563
-0.7171434286857368,-0.916477913653492
-0.7151430286057208,-0.5398922502717185
-0.7131426285257048,-0.42967143292152676
-0.7111422284456888,-0.7863005338714668
-0.7091418283656727,-0.7091108771740546
-0.7071414282856567,-0.9990563936284684
-0.7051410282056407,-0.43774290200286603
-0.7031406281256247,-0.4735442215570327
-0.7011402280456087,-0.8362461327099879
-0.6991398279655927,-0.812035795074411
-0.6971394278855767,-0.7215779633729836
-0.6951390278055607,-0.3820921900556572
-0.6931386277255447,-0.6533874696394499
-0.6911382276455287,-0.6070598598210867
-0.6891378275655127,-0.6054898107844285
-0.6871374274854967,-0.3597897061500526
-0.6851370274054807,-0.7074023152675738
-0.6831366273254647,-0.6583635664551492
-0.6811362272454486,-0.39480264331948295
-0.6791358271654326,-0.3954081774876528
-0.6771354270854166,-0.8354196800522528
-0.6751350270054015,-1.0142397311094464
-0.6731346269253855,-0.6248802615054668
-0.6711342268453695,-0.4925330029820898
-0.6691338267653535,-0.5572913528794137
-0.6671334266853375,-0.7411505021622091
-0.6651330266053215,-0.24437752283233688
-0.6631326265253055,-0.8293096362351883
-0.6611322264452895,-0.8867679147917851
-0.6591318263652735,-0.38153335988662207
-0.6571314262852574,-0.6949080507165131
-0.6551310262052414,-0.26954956219053705
-0.6531306261252254,-0.6575871163572247
-0.6511302260452094,-0.6837074905647926
-0.6491298259651934,-0.5051667643076148
-0.6471294258851774,-0.4318985414531138
-0.6451290258051614,-0.16919084801799156
-0.6431286257251454,-0.4273005460530116
-0.6411282256451294,-0.3838844094168786
-0.6391278255651134,-0.7122848401871473
-0.6371274254850974,-0.4031119259300091
-0.6351270254050814,-0.4681602300536106
-0.6331266253250654,-0.7079510602088015
-0.6311262252450494,-0.8651701727965261
-0.6291258251650333,-0.7690239743653429
-0.6271254250850173,-0.690137279779585
-0.6251250250050013,-0.6240772198333524
-0.6231246249249853,-0.4343979297780614
-0.6211242248449693,-0.3925695789081881
-0.6191238247649533,-0.23055842584926128
-0.6171234246849373,-0.4934015564122118
-0.6151230246049213,-0.8676790130898988
-0.6131226245249053,-0.755602360284971
-0.6111222244448893,-0.6196211262619253
-0.6091218243648733,-0.3580049042037944
-0.6071214242848573,-0.4461736343863746
-0.6051210242048413,-0.7206736311586766
-0.6031206241248253,-0.7899423973485968
-0.6011202240448092,-0.6924309985105428
-0.5991198239647932,-0.811338789782153
-0.5971194238847772,-0.586190397375155
-0.5951190238047612,-0.47162093522000004
-0.5931186237247452,-0.4997684423729745
-0.5911182236447292,-0.6523160690224297
-0.5891178235647132,-0.5499927743159899
-0.5871174234846972,-0.8152403601378742
-0.5851170234046812,-0.6894524609141415
-0.5831166233246652,-0.48841891710584107
-0.5811162232446492,-0.0990007912483501
-0.5791158231646332,-0.27787886871184236
-0.5771154230846172,-0.8073186531221757
-0.5751150230046012,-0.37505689778672285
-0.5731146229245851,-0.5071758818579127
-0.5711142228445691,-0.49990515464476265
-0.5691138227645531,-0.02844560194081136
-0.5671134226845371,-0.6342715170280112
-0.5651130226045211,-0.4299287601695545
-0.5631126225245051,-0.3801360062830987
-0.5611122224444891,-0.6711054758272268
-0.5591118223644731,-0.9490202357658956
-0.5571114222844571,-0.7946062963805985
-0.5551110222044411,-0.4760465748188491
-0.5531106221244251,-0.34608223158361373
-0.5511102220444091,-0.4154107715489622
-0.5491098219643931,-0.416125960024915
-0.5471094218843771,-0.45335266524847045
-0.545109021804361,-0.6838183888548572
-0.543108621724345,-0.522344103335349
-0.541108221644329,-0.38947155931216537
-0.539107821564313,-0.4191336113793146
-0.537107421484297,-0.18377615733889224
-0.535107021404281,-0.6263703237403293
-0.533106621324265,-0.6209613050726822
-0.531106221244249,-0.6469910187536501
-0.529105821164233,-1.0513217520314297
-0.527105421084217,-0.3802130171662673
-0.525105021004201,-0.5004583223871637
-0.523104620924185,-0.5483033700872867
-0.521104220844169,-0.6608883698344078
-0.519103820764153,-0.3857794952034387
-0.517103420684137,-0.4908988596710961
-0.5151030206041209,-0.18367389785668764
-0.5131026205241049,-0.4860400329413111
-0.5111022204440889,-0.4053348371315359
-0.5091018203640729,-0.17298548046902856
-0.5071014202840569,-0.5517062979644369
-0.5051010202040409,-0.570640063793074
-0.5031006201240249,-0.19682871440607724
-0.5011002200440089,-0.7922161471093564
-0.4990998199639929,-0.5305589234361523
-0.4970994198839769,-0.5337180497220879
-0.49509901980396087,-0.6439809632566194
-0.49309861972394486,-0.36768108286887835
-0.49109821964392886,-0.58561587202551
-0.48909781956391285,-0.44875924417864416
-0.48709741948389684,-0.6545972524895579
-0.48509701940388084,-0.409199991713685
-0.48309661932386483,-0.04858790379106803
-0.4810962192438488,-0.47322836779501265
-0.4790958191638328,-0.4629694798858006
-0.4770954190838168,-0.6966400115363445
-0.4750950190038008,-0.28892783118317994
-0.4730946189237848,-0.4729036506174751
-0.4710942188437688,-0.3752862644765085
-0.4690938187637528,-0.26224429729669896
-0.46709341868373677,-0.4865023900892444
-0.46509301860372076,-0.24431697500812188
-0.46309261852370476,-0.22945946989842353
-0.46109221844368875,-0.3769552200484768
-0.45909181836367274,-0.40324554085845987
-0.45709141828365674,-0.4357651983097285
-0.45509101820364073,-0.32721479236354734
-0.4530906181236247,-0.3344232014569415
-0.4510902180436087,-0.7219714520258511
-0.4490898179635927,-0.5684852143000185
-0.4470894178835767,-0.24089713130781681
-0.4450890178035607,-0.3809083929410082
-0.4430886177235447,-0.47217436709758875
-0.4410882176435287,-0.074544328070975
-0.4390878175635127,-0.2627156154194662
-0.43708741748349667,-0.20733685275694852
-0.43508701740348066,-0.46562122741522366
-0.43308661732346465,-0.3425786204772144
-0.43108621724344864,-0.4341449712528691
-0.42908581716343264,-0.6230695754557528
-0.42708541708341663,-0.37483075328385695
-0.4250850170034006,-0.42392137426248566
-0.4230846169233846,-0.42543750374248157
-0.4210842168433686,-0.2106071971763717
-0.4190838167633526,-0.42907565241656903
-0.4170834166833366,-0.39108295653717196
-0.4150830166033206,-0.3795125925861314
-0.4130826165233046,-0.30089721876570674
-0.4110822164432886,-0.33999565069586263
-0.40908181636327257,-0.2603703684834098
-0.40708141628325656,-0.6525644884541446
-0.40508101620324055,-0.3652485437301706
-0.40308061612322454,-0.4146765487346209
-0.40108021604320854,-0.6536719045647426
-0.39907981596319253,-0.6771296506932077
-0.3970794158831765,-0.5123055785880035
-0.3950790158031605,-0.5152470307551795
-0.3930786157231445,-0.43088018560124847
-0.3910782156431285,-0.3555530600460854
-0.3890778155631125,-0.28051684640749375
-0.3870774154830965,-0.6251013906099366
-0.3850770154030805,-0.5563065993459398
-0.3830766153230645,-0.547676099749977
-0.38107621524304847,-0.39571192469495897
-0.37907581516303246,-0.3644473887179444
-0.37707541508301645,-0.1683868087317837
-0.37507501500300044,-0.5497543268849898
-0.37307461492298444,-0.20941903863720757
-0.37107421484296843,-0.6588066745310879
-0.3690738147629524,-0.35690808610887764
-0.3670734146829364,-0.24856506324495692
-0.3650730146029204,-0.23033818540410816
-0.3630726145229044,-0.01687618377248351
-0.3610722144428884,0.12228235027434897
-0.3590718143628724,-0.27032546739234065
-0.3570714142828564,-0.613172474307871
-0.3550710142028404,0.4141760708663626
-0.35307061412282437,-0.1173600005665568
-0.35107021404280836,-0.13783979494443083
-0.34906981396279235,-0.4274500637965747
-0.34706941388277635,-0.3645206180302487
-0.34506901380276034,-0.5033378960888105
-0.34306861372274433,-0.20188380901080782
-0.3410682136427283,-0.4272044531645304
-0.3390678135627123,-0.18889544873700018
-0.3370674134826963,-0.4786825489419884
-0.3350670134026803,-0.13874443997708538
-0.3330666133226643,-0.27038374101020374
-0.3310662132426483,-0.07073940243481974
-0.3290658131626323,0.09913361599947473
-0.3270654130826163,-0.2646088512290191
-0.32506501300260027,-0.046335574032981386
-0.32306461292258426,-0.04349373361022735
-0.32106421284256825,-0.3198262702863902
-0.31906381276255225,-0.26165055331139186
-0.31706341268253624,-0.25752182363333315
-0.31506301260252023,-0.39714016859814705
-0.3130626125225042,-0.3933803245707035
-0.3110622124424882,-0.061131659435711805
-0.3090618123624722,-0.4462181458206211
-0.3070614122824562,-0.33213113996062027
-0.3050610122024402,-0.36568521502002416
-0.3030606121224242,-0.20638699412733202
-0.3010602120424082,0.16354838502688546
-0.2990598119623922,-0.33250886681076275
-0.29705941188237617,-0.5810038307698905
-0.29505901180236016,-0.26955832286963066
-0.29305861172234415,-0.4834487183143589
-0.29105821164232815,-0.2355692371498839
-0.28905781156231214,-0.43744467235633255
-0.28705741148229613,-0.2505151686544762
-0.2850570114022801,-0.5199438273376693
-0.2830566113222641,-0.3324540747348089
-0.2810562112422481,-0.4759487540714584
-0.2790558111622321,-0.02479978154290352
-0.2770554110822161,-0.4183631745234725
-0.2750550110022001,-0.1607131003594709
-0.2730546109221841,-0.2338622805864226
-0.2710542108421681,-0.22796463081692833
-0.26905381076215207,-0.1912192713422493
-0.26705341068213606,-0.14329389008206722
-0.26505301060212005,-0.0007237210618740719
-0.26305261052210405,-0.07336180764112982
-0.26105221044208804,0.04711161347431703
-0.25905181036207203,-0.46896810983675763
-0.257051410282056,-0.5225109851121952
-0.25505101020204,0.07914014226114818
-0.253050610122024,-0.13786086971640887
-0.251050210042008,-0.46122436256298893
-0.249049809961992,-0.30239236666810704
-0.247049409881976,-0.13713948763750441
-0.24504900980195998,-0.2520142653640015
-0.24304860972194398,-0.11817957004349999
-0.24104820964192797,-0.47364226491369066
-0.23904780956191196,-0.24281109117171676
-0.23704740948189595,-0.21130948489913634
-0.23504700940187995,-0.3742283099185725
-0.23304660932186394,-0.28760611473948006
-0.23104620924184793,-0.3216580289413445
-0.22904580916183193,-0.4489255508438119
-0.22704540908181592,-0.34858750762688356
-0.2250450090017999,-0.18495611503987014
-0.2230446089217839,-0.41610977552999784
-0.2210442088417679,-0.35422555634519826
-0.21904380876175278,-0.5578794579116585
-0.21704340868173677,0.0727160462219181
-0.21504300860172076,-0.028185184534983643
-0.21304260852170476,0.029519217331853753
-0.21104220844168875,-0.13726586022525344
-0.20904180836167274,-0.14863461635779512
-0.20704140828165674,-0.24779746602631741
-0.20504100820164073,0.05644488400937547
-0.20304060812162472,-0.19692892570009
-0.20104020804160871,-0.5917496167756402
-0.1990398079615927,-0.5843108515463119
-0.1970394078815767,-0.12307834648125471
-0.1950390078015607,-0.38572321930347275
-0.19303860772154469,-0.17236554519854042
-0.19103820764152868,-0.038101174339833815
-0.18903780756151267,-0.35382340162700066
-0.18703740748149666,-0.24586617248106293
-0.18503700740148066,-0.23663070618564847
-0.18303660732146465,-0.3553372548991349
-0.18103620724144864,-0.46587779718985545
-0.17903580716143264,-0.3965616526516124
-0.17703540708141663,-0.47483956944535954
-0.17503500700140062,-0.20968593432871424
-0.17303460692138461,-0.21042265869738633
-0.1710342068413686,-0.2755743628814815
-0.1690338067613526,-0.45224574234442316
-0.1670334066813366,0.05480954289344658
-0.1650330066013206,-0.2888059896053
-0.16303260652130458,0.35101087679532
-0.16103220644128857,0.01269765295067904
-0.15903180636127257,-0.5708051388323235
-0.15703140628125656,0.09050016249926951
-0.15503100620124055,-0.2949006331134164
-0.15303060612122454,-0.33781963621977573
-0.15103020604120854,-0.204868585254646
-0.14902980596119253,0.0782808634846095
-0.14702940588117652,-0.04182370652295388
-0.14502900580116052,-0.10802646446528699
-0.1430286057211445,-0.30691836932930294
-0.1410282056411285,0.04806312339476432
-0.1390278055611125,-0.33539242858025986
-0.1370274054810965,0.07197863123291001
-0.13502700540108048,-0.06798817644358475
-0.13302660532106447,-0.25177498220322725
-0.13102620524104847,0.2944518715321097
-0.12902580516103246,0.053742941770587804
-0.12702540508101645,-0.014957145769961877
-0.12502500500100044,-0.10403203215651106
-0.12302460492098444,-0.3514638860981567
-0.12102420484096843,-0.1131653620297903
-0.11902380476095242,0.20210218210933611
-0.11702340468093642,-0.39226753321706076
-0.11502300460092041,-0.0013130212222717819
-0.1130226045209044,0.16607919052288322
-0.1110222044408884,0.17807123956615228
-0.10902180436087239,-0.28882349945403696
-0.10702140428085638,-0.21579800052063802
-0.10502100420084037,-0.08464350457984647
-0.10302060412082437,-0.012069091525711631
-0.10102020404080836,0.15549678551740742
-0.09901980396079235,-0.13908555303058928
-0.09701940388077634,0.09226032555360432
-0.09501900380076034,-0.607673240650599
-0.09301860372074433,-0.14608240258806646
-0.09101820364072832,0.09804525953225435
-0.08901780356071232,0.07779918244304423
-0.08701740348069631,-0.2785593170777766
-0.0850170034006803,0.12038594142761701
-0.0830166033206643,-0.36696156542661135
-0.08101620324064829,0.15836141169822054
-0.07901580316063228,-0.11980029912527028
-0.07701540308061627,-0.16720583013310517
-0.07501500300060027,-0.1345575079566471
-0.07301460292058426,0.0028582561013960756
-0.07101420284056825,0.3451201288717361
-0.06901380276055225,0.17466121978873558
-0.06701340268053624,-0.2963979024250203
-0.06501300260052023,-0.27322858183715887
-0.06301260252050422,-0.444131524021138
-0.06101220244048822,0.0007991782623175056
-0.05901180236047221,-0.09288530633761978
-0.0570114022804562,0.06849463522645477
-0.055011002200440196,-0.1551820598356583
-0.05301060212042419,-0.13228390877066118
-0.05101020204040818,-0.34140719674782927
-0.049009801960392174,0.17167979008515086
-0.04700940188037617,-0.1673829540460135
-0.04500900180036016,-0.21211625832224734
-0.04300860172034415,0.15031895674234563
-0.041008201640328146,-0.33614265889200046
-0.03900780156031214,0.07094100651249735
-0.03700740148029613,-0.19062689690793144
-0.035007001400280124,-0.0581843112859826
-0.03300660132026412,-0.4199587572910656
-0.03100620124024811,0.0845026005992327
-0.029005801160232103,0.38100411947921586
-0.027005401080216096,-0.2796038629381674
-0.02500500100020009,0.20599781350783075
-0.023004600920184082,-0.03246390112247772
-0.021004200840168075,0.08591815524877669
-0.019003800760152068,-0.2550097598523356
-0.01700340068013606,-0.22340575651426015
-0.015003000600120053,0.002489456594841781
-0.013002600520104046,-0.056286201929818154
-0.011002200440088039,0.01881196974283593
-0.009001800360072032,-0.3017258546762847
-0.007001400280056025,0.11508340816452352
-0.005001000200040018,0.07267044416361827
-0.0030006001200240107,0.21817991574857426
-0.0010002000400080036,0.06230241564300629
0.0010002000400080036,0.4521392777890143
0.0030006001200240107,0.4045152723208159
0.005001000200040018,0.008443965444821256
0.007001400280056025,0.0025444759655269544
0.009001800360072032,-0.15701293830230278
0.011002200440088039,-0.26018519102060184
0.013002600520104046,-0.032568075607999444
0.015003000600120053,-0.11378363230985603
0.01700340068013606,-0.1400817603092196
0.019003800760152068,0.0892801207555909
0.021004200840168075,-0.29418376375756095
0.023004600920184082,-0.213497886013531
0.02500500100020009,-0.3693464353192948
0.027005401080216096,-0.24350564317254414
0.029005801160232103,-0.09177630254289648
0.03100620124024811,0.19261670205091308
0.03300660132026412,0.41956029786378474
0.035007001400280124,-0.3104876947939702
0.03700740148029613,0.21241978418820434
0.03900780156031214,-0.1536616415961332
0.041008201640328146,0.07366606734788475
0.04300860172034415,0.15835350786146946
0.04500900180036016,0.32609765616373454
0.04700940188037617,0.5261769682280983
0.049009801960392174,0.25751585326131277
0.05101020204040818,-0.04400965391063703
0.05301060212042419,-0.2547249465342069
0.055011002200440196,0.10146242221985213
0.0570114022804562,0.1861563793182555
0.05901180236047221,-0.1719873430360742
0.06101220244048822,0.21612277364300583
0.06301260252050422,-0.022607252852476084
0.06501300260052023,-0.16112804760117855
0.06701340268053624,0.0943291676276113
0.06901380276055225,-0.1115611285142612
0.07101420284056825,-0.1602848547025781
0.07301460292058426,0.1303609046479614
0.07501500300060027,0.15800825724871048
0.07701540308061627,0.003872575571504583
0.07901580316063228,0.13387434699214562
0.08101620324064829,0.3092591404588751
0.0830166033206643,0.2493536580096834
0.0850170034006803,-0.08031112195516106
0.08701740348069631,0.09249626449265601
0.08901780356071232,-0.050897754588065225
0.09101820364072832,-0.18919125860062025
0.09301860372074433,0.22142053164242068
0.09501900380076034,0.29541316364766773
0.09701940388077634,0.0020459974356811933
0.09901980396079235,0.14582248522601793
0.10102020404080836,0.41028444427884264
0.10302060412082437,0.30783655601424287
0.10502100420084037,-0.01243354144364811
0.10702140428085638,0.09088882962879388
0.10902180436087239,-0.032815015539546286
0.1110222044408884,0.156633051769057
0.1130226045209044,0.12087556277615394
0.11502300460092041,-0.11580744543804997
0.11702340468093642,0.025567357748743788
0.11902380476095242,-0.2942455370838407
0.12102420484096843,-0.0870462715019936
0.12302460492098444,0.20526221180259702
0.12502500500100044,0.15335386620027103
0.12702540508101645,0.3160523055289681
0.12902580516103246,0.13921353242682039
0.13102620524104847,0.09141753426955349
0.13302660532106447,0.5042153650214558
0.13502700540108048,0.06676316967100596
0.1370274054810965,0.05956647322771509
0.1390278055611125,0.14850204207969273
0.1410282056411285,-0.014999308790266508
0.1430286057211445,0.19395205560231332
0.14502900580116052,-0.0003528795381634864
0.14702940588117652,0.06023677118874929
0.14902980596119253,-0.0005803936368261875
0.15103020604120854,-0.20510108393396792
0.15303060612122454,-0.3308218280941766
0.15503100620124055,-0.13034592507222312
0.15703140628125656,0.38460466843662244
0.15903180636127257,0.1733904906668753
0.16103220644128857,0.06430782264497112
0.16303260652130458,-0.04560745223595805
0.1650330066013206,0.4164974622572921
0.1670334066813366,0.03792162215726044
0.1690338067613526,-0.0007909445766062229
0.1710342068413686,-0.2081689419378049
0.17303460692138461,-0.27403562469704945
0.17503500700140062,0.2664192767939467
0.17703540708141663,0.5133775532378387
0.17903580716143264,0.23736280702446938
0.18103620724144864,0.23668265200771416
0.18303660732146465,0.5412991903432331
0.18503700740148066,0.2841521266910641
0.18703740748149666,0.18439945551899362
0.18903780756151267,0.29981175571207574
0.19103820764152868,0.37045539298128277
0.19303860772154469,0.29373847405493614
0.1950390078015607,0.09668241191566787
0.1970394078815767,0.27706823165255745
0.1990398079615927,0.05913724756540592
0.20104020804160871,0.1934850258607148
0.20304060812162472,0.2811008185964924
0.20504100820164073,0.5713696416770884
0.20704140828165674,0.2933016084839635
0.20904180836167274,0.21080455059219286
0.21104220844168875,0.12938659263345498
0.21304260852170476,0.09463331943738248
0.21504300860172076,0.13604047236125483
0.21704340868173677,0.22338438804436267
0.21904380876175278,0.4004628581445791
0.22104420884176879,-0.03562000998569248
0.2230446089217848,0.37442176013728656
0.2250450090018008,0.11010052125221959
0.2270454090818168,0.08489098021689614
0.22904580916183281,0.3291891754458763
0.23104620924184882,0.15397907237021766
0.23304660932186483,0.32622917285587893
0.23504700940187995,0.3105090072928147
0.23704740948189595,0.3959911370992941
0.23904780956191196,0.500457853132786
0.24104820964192797,-0.10528207335878009
0.24304860972194398,0.2815507067665098
0.24504900980195998,0.09465151512740969
0.247049409881976,0.32815059850483513
0.249049809961992,-0.034625579580661314
0.251050210042008,0.2586256490632657
0.253050610122024,-0.12605476016823608
0.25505101020204,0.2609872982220743
0.257051410282056,0.2553472556965688
0.25905181036207203,0.12165412107616827
0.26105221044208804,0.1793221722034462
0.26305261052210405,0.18606086856482862
0.26505301060212005,-0.047959068860118026
0.26705341068213606,0.004600048178188543
0.26905381076215207,0.30344867263426595
0.2710542108421681,0.48137649403283356
0.2730546109221841,0.4270236591344642
0.2750550110022001,-0.1341893222211783
0.2770554110822161,0.5215281089684767
0.2790558111622321,0.5356518322883537
0.2810562112422481,0.12797044371777208
0.2830566113222641,0.1337435269454543
0.2850570114022801,0.17767644897061383
0.28705741148229613,0.34948009111833034
0.28905781156231214,0.22435814395272768
0.29105821164232815,0.3647890019061082
0.29305861172234415,0.028423756816557455
0.29505901180236016,0.07644510150765613
0.29705941188237617,0.1175902210375849
0.2990598119623922,0.131252787362297
0.3010602120424082,0.3820083630851005
0.3030606121224242,0.3475941527989723
0.3050610122024402,0.4320207596733241
0.3070614122824562,0.5185893277776494
0.3090618123624722,0.383037441235593
0.3110622124424882,-0.050378699270396954
0.3130626125225042,0.22440326636031144
0.31506301260252023,0.25329413413021035
0.31706341268253624,0.36334965693950166
0.31906381276255225,0.1249680613231351
0.32106421284256825,0.6115730768343413
0.32306461292258426,0.237204973306652
0.32506501300260027,0.25321334476228896
0.3270654130826163,0.282151233426556
0.3290658131626323,0.2200618811347806
0.3310662132426483,-0.021993237555075595
0.3330666133226643,0.5751594906181927
0.3350670134026803,0.2018898193097449
0.3370674134826963,0.4566881849642975
0.3390678135627123,0.24753385810819492
0.3410682136427283,0.20866829116455465
0.34306861372274433,0.0873864571575532
0.34506901380276034,-0.018037163024050562
0.34706941388277635,0.25107646391370275
0.34906981396279235,0.24448341041332053
0.35107021404280836,0.6311474829697867
0.35307061412282437,0.3601369656800545
0.3550710142028404,0.5759650269848631
0.3570714142828564,0.04915397473012867
0.3590718143628724,0.36177478575900024
0.3610722144428884,0.46341844964890455
0.3630726145229044,0.3775978972183223
0.3650730146029204,0.38704801240320397
0.3670734146829364,0.30899732741542574
0.3690738147629524,0.12188445678908522
0.37107421484296843,0.08932093552585652
0.37307461492298444,0.5058145252702616
0.37507501500300044,0.23421911333269904
0.37707541508301645,0.2829351828152075
0.37907581516303246,0.23789734522865108
0.38107621524304847,0.19323260360708278
0.3830766153230645,0.08126641637348958
0.3850770154030805,0.6828390892401583
0.3870774154830965,-0.03022878637546439
0.3890778155631125,0.5169085478933348
0.3910782156431285,0.598959784522991
0.3930786157231445,0.4113240703465767
0.3950790158031605,0.34988511056633076
0.3970794158831765,0.4333104090396396
0.39907981596319253,0.3087516745517968
0.40108021604320854,0.5869379229176075
0.40308061612322454,0.6161559514823831
0.40508101620324055,0.5025647597848688
0.40708141628325656,0.06577530433792866
0.40908181636327257,0.5327868133066028
0.4110822164432886,0.6562893542700656
0.4130826165233046,0.523079623168195
0.4150830166033206,0.6002896492251495
0.4170834166833366,0.2592270917876329
0.4190838167633526,0.31209368033430623
0.4210842168433686,0.6708128155732389
0.4230846169233846,0.5437247688266178
0.4250850170034006,0.3629540565826015
0.42708541708341663,0.3598342935876671
0.42908581716343264,0.4199201550537797
0.43108621724344864,0.3582214280970544
0.43308661732346465,0.4208010792745235
0.43508701740348066,1.0501416028771375
0.43708741748349667,0.2825521042136381
0.4390878175635127,0.06637863533353117
0.4410882176435287,0.29440605414139986
0.4430886177235447,0.5396078679330693
0.4450890178035607,0.5509050410217152
0.4470894178835767,0.21720271367119487
0.4490898179635927,0.35881981037041477
0.4510902180436087,0.6091050683453831
0.4530906181236247,0.4162489630181625
0.45509101820364073,0.23472950240254867
0.45709141828365674,0.2785897863827468
0.45909181836367274,0.7247338030936512
0.46109221844368875,0.35419878324546383
0.46309261852370476,0.4572533802033208
0.46509301860372076,0.12876473018585527
0.46709341868373677,0.40288820642878387
0.4690938187637528,1.0168738661540062
0.4710942188437688,0.8117362836733847
0.4730946189237848,0.5064820039982125
0.4750950190038008,0.780459521449318
0.4770954190838168,0.5798891974498155
0.4790958191638328,0.9261555326255917
0.4810962192438488,0.5961595202349019
0.48309661932386483,0.7325207219481148
0.48509701940388084,0.04374534098050159
0.48709741948389684,0.545283850131078
0.48909781956391285,0.3471798436177474
0.49109821964392886,0.583803511567946
0.49309861972394486,0.5778930811962828
0.49509901980396087,0.7518655270102966
0.4970994198839769,0.685836494049851
0.4990998199639929,0.19676386592792372
0.5011002200440089,0.1102304812611663
0.5031006201240249,0.44112598063297515
0.5051010202040409,0.6340832989774656
0.5071014202840569,0.6124793724194371
0.5091018203640729,0.5008288523118494
0.5111022204440889,0.6119759760165707
0.5131026205241049,0.655355150501725
0.5151030206041209,0.5062722582237504
0.517103420684137,0.6186977623592651
0.519103820764153,0.6381005946954823
0.521104220844169,0.49086036538319444
0.523104620924185,0.7954435727339253
0.525105021004201,0.2616099085603723
0.527105421084217,0.8331213489183749
0.529105821164233,0.71378456603129
0.531106221244249,0.9383438327981394
0.533106621324265,0.2043800465889578
0.535107021404281,0.4396772209944307
0.537107421484297,0.6081047242628836
0.539107821564313,0.5650007799614509
0.541108221644329,0.4286896622858487
0.543108621724345,0.5781847414779465
0.545109021804361,0.7676873032717423
0.5471094218843771,0.548417292904534
0.5491098219643931,0.24896607899510192
0.5511102220444091,0.9345920016446728
0.5531106221244251,0.3335673786232781
0.5551110222044411,0.28343434867618134
0.5571114222844571,0.38363909208050717
0.5591118223644731,0.4074769862065052
0.5611122224444891,0.5872539685723478
0.5631126225245051,1.0558092613277732
0.5651130226045211,0.3565072412420389
0.5671134226845371,0.7560571277224781
0.5691138227645531,0.9290969344854352
0.5711142228445691,0.45581697723890024
0.5731146229245851,0.5223228091180018
0.5751150230046012,0.6050159967784852
0.5771154230846172,0.4543224285719442
0.5791158231646332,0.18403838713070675
0.5811162232446492,0.8194094863359644
0.5831166233246652,0.5822545122077698
0.5851170234046812,0.4394355555428708
0.5871174234846972,0.5452316391101435
0.5891178235647132,0.49246788538154557
0.5911182236447292,0.6757845929930066
0.5931186237247452,0.37911588587793
0.5951190238047612,0.48510329978335076
0.5971194238847772,0.5911566100816275
0.5991198239647932,0.17040289874789727
0.6011202240448092,0.5163848174967736
0.6031206241248253,0.42971255089654814
0.6051210242048413,0.690551304977038
0.6071214242848573,0.6199081828329818
0.6091218243648733,0.8258338588791605
0.6111222244448893,0.17079815685411692
0.6131226245249053,0.4520414143212995
0.6151230246049213,0.6161687458280569
0.6171234246849373,0.8370902240419166
0.6191238247649533,0.3590575381442379
0.6211242248449693,0.42123717902978874
0.6231246249249853,0.846499785630342
0.6251250250050013,1.046015577022339
0.6271254250850173,0.9280071838702275
0.6291258251650333,0.9315921735451294
0.6311262252450494,0.6762779975942549
0.6331266253250654,0.6181491995844208
0.6351270254050814,0.9736313195931992
0.6371274254850974,0.5296961002996964
0.6391278255651134,0.39442708889507616
0.6411282256451294,0.6547765765275191
0.6431286257251454,0.5275658423492607
0.6451290258051614,0.4476220962690578
0.6471294258851774,0.7730245007641916
0.6491298259651934,0.5544767865019596
0.6511302260452094,0.6429947105484822
0.6531306261252254,0.7159064864771186
0.6551310262052414,0.2562325471147609
0.6571314262852574,0.8587215515257465
0.6591318263652735,1.072618041318807
0.6611322264452895,0.8701441602243574
0.6631326265253055,-0.10296077601870957
0.6651330266053215,0.6622514802897326
0.6671334266853375,0.24705128482606525
0.6691338267653535,0.8590492655309163
0.6711342268453695,0.861341112413805
0.6731346269253855,0.6979617707214952
0.6751350270054015,0.09632190164404664
0.6771354270854175,0.6286406338781934
0.6791358271654335,0.40392362290851463
0.6811362272454495,0.6574071489601985
0.6831366273254655,0.6283414974170013
0.6851370274054815,0.8413025785760171
0.6871374274854976,0.6026944362478919
0.6891378275655136,0.9703923906316605
0.6911382276455287,0.716926962720148
0.6931386277255447,0.5339297062082053
0.6951390278055607,0.6230210738035593
0.6971394278855767,0.8995383658592007
0.6991398279655927,0.9276116057279777
0.7011402280456087,0.1100395692921573
0.7031406281256247,0.4075375400463287
0.7051410282056407,0.5226876264694175
0.7071414282856567,0.9309277587195119
0.7091418283656727,0.9026899805498447
0.7111422284456888,0.8536118243861409
0.7131426285257048,0.8813010647703883
0.7151430286057208,0.9982828530933452
0.7171434286857368,0.7691829330884105
0.7191438287657528,0.8765593360027911
0.7211442288457688,0.7466478407460869
0.7231446289257848,0.872994341940237
0.7251450290058008,0.5663163470688333
0.7271454290858168,0.49127272625414375
0.7291458291658328,0.534381964379324
0.7311462292458488,0.6126416879843669
0.7331466293258648,0.832325689257079
0.7351470294058808,1.0005000259900831
0.7371474294858968,0.5511480463344769
0.7391478295659129,1.1793253387660045
0.7411482296459289,0.6306228119007234
0.7431486297259449,0.6805120248114886
0.7451490298059609,0.73538935630934
0.7471494298859769,0.5533553236008962
0.7491498299659929,0.580990941726946
0.7511502300460089,0.6216278232672674
0.7531506301260249,0.4490377791872923
0.7551510302060409,0.521461742381907
0.7571514302860569,0.6714033568901817
0.7591518303660729,0.6070086081329348
0.7611522304460889,0.5600419067667033
0.7631526305261049,0.8962420704598845
0.7651530306061209,0.3424314038353698
0.767153430686137,0.811121827836192
0.769153830766153,0.7257243896332602
0.771154230846169,0.753623247291535
0.773154630926185,0.4528396117468874
0.775155031006201,0.5888070087682695
0.777155431086217,0.7796031538448288
0.779155831166233,0.5945409964454392
0.781156231246249,0.3967911453122293
0.783156631326265,0.6516756300161736
0.785157031406281,0.6687369196932984
0.787157431486297,0.8541996425604358
0.789157831566313,0.9369294623451855
0.791158231646329,0.7387818399593777
0.793158631726345,0.7999408671478778
0.795159031806361,0.9251060282696185
0.7971594318863771,0.6777888628632182
0.7991598319663931,0.8250796729799466
0.8011602320464091,0.43424088856062476
0.8031606321264251,0.607046129529267
0.8051610322064411,1.06377571277817
0.8071614322864571,0.9271952196721129
0.8091618323664731,0.8908635608824819
0.8111622324464891,0.5478491320455487
0.8131626325265051,0.4217773834463071
0.8151630326065211,0.5361417087909572
0.8171634326865371,0.74986251903638
0.8191638327665531,0.8368074073916686
0.8211642328465691,1.0487482455162558
0.8231646329265851,0.49231285444282913
0.8251650330066012,0.621310902042076
0.8271654330866172,1.0625562260642116
0.8291658331666332,0.41947028589007707
0.8311662332466492,0.7825960121866243
0.8331666333266652,0.3552438341601945
0.8351670334066812,0.6718921758764562
0.8371674334866972,1.1359861060129814
0.8391678335667132,0.8539359070346132
0.8411682336467292,1.0103755587102294
0.8431686337267452,0.855913024555032
0.8451690338067612,0.85385290089898
0.8471694338867772,0.4230207325552515
0.8491698339667932,1.1637618340521214
0.8511702340468092,1.0781366116543734
0.8531706341268253,0.6041140476650447
0.8551710342068413,1.0609743541674965
0.8571714342868573,0.9688359550594969
0.8591718343668733,0.8880680750642114
0.8611722344468893,0.8011353756851615
0.8631726345269053,0.7397840901895653
0.8651730346069213,1.1092396833600886
0.8671734346869373,0.7894890520429592
0.8691738347669533,0.8582446351720227
0.8711742348469693,1.0964859171033696
0.8731746349269853,0.9989259967517579
0.8751750350070013,0.5206464738993647
0.8771754350870173,0.6520540437004239
0.8791758351670333,0.6057461499097929
0.8811762352470494,0.8605001311120613
0.8831766353270654,0.6763308936214346
0.8851770354070814,0.6976176473235203
0.8871774354870974,0.728400465369005
0.8891778355671134,0.8507427146965565
0.8911782356471294,0.725595037412443
0.8931786357271454,0.9727393026432342
0.8951790358071614,0.562205354921393
0.8971794358871774,0.48556065332777537
0.8991798359671934,0.6523322928828446
0.9011802360472094,0.5807071993929611
0.9031806361272254,0.796445966862988
0.9051810362072414,0.7065889651622536
0.9071814362872574,0.5280246479037948
0.9091818363672735,0.5254829172888686
0.9111822364472895,0.8268083843669801
0.9131826365273055,0.971611580769185
0.9151830366073215,0.6515277800121001
0.9171834366873375,0.7764240835199647
0.9191838367673535,0.6666810823493716
0.9211842368473695,0.7659791305365469
0.9231846369273855,1.1499720984370831
0.9251850370074015,1.298639787857657
0.9271854370874175,0.7106693681499574
0.9291858371674335,0.6988617715356198
0.9311862372474495,0.8887548162666873
0.9331866373274655,0.8276277936157446
0.9351870374074815,0.9409573243222994
0.9371874374874976,0.7809233899742429
0.9391878375675136,0.770663194106293
0.9411882376475296,0.8965738018314883
0.9431886377275456,0.8578686304863745
0.9451890378075616,0.7142016497120872
0.9471894378875776,0.8365558322923425
0.9491898379675936,0.8382553242967566
0.9511902380476096,0.26227224929846094
0.9531906381276256,0.803847389484986
0.9551910382076416,0.9970437811626488
0.9571914382876576,0.7298609484138808
0.9591918383676736,0.669921244525987
0.9611922384476896,0.6718389294210025
0.9631926385277056,0.886736717183259
0.9651930386077217,0.6248137736762961
0.9671934386877377,0.8709063915063433
0.9691938387677537,0.8562193435690603
0.9711942388477697,0.5587869492305819
0.9731946389277857,1.0157925143648832
0.9751950390078017,1.0781428763494745
0.9771954390878177,0.8792126653319875
0.9791958391678337,0.8377759581089907
0.9811962392478497,0.7309952340689905
0.9831966393278657,0.7398014945914337
0.9851970394078817,0.7467743594006918
0.9871974394878977,0.983148054430114
0.9891978395679137,0.9501417699797186
0.9911982396479297,0.44247953938739865
0.9931986397279458,0.5414528845462092
0.9951990398079618,0.6731996727115159
0.9971994398879778,0.7469644424740345
0.9991998399679938,0.9272620606663706
1.0012002400480098,0.7342615341624698
1.0032006401280258,0.9269872059052068
1.0052010402080418,1.163550785204582
1.0072014402880578,0.7288393689749953
1.0092018403680738,0.6633963188010765
1.0112022404480898,0.622063283324203
1.0132026405281058,0.6415950439524848
1.0152030406081218,0.9604590222274336
1.0172034406881378,1.0023554902156713
1.0192038407681538,0.9770316462526268
1.0212042408481699,0.6428909475447847
1.0232046409281859,0.7770910464489064
1.0252050410082019,0.7787452050664666
1.0272054410882179,1.1991456767844437
1.0292058411682339,0.9160883235539518
1.0312062412482499,0.8800047966650856
1.033206641328266,0.9145412571951492
1.035207041408282,0.7740794977232424
1.037207441488298,0.9415938320373939
1.039207841568314,0.7663134433433277
1.04120824164833,1.1485578856821679
1.043208641728346,0.6897493400749637
1.045209041808362,0.902818273686528
1.047209441888378,1.0001151169850437
1.049209841968394,0.8510313741307853
1.05121024204841,0.893425297066249
1.053210642128426,0.8287808431448624
1.055211042208442,0.6873833246290948
1.057211442288458,1.2177904539156743
1.059211842368474,0.8002543586200165
1.06121224244849,0.6118171705365656
1.063212642528506,0.7293080730072536
1.065213042608522,1.1406414961138733
1.067213442688538,1.3312849583915358
1.069213842768554,0.9511640339835965
1.07121424284857,1.035729729647786
1.073214642928586,1.2480321992428405
1.075215043008602,0.687503533827103
1.077215443088618,0.9591099383720016
1.079215843168634,1.2469204181355413
1.08121624324865,1.0503787419318498
1.083216643328666,0.829009634886211
1.085217043408682,0.9567477147117388
1.087217443488698,1.2578672307876702
1.089217843568714,0.9165433575365876
1.09121824364873,0.7024469993656945
1.093218643728746,1.0104203006951429
1.0952190438087621,0.7083399174602557
1.0972194438887781,0.7430839469109533
1.0992198439687941,0.7978049518263389
1.1012202440488101,0.8880382376809091
1.1032206441288261,0.7235562325507945
1.1052210442088422,0.9756929706050379
1.1072214442888582,0.8249950016267241
1.1092218443688742,1.0591048343985083
1.1112222444488902,0.9044233546833657
1.1132226445289062,0.8663211684062768
1.1152230446089222,0.8751296342799828
1.1172234446889382,1.1908648399518176
1.1192238447689542,1.076250422391136
1.1212242448489702,0.6148759642016206
1.1232246449289862,0.8016327616597305
1.1252250450090022,0.9216380654994285
1.1272254450890182,0.46798829049788987
1.1292258451690342,0.989839623572555
1.1312262452490502,0.7352295249831601
1.1332266453290663,0.7588242324493143
1.1352270454090823,0.7662508832246953
1.1372274454890983,1.1592617211747616
1.1392278455691143,1.0301498208626492
1.1412282456491303,0.8190274098234941
1.1432286457291463,0.7975134593789655
1.1452290458091614,0.9437537296407802
1.1472294458891774,1.2307546661302107
1.1492298459691934,0.8610619252098023
1.1512302460492094,0.5406716053337537
1.1532306461292254,0.947729519053531
1.1552310462092414,0.9695099051152186
1.1572314462892574,0.9895313018866307
1.1592318463692735,0.9089207731811384
1.1612322464492895,0.944593853880408
1.1632326465293055,0.722010639498588
1.1652330466093215,1.1370735771789882
1.1672334466893375,0.8149226309960927
1.1692338467693535,0.8688934876561426
1.1712342468493695,0.9998929614948222
1.1732346469293855,0.9643928669415366
1.1752350470094015,1.2380410448211983
1.1772354470894175,1.1854512368625925
1.1792358471694335,0.8256535722101034
1.1812362472494495,1.3207099326622669
1.1832366473294655,1.115701538934963
1.1852370474094815,0.9525984348569747
1.1872374474894976,0.7947595438883196
1.1892378475695136,0.9151879165626404
1.1912382476495296,0.5455274371661247
1.1932386477295456,1.0382012931166336
1.1952390478095616,0.6665012563423844
1.1972394478895776,1.028649347880113
1.1992398479695936,0.8359559861739031
1.2012402480496096,0.9580041416477547
1.2032406481296256,0.8100139083253878
1.2052410482096416,0.7895759433817945
1.2072414482896576,1.0814740421190334
1.2092418483696736,0.8102767524689742
1.2112422484496896,0.7556725240959741
1.2132426485297056,0.7267470949876004
1.2152430486097217,1.1084371916458928
1.2172434486897377,0.7142806919560036
1.2192438487697537,0.9399232567217899
1.2212442488497697,1.3820320456823587
1.2232446489297857,0.8025410031979783
1.2252450490098017,0.7846377255295096
1.2272454490898177,1.1588804692825667
1.2292458491698337,0.7048457111386358
1.2312462492498497,1.1599138646150944
1.2332466493298657,0.8673735010891293
1.2352470494098817,1.1248075448088355
1.2372474494898977,1.0325839228462157
1.2392478495699137,1.0604837988417137
1.2412482496499297,0.8576368827408649
1.2432486497299458,0.8684452691747698
1.2452490498099618,0.8432152890781186
1.2472494498899778,1.213910802824063
1.2492498499699938,0.9499168641561101
1.2512502500500098,1.3391303693461025
1.2532506501300258,0.9963177524650993
1.2552510502100418,0.9136835467514012
1.2572514502900578,0.9079996797768285
1.2592518503700738,0.8124296610757464
1.2612522504500898,0.9973301175493581
1.2632526505301058,0.9353905288414186
1.2652530506101218,0.8308307241248943
1.2672534506901378,0.9424556127487353
1.2692538507701538,0.8547903495987348
1.2712542508501699,1.0128654835824173
1.2732546509301859,1.099078818568647
1.2752550510102019,0.8311533910715173
1.2772554510902179,0.865831874103921
1.2792558511702339,0.7770009450194628
1.28125625125025,1.1851556043671272
1.283256651330266,0.603967712816416
1.285257051410282,0.8278202873106697
1.287257451490298,1.1019094670027312
1.289257851570314,0.8343866432219864
1.29125825165033,0.8276229635378486
1.293258651730346,1.096205163251322
1.295259051810362,0.5087614167193211
1.297259451890378,0.968647291117837
1.299259851970394,0.8533288242677719
1.30126025205041,0.8579265142361755
1.303260652130426,1.177894944888389
1.305261052210442,0.9608490026280048
1.307261452290458,0.7346551298336123
1.309261852370474,0.6701069850821574
1.31126225245049,0.9543987302269373
1.313262652530506,0.6915732610934862
1.315263052610522,1.2087680872984432
1.317263452690538,0.7472625744296281
1.319263852770554,0.9660749118169537
1.32126425285057,0.5799854706093063
1.323264652930586,0.5904552973945884
1.325265053010602,0.9280846254452723
1.327265453090618,1.6102886657159332
1.329265853170634,0.8585714192403611
1.33126625325065,1.1095661690766119
1.333266653330666,0.8732423210782698
1.335267053410682,1.1757597298463236
1.337267453490698,0.9545175278120114
1.339267853570714,0.7240257784621138
1.34126825365073,0.9238994324537285
1.343268653730746,0.6179520691837515
1.3452690538107621,0.7969343177816325
1.3472694538907781,1.0514176886504962
1.3492698539707941,0.8446331164681504
1.3512702540508101,0.8889399678290243
1.3532706541308261,1.1641660277233035
1.3552710542108422,0.8765569633781485
1.3572714542908582,1.0797440420143403
1.3592718543708742,0.8585484437746609
1.3612722544508902,1.161446071508878
1.3632726545309062,1.2404546178731308
1.3652730546109222,0.5853630253491188
1.3672734546909382,0.7823651286140669
1.3692738547709542,0.9326676221602415
1.3712742548509702,0.8432303704295699
1.3732746549309862,1.1521003643648897
1.3752750550110022,1.024818932454949
1.3772754550910182,0.7921875881209561
1.3792758551710342,1.2652255020514964
1.3812762552510502,1.2618733823781016
1.3832766553310663,0.716338697792799
1.3852770554110823,0.8617166314159114
1.3872774554910983,1.1500853743111015
1.3892778555711143,1.1693351097762001
1.3912782556511303,1.2646817223599498
1.3932786557311463,1.4786834785376795
1.3952790558111623,1.0682413731982603
1.3972794558911783,1.2403150951683162
1.3992798559711943,1.519519138800498
1.4012802560512103,0.9827494527419841
1.4032806561312263,0.8291802485284624
1.4052810562112423,1.037314263421455
1.4072814562912583,1.3053071160116674
1.4092818563712743,1.3496210589763211
1.4112822564512904,1.016617716363289
1.4132826565313064,0.9545971150506345
1.4152830566113224,0.7330661884280367
1.4172834566913384,1.0042060604278824
1.4192838567713544,0.7528387528232845
1.4212842568513704,0.7944384865553212
1.4232846569313864,1.0363845112155339
1.4252850570114024,0.7339400143002831
1.4272854570914184,1.0607893199256138
1.4292858571714344,1.1797952567754368
1.4312862572514504,0.7796809954556322
1.4332866573314664,0.87275692539104
1.4352870574114824,0.7015285580783814
1.4372874574914984,1.1098290728459381
1.4392878575715145,0.6938290719745592
1.4412882576515305,1.1315412067861725
1.4432886577315465,1.0498434981121778
1.4452890578115625,1.4239025532760174
1.4472894578915785,1.326791671127356
1.4492898579715945,0.7551988088768664
1.4512902580516105,1.3578837705371671
1.4532906581316265,0.8861633200596577
1.4552910582116425,0.8319685191347401
1.4572914582916585,0.8919927038721838
1.4592918583716745,0.9361732751460591
1.4612922584516905,1.425839203473908
1.4632926585317065,0.4311904773233056
1.4652930586117225,1.3648890107594507
1.4672934586917386,1.1605480740524687
1.4692938587717546,1.0284146500892943
1.4712942588517706,0.8752891631700193
1.4732946589317866,0.9767316594005965
1.4752950590118026,1.165703723917349
1.4772954590918186,1.1880289027195805
1.4792958591718346,0.8295351732557915
1.4812962592518506,1.1506953989610194
1.4832966593318666,0.8785504032337148
1.4852970594118826,0.9611273198726318
1.4872974594918986,1.25902072098537
1.4892978595719146,1.155404870827276
1.4912982596519306,0.6730931504436255
1.4932986597319466,1.0239871255951487
1.4952990598119626,1.0810255175934982
1.4972994598919787,1.0270500005042595
1.4992998599719947,0.4940471347934994
1.5013002600520107,0.7266598256779981
1.5033006601320267,0.6430329540026687
1.5053010602120427,0.8710291967051715
1.5073014602920587,1.0255607335136754
1.5093018603720747,0.8936791820741496
1.5113022604520907,0.8740348326555473
1.5133026605321067,0.650133731371831
1.5153030606121227,0.7486994831042042
1.5173034606921387,0.8074636075270837
1.5193038607721547,1.1750075477185205
1.5213042608521707,1.085001182169311
1.5233046609321867,1.1556626750740868
1.5253050610122028,1.0913536068730685
1.5273054610922188,1.1635153693472766
1.5293058611722348,0.7259483000594553
1.5313062612522508,1.2664600037678944
1.5333066613322668,1.2089063938821716
1.5353070614122828,0.9245961574399539
1.5373074614922988,1.1934354261405826
1.5393078615723148,1.2426693616690525
1.5413082616523308,0.9889681204695286
1.5433086617323468,1.1070653575296197
1.5453090618123628,0.8958461548256252
1.5473094618923788,1.2637120434328564
1.5493098619723948,0.9093468190926152
1.5513102620524108,1.0625766601936586
1.5533106621324269,0.9912407639132511
1.5553110622124429,0.8833746564825905
1.5573114622924589,0.6589672394014435
1.5593118623724749,1.1771680772539264
1.5613122624524909,0.992865117244174
1.563312662532507,1.3663175965524537
1.565313062612523,1.2433290564846944
1.567313462692539,1.2404779983274465
1.569313862772555,1.1466790501250497
1.571314262852571,1.150847782873385
1.573314662932587,1.031283002554119
1.575315063012603,1.1648929275197442
1.577315463092619,0.9103959513843913
1.579315863172635,0.5115748103520543
1.581316263252651,1.1414898301611793
1.583316663332667,1.1459495434000397
1.585317063412683,0.7355767880703049
1.587317463492699,1.1026080323232779
1.589317863572715,1.0994765943686844
1.591318263652731,1.2155993996659957
1.593318663732747,0.9786085495563377
1.595319063812763,0.6952948145479023
1.597319463892779,0.9028518886907987
1.599319863972795,0.9020751334302638
1.6013202640528101,0.976080949276061
1.6033206641328261,1.0238945072114478
1.6053210642128422,0.9519424708406923
1.6073214642928582,1.0785461255412436
1.6093218643728742,0.7796235789770336
1.6113222644528902,1.0711471024907042
1.6133226645329062,0.8473069009065696
1.6153230646129222,0.9587214327670622
1.6173234646929382,0.6331459608373691
1.6193238647729542,1.187563386324381
1.6213242648529702,0.9374994232688316
1.6233246649329862,1.0663808020088847
1.6253250650130022,0.8342796076321438
1.6273254650930182,0.8864460957245119
1.6293258651730342,0.8050769273160312
1.6313262652530502,1.0299294856964494
1.6333266653330663,1.113097396301033
1.6353270654130823,0.7976830766379147
1.6373274654930983,1.0257717696052007
1.6393278655731143,0.9486747267557534
1.6413282656531303,1.0363378986625627
1.6433286657331463,0.8176809368514522
1.6453290658131623,1.0902278610945635
1.6473294658931783,0.9413035039295782
1.6493298659731943,0.969233622702376
1.6513302660532103,1.4648646643377883
1.6533306661332263,0.6442047307781141
1.6553310662132423,1.1044790622751541
1.6573314662932583,1.083307197479814
1.6593318663732743,1.122191407228342
1.6613322664532904,1.1130449290117326
1.6633326665333064,1.0343755948800442
1.6653330666133224,1.0772117699890171
1.6673334666933384,1.5325002281839897
1.6693338667733544,0.960685487774451
1.6713342668533704,0.9584136114852725
1.6733346669333864,0.7813453523785879
1.6753350670134024,0.8295494807229307
1.6773354670934184,1.0390484104685458
1.6793358671734344,1.067911440499384
1.6813362672534504,0.9713578104449424
1.6833366673334664,1.1241627955909976
1.6853370674134824,0.9132769440135311
1.6873374674934984,1.490268799680973
1.6893378675735145,1.0235192562223268
1.6913382676535305,1.127520802378572
1.6933386677335465,1.0248073225832692
1.6953390678135625,0.8718007281278144
1.6973394678935785,0.890571532399641
1.6993398679735945,0.762400275693238
1.7013402680536105,0.6470150536792709
1.7033406681336265,1.1811895311934355
1.7053410682136425,0.8691136108560787
1.7073414682936585,0.9778446964206157
1.7093418683736745,1.2969694640274096
1.7113422684536905,1.2239263780614653
1.7133426685337065,1.019845121855878
1.7153430686137225,0.9474365048164777
1.7173434686937386,0.9586003132676538
1.7193438687737546,1.4294870259768673
1.7213442688537706,1.0231671991565625
1.7233446689337866,1.5867684248422531
1.7253450690138026,0.7279558435677707
1.7273454690938186,0.9971613746609082
1.7293458691738346,1.2206108533854978
1.7313462692538506,1.2031593299632957
1.7333466693338666,1.1131366892144328
1.7353470694138826,0.8644294917299424
1.7373474694938986,0.7235561532775323
1.7393478695739146,0.9500665007439861
1.7413482696539306,1.1941424646884469
1.7433486697339466,1.3251542856426721
1.7453490698139627,1.006973557072326
1.7473494698939787,0.9648312901683307
1.7493498699739947,1.0258568802892318
1.7513502700540107,1.0277708704446096
1.7533506701340267,1.220708623414521
1.7553510702140427,0.9093454900101813
1.7573514702940587,0.9589929782807174
1.7593518703740747,1.0746776994152059
1.7613522704540907,0.8554527473250627
1.7633526705341067,0.7976432827557622
1.7653530706141227,1.2618489231167054
1.7673534706941387,0.9759487070013183
1.7693538707741547,1.1584830087292803
1.7713542708541707,1.118011138132947
1.7733546709341867,0.7044835085114065
1.7753550710142028,0.8486511073492639
1.7773554710942188,0.9915012712647456
1.7793558711742348,0.9302132647000714
1.7813562712542508,1.0268730040894818
1.7833566713342668,1.0146135901686997
1.7853570714142828,1.13419169023328
1.7873574714942988,0.9679116793852591
1.7893578715743148,0.990100065719948
1.7913582716543308,0.6882954902414584
1.7933586717343468,0.8551099133779632
1.7953590718143628,0.8645689801051761
1.7973594718943788,0.8856357295070816
1.7993598719743948,0.899782003639407
1.8013602720544108,1.0935316820323078
1.8033606721344269,1.3274932636020684
1.8053610722144429,0.7026515940044731
1.8073614722944589,0.932097542330071
1.8093618723744749,0.7984679956801112
1.8113622724544909,0.70352402298632
1.813362672534507,0.8651570365156698
1.815363072614523,0.7597275477250954
1.817363472694539,1.016275571131337
1.819363872774555,0.936742512275948
1.821364272854571,0.9090793748695991
1.823364672934587,1.0298437682358212
1.825365073014603,0.6814170320617788
1.827365473094619,0.7647002087075394
1.829365873174635,1.037773660282283
1.831366273254651,0.7615404712811726
1.833366673334667,0.5573778465677897
1.835367073414683,1.285679591207829
1.837367473494699,1.0331121839957682
1.839367873574715,1.1673697177215905
1.841368273654731,0.818551171187848
1.843368673734747,0.686575190883006
1.845369073814763,1.020089611999093
1.847369473894779,0.7416594230262312
1.849369873974795,1.1653022529978012
1.851370274054811,1.0086017673471157
1.853370674134827,0.9993616712222995
1.855371074214843,1.0009878335288709
1.857371474294859,1.3659694802052122
1.859371874374875,1.089629527121218
1.861372274454891,0.9175635072692807
1.863372674534907,0.984844932200597
1.865373074614923,0.7829446926500391
1.867373474694939,0.8515040700453473
1.869373874774955,1.2060412067124355
1.871374274854971,0.9636655873464093
1.873374674934987,1.1071179220705636
1.8753750750150031,0.776068065225064
1.8773754750950191,1.122667144193489
1.8793758751750351,0.9132110435436521
1.8813762752550511,0.9976202310682698
1.8833766753350671,0.9636391200157546
1.8853770754150831,0.9873519924598049
1.8873774754950992,0.9284536903922457
1.8893778755751152,1.2065288119963573
1.8913782756551312,0.6480295954953028
1.8933786757351472,1.0551131507987266
1.8953790758151632,0.8141050648960473
1.8973794758951792,0.7558943178013684
1.8993798759751952,1.3741465185736685
1.9013802760552112,0.7556597909392277
1.9033806761352272,0.581750112864499
1.9053810762152432,1.1357207087072922
1.9073814762952592,0.8452230231088564
1.9093818763752752,1.1981463275766226
1.9113822764552912,0.4922884480773633
1.9133826765353072,1.3126307724915456
1.9153830766153233,1.1299019324529938
1.9173834766953393,0.8989351483140967
1.9193838767753553,0.5933293889774013
1.9213842768553713,0.6728664249875753
1.9233846769353873,0.8002192587107416
1.9253850770154033,1.0805119038748034
1.9273854770954193,0.7646985069904415
1.9293858771754353,0.52635872634339
1.9313862772554513,0.9812646319388683
1.9333866773354673,1.1342402355426877
1.9353870774154833,1.3736829113742983
1.9373874774954993,0.7284176648214837
1.9393878775755153,0.7488133340104135
1.9413882776555313,0.33333187217064353
1.9433886777355474,0.6218941148363251
1.9453890778155634,0.717398555211584
1.9473894778955794,0.7512540944529358
1.9493898779755954,0.8224348531603157
1.9513902780556114,1.0468005540008976
1.9533906781356274,1.0299982255745268
1.9553910782156434,0.8241951733735099
1.9573914782956594,0.9292432665116714
1.9593918783756754,0.6538891301969402
1.9613922784556914,0.811582515915832
1.9633926785357074,0.6655157740597034
1.9653930786157234,0.7751873689486826
1.9673934786957394,1.2935175378261854
1.9693938787757554,0.9506705115655013
1.9713942788557715,0.8019797132130132
1.9733946789357875,1.0156162100963686
1.9753950790158035,0.8402903194122691
1.9773954790958195,1.2552490672746663
1.9793958791758355,0.9882046867496365
1.9813962792558515,0.6847449409085409
1.9833966793358675,1.1798845436970586
1.9853970794158835,1.0391352386238235
1.9873974794958995,1.0079238550867493
1.9893978795759155,1.07895203729408
1.9913982796559315,1.0586245685603313
1.9933986797359475,1.0144107997886975
1.9953990798159635,0.8788994321555857
1.9973994798959795,1.0916635119852889
1.9993998799759956,0.875107801905849
2.0014002800560116,1.1743489947393597
2.0034006801360276,1.007471649288733
2.0054010802160436,0.9445078522865544
2.0074014802960596,1.0326961932955618
2.0094018803760756,0.9369569006541267
2.0114022804560916,1.1594698017485492
2.0134026805361076,1.093414985320371
2.0154030806161236,0.9173626545650055
2.0174034806961396,0.25017940825512996
2.0194038807761556,1.0736745758366133
2.0214042808561716,0.9835053241420202
2.0234046809361876,1.384748728415713
2.0254050810162036,0.6385690843545655
2.0274054810962197,0.8538621944087017
2.0294058811762357,0.587404179376885
2.0314062812562517,0.7501986772737382
2.0334066813362677,1.206481866241569
2.0354070814162837,0.5610753594074505
2.0374074814962997,0.6146129880310347
2.0394078815763157,1.0081897348057145
2.0414082816563317,0.9300303254901066
2.0434086817363477,0.8245288527230741
2.0454090818163637,0.37626589341618477
2.0474094818963797,1.1417996047837426
2.0494098819763957,0.8406141475118263
2.0514102820564117,0.6826188651124132
2.0534106821364277,0.9500827815745704
2.0554110822164438,1.1360723972869047
2.057411482296459,0.8306698148248564
2.059411882376475,0.7531223503533201
2.061412282456491,0.8891448055272742
2.063412682536507,0.9576598966366541
2.065413082616523,0.9753677867221677
2.067413482696539,0.8300059820401106
2.069413882776555,1.1243699768042839
2.071414282856571,0.7017179089854519
2.073414682936587,0.8417714550388136
2.075415083016603,0.839873349731724
2.077415483096619,0.5662929345568731
2.079415883176635,0.9460246517723269
2.081416283256651,0.8911236901547572
2.083416683336667,0.8333134763008777
2.085417083416683,0.971677823350243
2.087417483496699,0.8305049380473485
2.089417883576715,1.1505040278220453
2.091418283656731,0.9616258216642347
2.093418683736747,0.9414834212867147
2.095419083816763,0.7307245806622036
2.097419483896779,0.4868862508831377
2.099419883976795,1.024065343687646
2.101420284056811,0.4848039617550745
2.103420684136827,0.8078952005985238
2.105421084216843,1.0365933527349604
2.107421484296859,0.6859702536647978
2.109421884376875,0.7661842442841547
2.111422284456891,0.5785550043730843
2.113422684536907,0.6719657758133581
2.115423084616923,0.6962735962592815
2.117423484696939,0.7618132192284094
2.119423884776955,0.879095102208932
2.121424284856971,0.8984685024407402
2.123424684936987,1.140285891977029
2.125425085017003,0.7528168031126151
2.127425485097019,0.9603715259176101
2.129425885177035,0.7208674883046859
2.131426285257051,1.1820990100305795
2.133426685337067,0.870558826372278
2.135427085417083,0.8033781189676746
2.137427485497099,0.6853812278577673
2.139427885577115,1.0238517446485165
2.141428285657131,0.867510119379888
2.143428685737147,0.8813781984710225
2.145429085817163,0.6281722647509882
2.147429485897179,0.6818520778959587
2.149429885977195,0.4848761798732513
2.151430286057211,0.7342449762508244
2.153430686137227,0.7391336930162234
2.155431086217243,0.5650068555565271
2.1574314862972592,0.8183309087518346
2.1594318863772752,0.7620518448415322
2.1614322864572912,0.6854001257008833
2.1634326865373072,0.6579958095094158
2.1654330866173233,0.861507963174502
2.1674334866973393,0.6715953414830671
2.1694338867773553,1.1549836780732763
2.1714342868573713,0.7882450332740837
2.1734346869373873,1.0075258878555153
2.1754350870174033,0.5935999784363918
2.1774354870974193,0.7891414122712548
2.1794358871774353,0.6297933805591779
2.1814362872574513,0.9044958913821115
2.1834366873374673,0.8056445415499748
2.1854370874174833,1.2126981616865693
2.1874374874974993,0.7401566782909796
2.1894378875775153,0.46259651189341644
2.1914382876575313,0.8015712673760613
2.1934386877375474,0.851906007013483
2.1954390878175634,0.6859065480861286
2.1974394878975794,0.6591849372794382
2.1994398879775954,0.569321639096297
2.2014402880576114,0.9039432268443676
2.2034406881376274,0.9247805534788903
2.2054410882176434,1.291594093026334
2.2074414882976594,0.7707264314963357
2.2094418883776754,0.8334448189331353
2.2114422884576914,0.7533536859375283
2.2134426885377074,1.341896800969884
2.2154430886177234,0.9228626954233246
2.2174434886977394,0.7985538066818786
2.2194438887777554,1.2174672964238753
2.2214442888577715,0.7837908058226101
2.2234446889377875,1.5028972585488942
2.2254450890178035,1.126040070620112
2.2274454890978195,0.7878094276768927
2.2294458891778355,0.8933423688689281
2.2314462892578515,0.8149745915340854
2.2334466893378675,0.9391746772062501
2.2354470894178835,0.6712128518559952
2.2374474894978995,1.2052545844840266
2.2394478895779155,0.6541137948483835
2.2414482896579315,0.83435627653094
2.2434486897379475,0.8556403392248915
2.2454490898179635,0.7178404461547596
2.2474494898979795,0.5218452787457217
2.2494498899779956,0.8266233213803452
2.2514502900580116,0.8267121767728287
2.2534506901380276,0.7101314326250266
2.2554510902180436,0.7167541912176051
2.2574514902980596,0.8042080355840154
2.2594518903780756,1.0212013915868001
2.2614522904580916,1.0057535612306658
2.2634526905381076,0.8658681798552953
2.2654530906181236,0.6825146817192316
2.2674534906981396,0.698988019745194
2.2694538907781556,0.7169608076411638
2.2714542908581716,0.6743683536252575
2.2734546909381876,0.5427755141678074
2.2754550910182036,0.6059302712509236
2.2774554910982197,0.8810071299737736
2.2794558911782357,0.6308315411847452
2.2814562912582517,0.7651391949024008
2.2834566913382677,0.756843172263608
2.2854570914182837,0.8471076608505288
2.2874574914982997,0.6219511093732337
2.2894578915783157,0.09104170189620198
2.2914582916583317,0.6280681871696758
2.2934586917383477,0.565231596361401
2.2954590918183637,0.3285902324480625
2.2974594918983797,0.6367319029577343
2.2994598919783957,0.6091477343249285
2.3014602920584117,0.7392441512409588
2.3034606921384277,0.8482661281802489
2.3054610922184438,1.1169674921755988
2.3074614922984598,0.7593484251458358
2.3094618923784758,0.7453903977111608
2.3114622924584918,1.1375957413898878
2.313462692538508,0.4828613647155146
2.315463092618524,0.4947071452008326
2.31746349269854,0.8544116055124171
2.319463892778556,0.9956827949786586
2.321464292858572,1.01764035753562
2.323464692938588,0.3689549121724742
2.325465093018604,0.373379042847941
2.32746549309862,0.7037046448061471
2.329465893178636,0.8675446499418211
2.331466293258652,0.6481060288998519
2.333466693338668,0.4875675689594947
2.335467093418684,0.466953872031186
2.3374674934987,0.9274532508259826
2.339467893578716,0.932145102922669
2.341468293658732,0.8435598517770374
2.343468693738748,0.706023626053207
2.345469093818764,0.5411063092989059
2.34746949389878,0.3316191824723579
2.349469893978796,0.41138494282431054
2.351470294058812,0.3028134724107503
2.353470694138828,0.6489924746900021
2.355471094218844,0.8007597934112449
2.35747149429886,0.7193621482088467
2.359471894378876,0.9880168742755904
2.361472294458892,0.7391289128575875
2.363472694538908,0.37315840777506304
2.365473094618924,0.6731698035977212
2.36747349469894,0.6778309925142594
2.369473894778956,0.7975598608244686
2.371474294858972,0.8657230539347441
2.373474694938988,0.7892054207385633
2.375475095019004,0.5960036370450791
2.37747549509902,0.9679536209107373
2.379475895179036,0.8577940357568877
2.381476295259052,0.17091078838024143
2.383476695339068,0.8402010423218222
2.385477095419084,0.5090193700703791
2.3874774954991,0.3336990207239489
2.389477895579116,0.7335493340822026
2.391478295659132,1.1464076861731485
2.393478695739148,0.669640566833576
2.395479095819164,0.6209822551919181
2.39747949589918,0.696630543948702
2.399479895979196,1.1539387020414742
2.401480296059212,0.6207669804355586
2.403480696139228,0.8695701159634476
2.405481096219244,0.5917901342330568
2.40748149629926,0.5537877987902442
2.409481896379276,0.9508831548669252
2.411482296459292,0.4464542334523154
2.413482696539308,0.8147825759194367
2.415483096619324,0.5956115764780014
2.41748349669934,0.5110327656819429
2.419483896779356,0.5773680545188458
2.421484296859372,0.20920427283042992
2.423484696939388,0.4479425202726638
2.425485097019404,0.6832556237497985
2.42748549709942,0.6054213083125439
2.429485897179436,0.4642621240365392
2.431486297259452,0.9482460594819762
2.433486697339468,0.45171825423805095
2.435487097419484,0.936311879157145
2.4374874974995,0.6767356126021988
2.4394878975795162,0.5931499955645932
2.4414882976595322,0.663019644737058
2.4434886977395482,0.7014994807741233
2.4454890978195643,0.4501058869603829
2.4474894978995803,0.45400315863973445
2.4494898979795963,0.5980799940200866
2.4514902980596123,0.7240157733441931
2.4534906981396283,0.7678111466416935
2.4554910982196443,0.882621764563485
2.4574914982996603,0.3862558892356136
2.4594918983796763,0.7017716212536859
2.4614922984596923,0.6262796032393666
2.4634926985397083,0.5207556955926218
2.4654930986197243,1.0264869176040512
2.4674934986997403,0.7106123918078391
2.4694938987797563,0.9084159802222533
2.4714942988597723,-0.05168213803828403
2.4734946989397883,0.8289076628370087
2.4754950990198044,0.7251395069334361
2.4774954990998204,0.7567122359871673
2.4794958991798364,0.5561647630769939
2.4814962992598524,1.035329862196175
2.4834966993398684,0.5722367259740694
2.4854970994198844,0.6062878637046984
2.4874974994999004,0.41277162732402617
2.4894978995799164,0.5989891132019345
2.4914982996599324,0.570344164475949
2.4934986997399484,0.8180769438568343
2.4954990998199644,0.7290125885744475
2.4974994998999804,0.8351355061037041
2.4994998999799964,0.5773198801456055
2.5015003000600124,0.5294002610929525
2.5035007001400285,0.7724880240664994
2.5055011002200445,0.6256458021926514
2.5075015003000605,0.12038223476857807
2.5095019003800765,0.5002998425755973
2.5115023004600916,0.15196824757887994
2.5135027005401076,0.42449341555919684
2.5155031006201236,0.7911924008950726
2.5175035007001396,0.5170631207633698
2.5195039007801556,0.5288383161720195
2.5215043008601716,0.5422745946609178
2.5235047009401876,0.5816780821598064
2.5255051010202036,0.510891358283457
2.5275055011002197,0.939545992634019
2.5295059011802357,0.23390394052421148
2.5315063012602517,0.6187210909237741
2.5335067013402677,0.6825348637880067
2.5355071014202837,0.39069406441813653
2.5375075015002997,0.697139895139016
2.5395079015803157,0.43278669494948535
2.5415083016603317,0.6606783152316327
2.5435087017403477,0.31069364921446846
2.5455091018203637,0.5789053845451115
2.5475095019003797,1.0057089343765617
2.5495099019803957,0.3770836045869683
2.5515103020604117,0.47334085503558654
2.5535107021404277,0.884706370358182
2.5555111022204438,0.8003925179636737
2.5575115023004598,0.9011392995313023
2.5595119023804758,0.475908443230512
2.5615123024604918,0.6174723953418852
2.563512702540508,0.638650933712668
2.565513102620524,0.3893426247236743
2.56751350270054,0.3195376548511982
2.569513902780556,0.2932077998484073
2.571514302860572,0.4393983326204643
2.573514702940588,0.282444448088263
2.575515103020604,0.40094459615929556
2.57751550310062,0.333469905093283
2.579515903180636,0.6353835735658997
2.581516303260652,0.6102516187540745
2.583516703340668,0.415270852594425
2.585517103420684,0.4595244776915438
2.5875175035007,0.6452605612385529
2.589517903580716,0.45347114629811575
2.591518303660732,0.4036714380515597
2.593518703740748,0.25520351505379674
2.595519103820764,0.7804147360353255
2.59751950390078,0.19341774310231408
2.599519903980796,0.4528093646585681
2.601520304060812,0.3371328975903492
2.603520704140828,0.5415725956424634
2.605521104220844,0.4212903429813801
2.60752150430086,0.5257970683598224
2.609521904380876,0.3391896523072223
2.611522304460892,0.41487226568065433
2.613522704540908,0.23442656706314435
2.615523104620924,0.3004857910002126
2.61752350470094,0.4077831656900179
2.619523904780956,0.5315325082232392
2.621524304860972,0.4675469648515899
2.623524704940988,0.7679284667595059
2.625525105021004,0.19079886501496668
2.62752550510102,0.4394037832709541
2.629525905181036,0.03538628409451938
2.631526305261052,0.4549915144005946
2.633526705341068,0.35231476607682133
2.635527105421084,0.38153246553219644
2.6375275055011,0.34662822111990654
2.639527905581116,0.5682190997449653
2.641528305661132,0.5354699955113971
2.643528705741148,0.23653324019059818
2.645529105821164,0.4308609383729478
2.64752950590118,0.17005732603385715
2.649529905981196,0.13090339293178105
2.651530306061212,0.5508043803023461
2.653530706141228,0.24146670454817645
2.655531106221244,0.34435854968567814
2.65753150630126,0.5092314142775599
2.659531906381276,0.46008141448977274
2.661532306461292,0.7425957684759233
2.663532706541308,0.20866942340376882
2.665533106621324,0.702181184593694
2.66753350670134,0.5721973973650979
2.669533906781356,0.606713198257788
2.671534306861372,0.37461598594829826
2.673534706941388,0.26077352346042715
2.675535107021404,0.46839268485370783
2.67753550710142,0.25624410809334075
2.679535907181436,0.24805110165334257
2.681536307261452,0.47411073753212263
2.683536707341468,0.652634171665291
2.685537107421484,0.11963339746908785
2.6875375075015002,0.7000014883527753
2.6895379075815162,0.1884871337994656
2.6915383076615322,0.37370953044781885
2.6935387077415482,0.37503304712966085
2.6955391078215643,0.3345710635266045
2.6975395079015803,0.38222199243019117
2.6995399079815963,0.45465504986744965
2.7015403080616123,0.6804794727228842
2.7035407081416283,0.383769392726127
2.7055411082216443,0.23985530017041945
2.7075415083016603,0.2067679085246043
2.7095419083816763,0.482559142061044
2.7115423084616923,0.5803932697796002
2.7135427085417083,0.28530484894523545
2.7155431086217243,0.5965860683166919
2.7175435087017403,0.8451896411697726
2.7195439087817563,0.6735162222667191
2.7215443088617723,0.26291049681531503
2.7235447089417884,0.6122356815576928
2.7255451090218044,0.5891455495691236
2.7275455091018204,0.4149473436931745
2.7295459091818364,0.579941074361775
2.7315463092618524,0.5507965021231681
2.7335467093418684,0.6462876632314896
2.7355471094218844,0.5107460685019839
2.7375475095019004,0.5441030449552683
2.7395479095819164,0.18723536511051866
2.7415483096619324,0.38903399652177145
2.7435487097419484,0.23763829139453843
2.7455491098219644,0.6248630716428156
2.7475495099019804,0.11230995245868752
2.7495499099819964,-0.055610002774610034
2.7515503100620124,0.0970512839033092
2.7535507101420285,0.33282317730812283
2.7555511102220445,-0.028187419695016758
2.7575515103020605,-0.003923389243492947
2.7595519103820765,0.5057998463529493
2.7615523104620925,0.09235230167142261
2.7635527105421085,0.5700916230179947
2.7655531106221245,0.10285613633650936
2.7675535107021405,-0.061974162304501534
2.7695539107821565,0.1577638028291347
2.7715543108621725,0.10402710766682399
2.7735547109421885,0.10114360780816317
2.7755551110222045,0.33601263571005546
2.7775555111022205,0.3900967874209889
2.7795559111822365,0.630616655168752
2.7815563112622526,0.27977975952853507
2.7835567113422686,0.4077489696456233
2.7855571114222846,0.08271963889207706
2.7875575115023006,0.16513358932484684
2.7895579115823166,0.6048492984446577
2.7915583116623326,0.6238589184257526
2.7935587117423486,0.6585412502197541
2.7955591118223646,0.31402137375195255
2.7975595119023806,0.07242122814585689
2.7995599119823966,0.1791444714635125
2.8015603120624126,0.2679537971944014
2.8035607121424286,0.21859956044497875
2.8055611122224446,0.3524076190892536
2.8075615123024606,0.4781103062726544
2.8095619123824767,0.12016188929440741
2.8115623124624927,0.7075708269380445
2.8135627125425087,0.3370727333291026
2.8155631126225247,0.5918611572992079
2.8175635127025407,0.40307349880092186
2.8195639127825567,0.7477307260978696
2.8215643128625727,0.08196569346647589
2.8235647129425887,0.20995026746196477
2.8255651130226047,0.2087083553752935
2.8275655131026207,0.34545685662371145
2.8295659131826367,0.33213753396149487
2.8315663132626527,0.38285363452419535
2.8335667133426687,0.33116983229090263
2.8355671134226847,0.4127427461384266
2.8375675135027008,0.20258902739399107
2.8395679135827168,0.39096903393820903
2.8415683136627328,0.8585453859067241
2.8435687137427488,0.29453291632852935
2.845569113822765,0.0028619143893026666
2.847569513902781,0.16438419580969427
2.849569913982797,0.1959835206897687
2.851570314062813,0.1088000072230429
2.853570714142829,0.3085002578392607
2.855571114222845,0.4419386328428188
2.857571514302861,0.02018599545714389
2.859571914382877,-0.06056731091302453
2.861572314462893,0.7711730839068702
2.863572714542909,0.08691475418363245
2.865573114622925,0.5552140384184981
2.867573514702941,0.4228310155513511
2.869573914782957,0.1479630416115032
2.871574314862973,0.10918874770591033
2.873574714942989,0.14391292055929777
2.875575115023005,0.17449456999620688
2.877575515103021,0.3848114126087731
2.879575915183037,-0.01951110960471658
2.881576315263053,0.5134680751364923
2.883576715343069,0.1273287708727706
2.885577115423085,-0.03942539603844186
2.887577515503101,0.28830454307900116
2.889577915583117,0.7300582730533192
2.891578315663133,0.07948637577802273
2.893578715743149,0.27125267533703196
2.895579115823165,0.27182127119226707
2.897579515903181,0.618666965185232
2.899579915983197,0.051934431510647916
2.901580316063213,0.42496457266905807
2.903580716143229,-0.04889136871180774
2.905581116223245,0.27829085525924263
2.907581516303261,0.3792563302011468
2.909581916383277,0.43071976109175797
2.911582316463293,-0.04565262326708719
2.913582716543309,-0.17654676861685425
2.915583116623325,0.18460072809261566
2.917583516703341,0.10817139960816279
2.919583916783357,-0.06369522857418586
2.921584316863373,-0.04288810845879576
2.923584716943389,0.1206675967949777
2.925585117023405,0.5561699744868589
2.927585517103421,-0.03397110889015642
2.929585917183437,0.38872153594319003
2.931586317263453,-0.0857867930555957
2.933586717343469,0.05578173490415636
2.935587117423485,-0.10189090214511165
2.937587517503501,0.6371367172186653
2.939587917583517,0.3919198535899645
2.941588317663533,0.3389483826261062
2.943588717743549,0.32677964909620194
2.945589117823565,0.03328729661662422
2.947589517903581,0.1999062308393384
2.949589917983597,-0.018238273406439076
2.951590318063613,0.7276919268885499
2.953590718143629,-0.03804302629018877
2.955591118223645,0.012812382146682955
2.957591518303661,0.5036919027571285
2.959591918383677,0.16004530674837483
2.961592318463693,0.29982024794632467
2.963592718543709,0.1607552363333628
2.965593118623725,0.03722118861810478
2.9675935187037403,0.03542984003622851
2.9695939187837563,0.3436726729041618
2.9715943188637723,0.2146548863080371
2.9735947189437884,0.40781095994440175
2.9755951190238044,0.40331616601647524
2.9775955191038204,0.2786604266382644
2.9795959191838364,0.3708261587928996
2.9815963192638524,0.2667346677797561
2.9835967193438684,0.23343081905133556
2.9855971194238844,0.09057587045616954
2.9875975195039004,-0.18504218947108786
2.9895979195839164,0.024496693521431495
2.9915983196639324,0.43887316529368586
2.9935987197439484,0.20512173073715287
2.9955991198239644,0.06508337429875655
2.9975995199039804,0.38383659183794133
2.9995999199839964,0.05196004030294338
3.0016003200640125,0.2810888144991194
3.0036007201440285,0.40350077311503607
3.0056011202240445,0.2570372437932574
3.0076015203040605,0.34594351949342594
3.0096019203840765,0.22613119112780533
3.0116023204640925,-0.2513279175643464
3.0136027205441085,0.38980301077978063
3.0156031206241245,0.2861325731318451
3.0176035207041405,0.06280486195230303
3.0196039207841565,0.004180756563443883
3.0216043208641725,0.14442062785165094
3.0236047209441885,-0.12214151558207217
3.0256051210242045,0.3043055887489309
3.0276055211042205,0.08353470575070551
3.0296059211842365,-0.06808376560185528
3.0316063212642526,0.24266254098882578
3.0336067213442686,0.20272637787582282
3.0356071214242846,0.26915754669489866
3.0376075215043006,-0.15309897921279447
3.0396079215843166,0.2491655753058306
3.0416083216643326,0.45712579134588793
3.0436087217443486,0.08925592869976098
3.0456091218243646,0.07456490456913067
3.0476095219043806,-0.18421599732024904
3.0496099219843966,0.10826836765824743
3.0516103220644126,-0.11478746857825464
3.0536107221444286,0.3213832509680413
3.0556111222244446,0.5711586758592466
3.0576115223044606,0.574232825677431
3.0596119223844767,-0.08932156648338992
3.0616123224644927,-0.0676425980091051
3.0636127225445087,0.19893303525855072
3.0656131226245247,0.029913905439032093
3.0676135227045407,0.07671546175296322
3.0696139227845567,0.5627851185430117
3.0716143228645727,-0.14683524285193328
3.0736147229445887,0.12125880636037722
3.0756151230246047,0.14207700365834264
3.0776155231046207,0.27394571248899724
3.0796159231846367,-0.11058865616820196
3.0816163232646527,0.35662052365148156
3.0836167233446687,0.11043033362485632
3.0856171234246847,-0.10980816318671836
3.0876175235047008,0.01782129675400538
3.0896179235847168,0.2524571368751759
3.0916183236647328,0.4664770501635691
3.0936187237447488,-0.02232078429127248
3.095619123824765,0.46917031315472185
3.097619523904781,0.2924283698147216
3.099619923984797,-0.06016918799738591
3.101620324064813,0.16044895796626932
3.103620724144829,0.21237706893646977
3.105621124224845,-0.011974627426078285
3.107621524304861,-0.09491118533374343
3.109621924384877,0.005247164763701011
3.111622324464893,-0.047503926241441466
3.113622724544909,0.08317259949560184
3.115623124624925,0.46249279723195097
3.117623524704941,0.1157046226739931
3.119623924784957,0.3837300354333579
3.121624324864973,0.13365311088796702
3.123624724944989,0.5966376787916179
3.125625125025005,-0.14674694735836322
3.127625525105021,-0.39917241750645766
3.129625925185037,0.066604485532138
3.131626325265053,0.08983132715101798
3.133626725345069,0.3232079016307922
3.135627125425085,0.38685755519390214
3.137627525505101,-0.3078571397280782
3.139627925585117,-0.03248024037574046
3.141628325665133,0.027768408366086062
3.143628725745149,-0.23276168916713932
3.145629125825165,-0.032011880071464494
3.147629525905181,0.21213506813853775
3.149629925985197,0.22443865874863153
3.151630326065213,0.06486288832016561
3.153630726145229,0.3271667175526787
3.155631126225245,0.05566037317087659
3.157631526305261,0.23979325695918768
3.159631926385277,-0.18571483538984845
3.161632326465293,-0.17449103305433894
3.163632726545309,0.3933908217612744
3.165633126625325,-0.12160593273954899
3.167633526705341,0.17669056277744288
3.169633926785357,-0.13343386308312025
3.171634326865373,0.048000424235116884
3.173634726945389,-0.05919400668753551
3.175635127025405,0.1091908640225776
3.177635527105421,0.1061321461129551
3.179635927185437,-0.1703414163393863
3.181636327265453,0.10994569796131903
3.183636727345469,-0.27053059290891146
3.185637127425485,0.301124184887246
3.187637527505501,0.025819211944153576
3.189637927585517,-0.6535868331378776
3.191638327665533,-0.31172355789835016
3.193638727745549,0.08485566109601259
3.195639127825565,0.13810605435860063
3.197639527905581,-0.13416169051742355
3.199639927985597,-0.026609234940137852
3.201640328065613,0.08511616721140723
3.203640728145629,0.20021804203843693
3.205641128225645,0.1175660201627477
3.207641528305661,-0.17807876721036628
3.209641928385677,0.20486022191667835
3.211642328465693,-0.5046576619490007
3.213642728545709,-0.1279502576295062
3.215643128625725,0.050025861850741704
3.217643528705741,-0.3171893043504386
3.2196439287857572,-0.06697859090008357
3.2216443288657732,0.030695321167685502
3.2236447289457892,-0.2371156711497044
3.2256451290258052,-0.04586392671348427
3.2276455291058213,-0.33052096684139914
3.2296459291858373,0.11318635639041866
3.2316463292658533,0.016735721433984566
3.2336467293458693,0.05582399177323892
3.2356471294258853,-0.10779029141329413
3.2376475295059013,-0.4290986310577301
3.2396479295859173,-0.12444390482003871
3.2416483296659333,0.24534082920366485
3.2436487297459493,0.10139555322201867
3.2456491298259653,0.245191909733606
3.2476495299059813,-0.09479403485347303
3.2496499299859973,-0.24622829103583166
3.2516503300660133,0.007488404563113116
3.2536507301460293,-0.15024497007785448
3.2556511302260454,-0.22540244799843664
3.2576515303060614,-0.462750708148307
3.2596519303860774,-0.05093304972430597
3.2616523304660934,0.06763343696576785
3.2636527305461094,-0.3547199682605896
3.2656531306261254,0.1740996224323329
3.2676535307061414,-0.07579543279394556
3.2696539307861574,-0.10564394922012377
3.2716543308661734,-0.37357377475525855
3.2736547309461894,-0.026178090096136822
3.2756551310262054,-0.36420566950372923
3.2776555311062214,-0.32663007930802646
3.2796559311862374,-0.4721067526394837
3.2816563312662534,0.400474495062348
3.2836567313462695,-0.15122534419523836
3.2856571314262855,-0.26550280527411396
3.2876575315063015,-0.15391543133626226
3.2896579315863175,-0.2479309840285894
3.2916583316663335,-0.18533729603029148
3.2936587317463495,-0.07711136883427938
3.2956591318263655,-0.23471540227255983
3.2976595319063815,-0.1306331941763916
3.2996599319863975,0.309181020325619
3.3016603320664135,-0.5260666517580463
3.3036607321464295,-0.3890347246445349
3.3056611322264455,-0.06462612411318208
3.3076615323064615,0.1083802476274695
3.3096619323864775,0.43116700153483023
3.3116623324664936,-0.08634875930294465
3.3136627325465096,-0.4150308709843646
3.3156631326265256,0.1278746127561364
3.3176635327065416,-0.1502421813196353
3.3196639327865576,-0.15994074199137878
3.3216643328665736,-0.5676873051788545
3.3236647329465896,0.05263880690342587
3.3256651330266056,-0.3672789074459504
3.3276655331066216,-0.07162071605064903
3.3296659331866376,-0.1735135082828869
3.3316663332666536,-0.14903120030014605
3.3336667333466696,-0.1805198207405809
3.3356671334266856,-0.34367010472951703
3.3376675335067016,-0.36302557523765844
3.3396679335867177,-0.007236338714478957
3.3416683336667337,-0.2019046819195437
3.3436687337467497,-0.3316742860666504
3.3456691338267657,-0.30513918700438947
3.3476695339067817,-0.0670224725337723
3.3496699339867977,-0.3421978375607496
3.3516703340668137,0.11064074793375278
3.3536707341468297,-0.24161293351939023
3.3556711342268457,-0.28235587808642604
3.3576715343068617,-0.090828045154842
3.3596719343868777,-0.27318386295616803
3.3616723344668937,-0.14196402047037496
3.3636727345469097,-0.2313873614840347
3.3656731346269257,-0.5693982614353561
3.3676735347069418,-0.43761639209842246
3.3696739347869578,-0.1675436111169213
3.3716743348669738,-0.31826157363772367
3.3736747349469898,0.18174787670044917
3.375675135027006,-0.3893147228833891
3.377675535107022,-0.4957381534749734
3.379675935187038,-0.22791041443142543
3.381676335267054,-0.18759413891997362
3.38367673534707,-0.06301879499244992
3.385677135427086,-0.7426656665091824
3.387677535507102,0.05788850907994483
3.389677935587118,-0.5073123200815624
3.391678335667134,-0.029642530097403474
3.39367873574715,0.14207641280185748
3.395679135827166,-0.10201725641120427
3.397679535907182,-0.482648514312072
3.399679935987198,-0.2938315733925158
3.401680336067214,-0.10604690785353416
3.40368073614723,-0.2524528514645012
3.405681136227246,-0.4708691145773263
3.407681536307262,-0.24299212580486285
3.409681936387278,-0.3682309777763767
3.411682336467294,-0.14642655106652613
3.41368273654731,-0.48109086633968157
3.415683136627326,-0.6575012015788209
3.417683536707342,-0.4759127902206861
3.419683936787358,-0.6156230130700238
3.421684336867374,-0.40210619486226273
3.42368473694739,-0.14414542848868808
3.425685137027406,-0.3590742496579605
3.427685537107422,-0.2870617042332372
3.429685937187438,-0.4851250560835871
3.431686337267454,-0.2820739087111053
3.43368673734747,-0.47916287354065934
3.435687137427486,-0.527629877644372
3.437687537507502,-0.3369522460607243
3.439687937587518,-0.42898309085397535
3.441688337667534,-0.858449359613906
3.44368873774755,-0.3133898713353496
3.445689137827566,-0.4942885844634886
3.447689537907582,-0.5099026242712121
3.449689937987598,-0.02406417907755165
3.451690338067614,-0.13438853541769435
3.45369073814763,-0.23207657879960492
3.455691138227646,-0.29690884949396695
3.457691538307662,-0.18968591261429724
3.459691938387678,-0.39125243824040284
3.461692338467694,-0.29883459390555167
3.46369273854771,-0.3972974237894913
3.465693138627726,-0.2960049664923653
3.467693538707742,-0.2632557072575612
3.469693938787758,-0.27761462204221843
3.471694338867774,-0.39763135308632575
3.47369473894779,-0.18788184162250615
3.475695139027806,-0.3684010732775358
3.477695539107822,-0.37544185415412856
3.479695939187838,-0.6959646437080538
3.481696339267854,-0.5038538590884892
3.48369673934787,-0.16228860716144272
3.485697139427886,-0.18062325648795158
3.487697539507902,-0.3436381941155018
3.489697939587918,-0.4527654409763671
3.491698339667934,-0.31270188081130834
3.49369873974795,-0.8237686936045081
3.495699139827966,-0.31881105529946907
3.497699539907982,-0.5980269295867844
3.499699939987998,-0.3686705530498756
3.5017003400680142,-0.30988906474024813
3.5037007401480302,-0.42417130118544877
3.5057011402280462,-0.2068012292005623
3.5077015403080622,-0.48439222721403963
3.5097019403880783,-0.5055737759458724
3.5117023404680943,-0.23685445546833508
3.5137027405481103,-0.43561345508326205
3.5157031406281263,-0.09609943099249019
3.5177035407081423,-0.3645992102185622
3.5197039407881583,-0.25890938244242195
3.5217043408681743,-0.18477231817297513
3.5237047409481903,-0.3872041801320141
3.5257051410282063,-0.6801556959626305
3.5277055411082223,-0.25109101275641577
3.5297059411882383,-0.1398770301249054
3.5317063412682543,-0.43340650020820265
3.5337067413482703,-0.18360678991346865
3.5357071414282863,-0.617595694768527
3.5377075415083024,-0.3559135493672461
3.5397079415883184,-0.44485364573663166
3.5417083416683344,-0.7049017297630262
3.5437087417483504,-0.31171416748359376
3.5457091418283664,-0.5708235914862674
3.5477095419083824,-0.3197602000623659
3.5497099419883984,-0.596470375467964
3.5517103420684144,-0.7334790373479321
3.5537107421484304,-0.5433945271757512
3.5557111422284464,-0.19535375910576253
3.5577115423084624,-0.43619926454910674
3.5597119423884784,-0.3989100693273238
3.5617123424684944,-0.3799434109518146
3.5637127425485104,-0.389349902179851
3.5657131426285265,-0.036676167681283345
3.5677135427085425,-0.4216505710760322
3.5697139427885585,-0.79628184808904
3.5717143428685745,-0.49136358313960915
3.5737147429485905,-0.4051324632662023
3.5757151430286065,-0.6727874475019068
3.5777155431086225,-0.47002459963796916
3.5797159431886385,-0.4693010520546945
3.5817163432686545,-0.07087410082669177
3.5837167433486705,-0.5633908755880566
3.5857171434286865,-0.23974465221931626
3.5877175435087025,-0.4606646698378075
3.5897179435887185,-0.2612576259178396
3.5917183436687345,-0.15594072466496023
3.5937187437487506,-0.36063610811976066
3.5957191438287666,-0.45017636106328657
3.5977195439087826,-0.2107651329117866
3.5997199439887986,-0.7349232601227016
3.6017203440688146,-0.4094119138473154
3.6037207441488306,-0.6951389314366231
3.6057211442288466,-0.2876714353873375
3.6077215443088626,-0.42975559050996426
3.6097219443888786,-0.4656917426473595
3.6117223444688946,-0.527006842939038
3.6137227445489106,-0.3194408021907398
3.6157231446289266,-0.8140099959400577
3.6177235447089426,-0.07781815813961046
3.6197239447889586,-0.4885817009688956
3.6217243448689747,-0.7218734312916868
3.6237247449489907,-0.9894614974984635
3.6257251450290067,-0.49909382965934085
3.6277255451090227,-0.42116605063712964
3.6297259451890387,-0.40790904249489357
3.6317263452690547,-0.7608188150479889
3.6337267453490707,-0.718487363745408
3.6357271454290867,-0.20304682020762432
3.6377275455091027,-0.7865437242593513
3.6397279455891187,-0.45552618200750755
3.6417283456691347,-0.5565974789438572
3.6437287457491507,-0.5884833199021793
3.6457291458291667,-0.5378487809353374
3.6477295459091827,-0.5927202151998564
3.649729945989197,-0.601137656723339
3.651730346069213,-0.2885629453206424
3.653730746149229,-0.570801621311356
3.655731146229245,-0.7355117451083031
3.657731546309261,-0.5103020091918311
3.659731946389277,-0.7070282791878602
3.661732346469293,-0.7144358978940423
3.663732746549309,-0.2076867684516604
3.665733146629325,-0.537104405539068
3.667733546709341,-0.7576851732741376
3.669733946789357,-0.5245168809402909
3.671734346869373,-0.4928920431521777
3.673734746949389,-0.5487949656673615
3.675735147029405,-0.6067969802992081
3.677735547109421,-0.7882772991047993
3.679735947189437,-0.5956697590222524
3.681736347269453,-0.6730541512453906
3.683736747349469,-0.5403761062087334
3.685737147429485,-0.43315297121457086
3.687737547509501,-0.1691133537483398
3.689737947589517,-0.36614099895625635
3.691738347669533,-1.0657518281089975
3.693738747749549,-0.48003963566283053
3.695739147829565,-0.22306377524731413
3.697739547909581,-0.5564101236285824
3.699739947989597,-0.21849858162850722
3.701740348069613,-0.7522422230580015
3.703740748149629,-0.7085062741754644
3.705741148229645,-0.568499590508153
3.707741548309661,-0.5656251087202903
3.709741948389677,-0.37073069320193663
3.711742348469693,-0.5393702240891699
3.713742748549709,-0.5632324052230148
3.715743148629725,-0.047865126015948056
3.717743548709741,-0.7003186674025381
3.7197439487897572,-0.28874417171998784
3.7217443488697732,-0.4650291129887699
3.7237447489497892,-0.6231319522495529
3.7257451490298052,-0.4997290394866051
3.7277455491098213,-0.7166668801729374
3.7297459491898373,-0.5375778265396415
3.7317463492698533,-0.5572828089164059
3.7337467493498693,-0.4628843992670237
3.7357471494298853,-0.5831575022474758
3.7377475495099013,-0.2282307713635559
3.7397479495899173,-0.7395830985567112
3.7417483496699333,-0.7025011298485027
3.7437487497499493,-0.5185749771447081
3.7457491498299653,-0.7291893780221157
3.7477495499099813,-0.4351198546357217
3.7497499499899973,-0.30848203007915564
3.7517503500700133,-0.676915585951371
3.7537507501500293,-0.5570107073975338
3.7557511502300454,-0.44533057287801925
3.7577515503100614,-0.4012401480118919
3.7597519503900774,0.1160284424807484
3.7617523504700934,-0.8526801009295193
3.7637527505501094,-0.2839560230178465
3.7657531506301254,-0.7129147681541677
3.7677535507101414,-0.7060707295753509
3.7697539507901574,-0.5590591151613287
3.7717543508701734,-0.5768533916039645
3.7737547509501894,-0.34072308567265774
3.7757551510302054,-0.8866066502395491
3.7777555511102214,-1.1893221751286354
3.7797559511902374,-0.20895608597140936
3.7817563512702534,-0.8853296235895376
3.7837567513502695,-0.39791882841675763
3.7857571514302855,-0.321580922052158
3.7877575515103015,-0.3752041887576266
3.7897579515903175,-0.5014386527102056
3.7917583516703335,-0.45615338956025064
3.7937587517503495,-0.7114293925279774
3.7957591518303655,-0.991367692821714
3.7977595519103815,-0.679595717586194
3.7997599519903975,-0.7203925887928728
3.8017603520704135,-0.8021658660034465
3.8037607521504295,-0.6049171695914813
3.8057611522304455,-1.0062796998186583
3.8077615523104615,-0.3670906040929598
3.8097619523904775,-0.6334731503723475
3.8117623524704936,-0.7199337580582519
3.8137627525505096,-0.6845905083392001
3.8157631526305256,-0.655537755406843
3.8177635527105416,-0.8330720828796662
3.8197639527905576,-0.8353611304784012
3.8217643528705736,-0.8904573694962579
3.8237647529505896,-0.9143426786541189
3.8257651530306056,-0.803246494676675
3.8277655531106216,-0.6630487963779241
3.8297659531906376,-0.41491432487893576
3.8317663532706536,-0.9519414502182871
3.8337667533506696,-0.4551341478890473
3.8357671534306856,-0.9614411594446381
3.8377675535107016,-0.6219983533986017
3.8397679535907177,-0.9462345698826442
3.8417683536707337,-0.8972713353164152
3.8437687537507497,-0.582621357107702
3.8457691538307657,-0.5864373701268999
3.8477695539107817,-0.49913535889635585
3.8497699539907977,-0.836766828128596
3.8517703540708137,-0.4526335212450059
3.8537707541508297,-0.3408199723015817
3.8557711542308457,-0.6083675374387968
3.8577715543108617,-1.0138559037812396
3.8597719543908777,-1.043832435063176
3.8617723544708937,-0.6289173083272713
3.8637727545509097,-0.7754666373420823
3.8657731546309257,-0.8616499977435648
3.8677735547109418,-0.6974446281336708
3.8697739547909578,-0.7371199141630088
3.8717743548709738,-0.6990677248394017
3.8737747549509898,-0.8445760623160224
3.875775155031006,-0.2740789792338672
3.877775555111022,-0.8889341436715726
3.879775955191038,-0.7267892528879561
3.881776355271054,-1.0827696522795984
3.88377675535107,-0.9071897935064619
3.885777155431086,-0.937658483240321
3.887777555511102,-0.7864566378035718
3.889777955591118,-0.7300887086663072
3.891778355671134,-0.7661420216023224
3.89377875575115,-0.7926435276259546
3.895779155831166,-0.6418453594965103
3.897779555911182,-0.6279592987008805
3.899779955991198,-1.1639430918814735
3.901780356071214,-0.47752995957507827
3.90378075615123,-0.6382583716387311
3.905781156231246,-1.0837975515698703
3.907781556311262,-0.5136640832108053
3.909781956391278,-0.49089314509935716
3.911782356471294,-1.0939802917565853
3.91378275655131,-0.7601598113516504
3.915783156631326,-0.6463850553934536
3.917783556711342,-0.4866093003061849
3.919783956791358,-0.6037124673329748
3.921784356871374,-0.8160366901571797
3.92378475695139,-0.9213424049551846
3.925785157031406,-1.0019718717042416
3.927785557111422,-0.8933152498040537
3.929785957191438,-0.6015273740635021
3.931786357271454,-0.5262945543347238
3.93378675735147,-0.787345437689709
3.935787157431486,-0.4940161797981743
3.937787557511502,-0.6331369446665864
3.939787957591518,-0.21047869913058237
3.941788357671534,-1.083990061977898
3.94378875775155,-0.7625974752086664
3.945789157831566,-0.6778329789767009
3.947789557911582,-0.3521392049334532
3.949789957991598,-1.013994486455767
3.951790358071614,-0.9176269515873914
3.95379075815163,-0.7147933060006316
3.955791158231646,-0.9718197172745007
3.957791558311662,-0.778247496706951
3.959791958391678,-1.0570039134693632
3.961792358471694,-0.49223796025826483
3.96379275855171,-0.39681305942207507
3.965793158631726,-0.39094370634357195
3.967793558711742,-0.7047105231553145
3.969793958791758,-0.7016648002456154
3.971794358871774,-0.7405099311903562
3.97379475895179,-0.5672104606566459
3.975795159031806,-0.4884871446198293
3.977795559111822,-0.5994388121056209
3.979795959191838,-0.6949263311652453
3.981796359271854,-0.6036946285389825
3.98379675935187,-0.7482141654178692
3.985797159431886,-1.0157169841441567
3.987797559511902,-0.8670766946046938
3.989797959591918,-0.7075039177265039
3.991798359671934,-0.9254928879818213
3.99379875975195,-0.9406810220955926
3.995799159831966,-0.6304161447385588
3.997799559911982,-0.6192636278071004
3.999799959991998,-0.6975356086139195
4.001800360072014,-0.8575250717425738
4.00380076015203,-0.8268101791657122
4.005801160232046,-0.6205730145780542
4.007801560312062,-0.9422098937310459
4.009801960392078,-1.0541524615625948
4.011802360472094,-0.6630249796083447
4.01380276055211,-0.7896321793294848
4.015803160632126,-0.5055939850383075
4.017803560712142,-0.9813715967494026
4.019803960792158,-0.5546607494710701
4.021804360872174,-0.8876313854244566
4.02380476095219,-0.615728465710228
4.025805161032206,-1.0310947709087366
4.027805561112222,-1.0957107590882085
4.029805961192238,-0.7057629159751577
4.031806361272254,-0.8322423930915243
4.03380676135227,-0.7465954597353682
4.035807161432286,-0.974831384511074
4.037807561512302,-0.7153526523586623
4.039807961592318,-0.5274325951496421
4.041808361672334,-0.5641279538069822
4.04380876175235,-0.9196470298146764
4.045809161832366,-1.0371963597277924
4.047809561912382,-0.7877895726232232
4.049809961992398,-0.6189119023995161
4.051810362072414,-1.1272606652758952
4.05381076215243,-0.6689822640021994
4.055811162232446,-0.39002925068398286
4.057811562312462,-0.6653762412356009
4.059811962392478,-1.10562335868683
4.061812362472494,-1.0222831727119313
4.0638127625525104,-0.9349335818814177
4.0658131626325265,-0.8271557399552191
4.0678135627125425,-0.729552630379647
4.0698139627925585,-0.6564645261388334
4.0718143628725745,-0.8614474849781221
4.0738147629525905,-0.7517407378185704
4.0758151630326065,-1.0204167734488159
4.0778155631126225,-0.9465229051840631
4.0798159631926385,-0.6295167963717211
4.0818163632726545,-0.717261460228319
4.0838167633526705,-0.69347800504967
4.0858171634326865,-1.0179035559793879
4.0878175635127025,-0.8187947718626728
4.0898179635927185,-0.7953130591331647
4.0918183636727345,-0.7489554699376602
4.0938187637527506,-0.6112559001387003
4.095819163832767,-0.8068416434636848
4.097819563912783,-0.4989552245861324
4.099819963992799,-1.2112193354828995
4.101820364072815,-0.8809793195885773
4.103820764152831,-0.6139908656487143
4.105821164232847,-0.9708911835798653
4.107821564312863,-0.6560018226041524
4.109821964392879,-0.8043072611301665
4.111822364472895,-0.44537113666989775
4.113822764552911,-0.8563777113634988
4.115823164632927,-0.8551028094885084
4.117823564712943,-0.4681538435825446
4.119823964792959,-0.9018017506065812
4.121824364872975,-0.6193760388150507
4.123824764952991,-0.770222491103111
4.125825165033007,-0.6154137793356667
4.127825565113023,-0.903767812962883
4.129825965193039,-0.8563612161913117
4.131826365273055,-0.9096591645580878
4.133826765353071,-1.23201997570269
4.135827165433087,-0.8913544735800261
4.137827565513103,-0.19903046813352565
4.139827965593119,-0.9869834957438528
4.141828365673135,-0.8124049549178513
4.143828765753151,-0.6044439836188713
4.145829165833167,-0.7394473957804963
4.147829565913183,-0.8603380024407796
4.149829965993199,-1.0247406431746344
4.151830366073215,-0.5584888738053797
4.153830766153231,-0.6262960512979312
4.155831166233247,-0.5653705350998368
4.157831566313263,-0.5864261992588085
4.159831966393279,-1.1366893654479204
4.161832366473295,-0.9225939790649655
4.163832766553311,-0.7910840539893274
4.165833166633327,-1.044556489260167
4.167833566713343,-0.9813902184697872
4.169833966793359,-0.7282770459203491
4.171834366873375,-0.7375538276254082
4.173834766953391,-0.5062754085671304
4.175835167033407,-1.0037226852761723
4.177835567113423,-1.0465005850950533
4.179835967193439,-0.4418846935582966
4.181836367273455,-0.9116730069175838
4.183836767353471,-1.2435714097627693
4.185837167433487,-0.7846151322159969
4.187837567513503,-1.0805493721152257
4.189837967593519,-0.9438041702991173
4.191838367673535,-1.1510740664803438
4.193838767753551,-0.6462438677084396
4.195839167833567,-0.7878862098596827
4.197839567913583,-1.1284519714139962
4.199839967993599,-0.8318276675180035
4.201840368073615,-0.73825734666674
4.203840768153631,-0.9157835072903999
4.205841168233647,-0.5433484913826276
4.207841568313663,-0.6670952114375837
4.209841968393679,-0.9727209158891718
4.211842368473695,-0.9226610623618136
4.213842768553711,-1.1256025394150537
4.215843168633727,-1.2185590301826696
4.217843568713743,-1.054254904778981
4.219843968793759,-1.0216830984665037
4.221844368873775,-0.6167815437827757
4.223844768953791,-1.1579679821706907
4.225845169033807,-0.86448419816962
4.227845569113823,-0.841985295215566
4.229845969193839,-1.0272427335809944
4.231846369273855,-0.6828446495693372
4.233846769353871,-0.9501810456247196
4.235847169433887,-1.007118026203976
4.237847569513903,-0.5610376896106578
4.239847969593919,-1.0588074255756663
4.241848369673935,-0.7356275251449912
4.243848769753951,-1.0057795539449272
4.245849169833967,-1.1361681308733447
4.247849569913983,-0.9601138456659938
4.249849969993999,-0.4237717198117842
4.251850370074015,-1.1845713766724468
4.253850770154031,-1.0367817878068106
4.255851170234047,-0.6517662695332567
4.257851570314063,-1.086427588905304
4.259851970394079,-1.0197252369331853
4.261852370474095,-0.873279977920146
4.263852770554111,-0.9460542090122679
4.265853170634127,-0.8001764390314308
4.267853570714143,-0.9553592233462498
4.269853970794159,-0.9025136613950978
4.271854370874175,-0.9306700830316291
4.273854770954191,-1.0688964413457474
4.275855171034207,-1.2762545495295265
4.277855571114223,-0.5226886798748567
4.279855971194239,-1.0736049656464752
4.281856371274255,-1.0624774290152423
4.283856771354271,-0.8698975171757675
4.285857171434287,-1.1172891222196315
4.287857571514303,-0.7280836874505661
4.289857971594319,-0.8611319020517316
4.291858371674335,-0.9671194740527425
4.293858771754351,-1.013622448225408
4.295859171834367,-1.1545900813959338
4.297859571914383,-0.8526396686758972
4.299859971994399,-0.8888702505177668
4.301860372074415,-1.0461119190857784
4.303860772154431,-0.8128888836329047
4.305861172234447,-0.6023934872673374
4.307861572314463,-0.9163486349091603
4.309861972394479,-0.9695213886220886
4.311862372474495,-1.1129828175068002
4.313862772554511,-0.9534530705402973
4.315863172634527,-1.006288119719705
4.317863572714543,-1.132486557913223
4.319863972794559,-0.8336970543840323
4.321864372874575,-0.8700298544766114
4.323864772954591,-0.9101899994719899
4.325865173034607,-0.9986675633562326
4.327865573114623,-0.7426898097246117
4.329865973194639,-1.2777867045859947
4.331866373274655,-1.2690918451051894
4.333866773354671,-0.8841153327023773
4.335867173434687,-0.6770724578185146
4.337867573514703,-0.9065786908838871
4.339867973594719,-0.9059929733188583
4.341868373674735,-1.1415813441800913
4.3438687737547514,-1.3617561867355223
4.3458691738347675,-1.1285070202780616
4.3478695739147835,-0.8054390147476373
4.3498699739947995,-1.249508639436858
4.3518703740748155,-1.1060844584507976
4.3538707741548315,-1.2496533355395303
4.3558711742348475,-1.1181601522133282
4.3578715743148635,-0.7098231731367772
4.3598719743948795,-1.0596918004318525
4.3618723744748955,-0.7563232020952022
4.3638727745549115,-1.056086417164786
4.3658731746349275,-0.6523199713412953
4.3678735747149435,-0.8714286640471696
4.3698739747949595,-1.0340613458590904
4.3718743748749755,-0.9749499048190217
4.3738747749549916,-1.2315579861518584
4.375875175035008,-1.046116264814859
4.377875575115024,-0.6604566759548893
4.37987597519504,-0.8733633860404102
4.381876375275056,-1.3634280840159216
4.383876775355072,-0.9807402610858905
4.385877175435088,-0.9135549723830598
4.387877575515104,-0.7976930966908582
4.38987797559512,-1.023412812398308
4.391878375675136,-0.9730843131714896
4.393878775755152,-0.7431540927801894
4.395879175835168,-0.9989779033418376
4.397879575915184,-1.0966879551495916
4.3998799759952,-0.7844172533423712
4.401880376075216,-0.7812935598389059
4.403880776155232,-1.384952199652453
4.405881176235248,-0.9016057558850435
4.407881576315264,-1.155469902658154
4.40988197639528,-0.8746103524380134
4.411882376475296,-0.7646694570639023
4.413882776555312,-0.8319278027563795
4.415883176635328,-0.812774325482652
4.417883576715344,-1.0890174773548302
4.41988397679536,-1.049039674429828
4.421884376875376,-0.8395618245083635
4.423884776955392,-0.9444836092437662
4.425885177035408,-1.267924767304251
4.427885577115424,-0.7815178887102585
4.42988597719544,-1.2530421011889394
4.431886377275456,-0.8959636790601597
4.433886777355472,-0.920014540822878
4.435887177435488,-0.7257008196420693
4.437887577515504,-1.0097152242422185
4.43988797759552,-1.368893354410925
4.441888377675536,-0.9349784042482512
4.443888777755552,-0.8976494095416861
4.445889177835568,-0.7499737410276187
4.447889577915584,-1.0708044329143396
4.4498899779956,-0.8251055382788351
4.451890378075616,-0.7868549437517909
4.453890778155632,-1.113206073662543
4.455891178235648,-0.9038840668562332
4.457891578315664,-1.2621842477174054
4.45989197839568,-0.8554709878793457
4.461892378475696,-0.9243120691986249
4.463892778555712,-1.2170226038318435
4.465893178635728,-1.0491602757166967
4.467893578715744,-0.7532716876888096
4.46989397879576,-0.9307722074090358
4.471894378875776,-1.1077795228885154
4.473894778955792,-1.125251572042411
4.475895179035808,-0.7715324788757909
4.477895579115824,-1.0708399472425312
4.47989597919584,-0.9289720596175044
4.481896379275856,-1.056148820348892
4.483896779355872,-1.4164487925370688
4.485897179435888,-1.1051075342968748
4.487897579515904,-0.7473145302701559
4.48989797959592,-0.5465612491147178
4.491898379675936,-1.1304643961965823
4.493898779755952,-0.9095607250521961
4.495899179835968,-0.5109081577451255
4.497899579915984,-0.7368945025766861
4.499899979996,-1.2199622596955932
4.501900380076016,-1.0308460172821623
4.503900780156032,-0.9268084150918323
4.505901180236048,-0.7242145113312733
4.507901580316064,-1.21981495124477
4.50990198039608,-0.8247261484263669
4.511902380476096,-0.8392564618309363
4.513902780556112,-1.0411625299344884
4.515903180636128,-0.5519291085043241
4.517903580716144,-1.1634233740682451
4.51990398079616,-0.908712631730729
4.521904380876176,-0.9420321291819294
4.523904780956192,-0.9070879791914133
4.525905181036208,-0.7515665412371829
4.527905581116224,-1.251565431353921
4.52990598119624,-0.9516914630361716
4.531906381276256,-0.5898507731866557
4.533906781356272,-0.8244664705292303
4.535907181436288,-1.1166419235942724
4.537907581516304,-1.1448193172301568
4.53990798159632,-0.881606911087378
4.541908381676336,-1.0833659402235332
4.543908781756352,-1.0144041390303278
4.545909181836368,-1.1348659809885373
4.547909581916384,-0.5717123348192539
4.5499099819964,-0.9175384224358502
4.551910382076416,-0.9765969909162371
4.553910782156432,-1.3139497380750718
4.555911182236448,-1.1528853116650613
4.557911582316464,-1.0002812257622131
4.559911982396478,-1.0003478045849523
4.561912382476494,-0.6565214601700551
4.5639127825565105,-0.9642421442831641
4.5659131826365265,-0.781631863695764
4.5679135827165425,-0.9537216181832231
4.5699139827965585,-0.8176662923645883
4.5719143828765745,-1.323744034430682
4.5739147829565905,-1.241727435823122
4.5759151830366065,-0.8059404122518726
4.5779155831166225,-0.6916639277868695
4.5799159831966385,-1.332529988149802
4.5819163832766545,-0.9890609655542776
4.5839167833566705,-1.2916714353340606
4.5859171834366865,-1.1248468798672224
4.5879175835167025,-1.3724322235344988
4.5899179835967185,-1.0161977717048323
4.5919183836767345,-1.0296497042930293
4.593918783756751,-1.0323119700480052
4.595919183836767,-1.0517559861571306
4.597919583916783,-0.8664733493941833
4.599919983996799,-0.6507898635279752
4.601920384076815,-1.2356579401993621
4.603920784156831,-1.1622247486862314
4.605921184236847,-0.9684586859884486
4.607921584316863,-1.048154377987149
4.609921984396879,-1.0580789968675897
4.611922384476895,-1.2574436683508698
4.613922784556911,-1.0863022634751107
4.615923184636927,-1.084494460787636
4.617923584716943,-0.9517796695873909
4.619923984796959,-1.1772205513668832
4.621924384876975,-0.8174385396360879
4.623924784956991,-1.249030116405865
4.625925185037007,-0.6854278577764146
4.627925585117023,-1.1599802125274503
4.629925985197039,-0.7081456357484627
4.631926385277055,-1.1467467178499595
4.633926785357071,-0.8308090604747741
4.635927185437087,-1.0700481190085462
4.637927585517103,-0.9811113175465068
4.639927985597119,-0.8770086050040079
4.641928385677135,-1.064231109162174
4.643928785757151,-1.3783235505785114
4.645929185837167,-1.124988210148359
4.647929585917183,-1.0990272024546273
4.649929985997199,-0.6523445107284842
4.651930386077215,-1.0076154456148818
4.653930786157231,-0.9641699362664116
4.655931186237247,-1.0215303848945412
4.657931586317263,-0.9549331306893698
4.659931986397279,-1.2461799961270876
4.661932386477295,-1.1361373242129233
4.663932786557311,-0.8663199682043077
4.665933186637327,-1.0435626633307136
4.667933586717343,-1.0192722539820827
4.669933986797359,-1.003137374258187
4.671934386877375,-0.8615635433880833
4.673934786957391,-1.1274269190755906
4.675935187037407,-0.9793507649750802
4.677935587117423,-1.4300558976246571
4.679935987197439,-1.3218414530674898
4.681936387277455,-1.049269759765121
4.683936787357471,-1.2206448823137601
4.685937187437487,-0.8029962653389631
4.687937587517503,-1.2133223854903639
4.689937987597519,-1.025304115753077
4.691938387677535,-0.8393052656913299
4.693938787757551,-0.9011753685034682
4.695939187837567,-1.108811509416184
4.697939587917583,-1.0778738091658158
4.699939987997599,-0.9049852254939545
4.701940388077615,-0.8385683781440237
4.703940788157631,-0.7005772755658477
4.705941188237647,-0.8389389416858154
4.707941588317663,-0.8629139867894486
4.709941988397679,-0.9314754976472542
4.711942388477695,-0.9758281384825614
4.713942788557711,-1.0741808494525271
4.715943188637727,-0.9003028424828156
4.717943588717743,-1.047274845724334
4.719943988797759,-0.8606747141635822
4.721944388877775,-0.8554831749526386
4.723944788957791,-0.9058878397501019
4.725945189037807,-1.1243625523943148
4.727945589117823,-1.0175359295281812
4.729945989197839,-0.7830751106600242
4.731946389277855,-1.3411910639956193
4.733946789357871,-0.9617520705603312
4.735947189437887,-0.8483113994399246
4.737947589517903,-0.9127489731718992
4.739947989597919,-0.5857480181902155
4.741948389677935,-1.3219352162143898
4.743948789757951,-1.2362313304828945
4.745949189837967,-0.9629728387003669
4.747949589917983,-0.8129754217687033
4.749949989997999,-0.9878217772425423
4.751950390078015,-0.7356185035682223
4.753950790158031,-1.114585310748073
4.755951190238047,-1.053623940267032
4.757951590318063,-0.846425261202243
4.759951990398079,-1.0696176108952458
4.761952390478095,-0.8113952257485958
4.763952790558111,-0.8597190200171289
4.765953190638127,-1.0818326991960283
4.767953590718143,-0.9385451787154058
4.769953990798159,-1.0939463959577114
4.771954390878175,-1.1766777654462865
4.773954790958191,-1.076368638082173
4.775955191038207,-1.0338675272499147
4.777955591118223,-0.9755078710239119
4.779955991198239,-1.019453112463564
4.781956391278255,-1.348582756971836
4.783956791358271,-0.7992694785961036
4.785957191438287,-1.3377481032742287
4.787957591518303,-0.9593790374226671
4.789957991598319,-1.1451879562609673
4.791958391678335,-0.9676260855427011
4.793958791758351,-1.0415045083749832
4.795959191838367,-0.9269651200150936
4.797959591918383,-0.8922504854777146
4.799959991998399,-0.7885869185895877
4.801960392078415,-0.841362590626539
4.803960792158431,-0.9875329855118041
4.805961192238447,-0.8069846639558248
4.807961592318463,-1.0971997700896958
4.809961992398479,-0.6590623278698564
4.811962392478495,-1.113923295026379
4.813962792558511,-1.0888007086038707
4.815963192638527,-1.3580329390269714
4.817963592718543,-1.127981436981109
4.819963992798559,-1.04763045187118
4.821964392878575,-1.0484653041922565
4.823964792958591,-0.6572015550666671
4.825965193038607,-0.8765579320938085
4.827965593118623,-0.8055266855666723
4.829965993198639,-0.9930717142964701
4.831966393278655,-1.133076217026511
4.833966793358671,-0.5568394447828372
4.835967193438687,-1.0125585145059426
4.837967593518703,-0.8632303285216751
4.839967993598719,-1.181379591595048
4.841968393678735,-1.2257391428143019
4.8439687937587514,-0.6921915529265334
4.8459691938387675,-0.9045907150983296
4.8479695939187835,-1.0353136791212636
4.8499699939987995,-1.0282771642429631
4.8519703940788155,-1.1972960018858598
4.8539707941588315,-1.1022060224792443
4.8559711942388475,-0.9045664790623033
4.8579715943188635,-0.9802915584271665
4.8599719943988795,-0.8385669270997383
4.8619723944788955,-1.5369818797225145
4.8639727945589115,-0.9536730900415936
4.8659731946389275,-0.8322624404787174
4.8679735947189435,-1.429152056821128
4.8699739947989595,-1.1944105077693663
4.8719743948789755,-1.276502290335132
4.8739747949589916,-0.7276676986541322
4.875975195039008,-0.9722307136558811
4.877975595119024,-0.95809471780107
4.87997599519904,-0.7590966914409447
4.881976395279056,-1.007815615989991
4.883976795359072,-1.1152857314045295
4.885977195439088,-0.9507302118572378
4.887977595519104,-0.8985789420837849
4.88997799559912,-1.2104410992867942
4.891978395679136,-0.6706342123240522
4.893978795759152,-1.3622064474037656
4.895979195839168,-0.9179036385285446
4.897979595919184,-0.6480862247559025
4.8999799959992,-0.958248914073444
4.901980396079216,-1.3930541079964063
4.903980796159232,-0.6843825963872221
4.905981196239248,-1.0775623167402648
4.907981596319264,-0.8247568680669208
4.90998199639928,-0.8967569225172803
4.911982396479296,-0.983391289686901
4.913982796559312,-1.3915347214180191
4.915983196639328,-0.8979554157940828
4.917983596719344,-0.8313195555125772
4.91998399679936,-1.298725573243352
4.921984396879376,-0.643198522715024
4.923984796959392,-1.054932083503337
4.925985197039408,-0.6139945007906484
4.927985597119424,-0.8434444691876928
4.92998599719944,-0.9716844583781011
4.931986397279456,-0.9550334888766854
4.933986797359472,-0.7785809822851785
4.935987197439488,-0.6695087029870119
4.937987597519504,-1.1690335487077037
4.93998799759952,-1.0939252462192541
4.941988397679536,-0.642151811342042
4.943988797759552,-1.149733269498695
4.945989197839568,-0.9684108054911928
4.947989597919584,-1.1098319476092744
4.9499899979996,-0.824062535325922
4.951990398079616,-1.4641698401474819
4.953990798159632,-0.8240231061830441
4.955991198239648,-0.7384038686758079
4.957991598319664,-0.8384972765210837
4.95999199839968,-1.1357914793138895
4.961992398479696,-1.677674245868724
4.963992798559712,-1.1040106783209322
4.965993198639728,-0.8376588341260212
4.967993598719744,-0.9724230862009939
4.96999399879976,-0.7912412926618477
4.971994398879776,-1.0107370021428026
4.973994798959792,-1.0203429931095391
4.975995199039808,-0.6454191362998905
4.977995599119824,-1.1030284474590193
4.97999599919984,-0.835095089364738
4.981996399279856,-0.8070572293457036
4.983996799359872,-0.4890631126115156
4.985997199439888,-0.6316625596590302
4.987997599519904,-0.8524543527364625
4.98999799959992,-0.8197643030068431
4.991998399679936,-0.7087873680818948
4.993998799759952,-1.088927683131171
4.995999199839968,-0.6077641985499456
4.997999599919984,-0.9657290190364467
5.0,-0.8225764471159589
